id,clean_title,2_way_label,image_path
5cf49v,cassinis highestresolution photo of saturns moon enceladus,0,images/5cf49v.jpg
38l8b2,bus messages called offensive when read backwards,1,images/38l8b2.jpg
4vwjyd,bear trying to get a drink,0,images/4vwjyd.jpg
387psq,fifa to feature president mode allows you to control fifa set up tournaments offer bribes,0,images/387psq.jpg
11k5g7,mayoral candidate being a democrat is worse than being a black disabled onearmed drug addicted jewish queer who has a mexican boyfriend,1,images/11k5g7.jpg
c1m33s,my noodle shadow looks like a man,1,images/c1m33s.jpg
44zrj3,poster promoting the construction of new yorks laguardia airport as part of the new deal,0,images/44zrj3.jpg
1tj7rn,close up of a guys face under water,0,images/1tj7rn.jpg
cclh0xw,other discussions,0,images/cclh0xw.jpg
b0626j,my phone has this effect when i take a picture,1,images/b0626j.jpg
cd1rr8,bird by bird,1,images/cd1rr8.jpg
7j5utm,member of the village people and his partner at their secret garden wedding,0,images/7j5utm.jpg
b13pr3,first americans running onto normandy beach only to face one of several obstacles,0,images/b13pr3.jpg
ato3cf,this little upvote mushroom i found with my girlfriend last summer,1,images/ato3cf.jpg
67b97a,messi showing off his shirt to madrid fans,1,images/67b97a.jpg
9g2b4h,seven doggly sins sloth,0,images/9g2b4h.jpg
3m2j0q,edible water bottle to cause a splash at eu sustainability awards,1,images/3m2j0q.jpg
5qsj2t,karoly ferenc szabo distortions and half truths,0,images/5qsj2t.jpg
5fcqj7,alfa banks statement on foreign lobbyists raising money in the crucial swing state again,0,images/5fcqj7.jpg
7r3ywj,never tp,0,images/7r3ywj.jpg
cams14,this person in this ad looks like shaggy,1,images/cams14.jpg
b7v944,thank god they offered a third option,1,images/b7v944.jpg
7ik58w,millionyear old fossil looks like darth vader scientists say,1,images/7ik58w.jpg
9able5,john mccain has died,1,images/9able5.jpg
b82ack,signs of spring first bird poop on your windshield or flying cow,0,images/b82ack.jpg
7ndpp3,americans wake up in from collective bad dream,0,images/7ndpp3.jpg
au8bc9,new horizons spacecraft sends sharpest view of ultima thule,1,images/au8bc9.jpg
3vl7gc,cat displeased with bath,1,images/3vl7gc.jpg
6as4sq,elderly woman donates to help repair an anne frank memorial that was vandalized,1,images/6as4sq.jpg
58i3va,good samaritan helps save mans life using cpr she learned day before,1,images/58i3va.jpg
6n7z45,nelson centenarian reunites with brother after years i didnt know he was alive,1,images/6n7z45.jpg
555yh6,transcendental whistling now look what youve done,0,images/555yh6.jpg
crq4vs,a goat pipe at the ripleys believe it or not museum,1,images/crq4vs.jpg
73yp3l,stephen paddock opens fire on the crowd in las vegas,0,images/73yp3l.jpg
cjbixu,the front door handle on my boring s house is a mermaid,1,images/cjbixu.jpg
2b1llc,whitetail deer x,1,images/2b1llc.jpg
19qzc6,happy vertebrae,0,images/19qzc6.jpg
5jmd65,stranger things theme on cello sounds like a day selling positive pregnancy tests on craigslist,0,images/5jmd65.jpg
byznzh,this car are very happy,0,images/byznzh.jpg
7z0rkc,messi kante and christensen,1,images/7z0rkc.jpg
7h08wj,san francisco defends sanctuary status as backlash mounts,1,images/7h08wj.jpg
b74ytz,the norwegian parliament declares independence from sweden th colorised,0,images/b74ytz.jpg
p3jbi,thought this might be a fun one,1,images/p3jbi.jpg
asq2rg,stuck my hand in a gas flame heater when i was months old this is years later,1,images/asq2rg.jpg
bwxrj3,this chimney thing near my house,1,images/bwxrj3.jpg
bk1gxl,paramount unveils their lastminute redesign of sonic the hedgehog for the movie adaptation of sonic the hedgehog,0,images/bk1gxl.jpg
15mflh,the tycho supernova,1,images/15mflh.jpg
84gv9m,request stained glass kaleidoscope not oc,0,images/84gv9m.jpg
d5vvui,post malone hollywoods bleeding,0,images/d5vvui.jpg
99yrqn,calgary police help copperfield kids master twowheeled cycling,1,images/99yrqn.jpg
cxk3o1,the way this authors portrait ages with the book volumes,1,images/cxk3o1.jpg
bhvjo9,stumbled upon a natural stone buddha in joshua tree national park,1,images/bhvjo9.jpg
1qqwy1,florida woman married to ferris wheellike ride she has loved for decades,1,images/1qqwy1.jpg
2chocf,world war us navy recruitment poster,0,images/2chocf.jpg
7uk4gg,melania trump could face being deported under president trumps state of the darkest days of the greatest burns ever dealt was by michael scott,0,images/7uk4gg.jpg
cztsb3,got the apple juice to balance on the bowl,1,images/cztsb3.jpg
5z6f5n,bad boy im the guy,0,images/5z6f5n.jpg
9g0qyx,skull i found on my vehicle after railhead,1,images/9g0qyx.jpg
8w5djw,my rug,0,images/8w5djw.jpg
5gdyjc,jesus christ ad,0,images/5gdyjc.jpg
12mr5n,foot snowfall clearing,1,images/12mr5n.jpg
3539nb,london to norwich shakespearean morris dance completed,1,images/3539nb.jpg
2w3bl4,cleite he and all his courtiers,0,images/2w3bl4.jpg
102h5n,retiring boss gives employees for each year theyve worked for him,1,images/102h5n.jpg
d1fxh7,we shall win because we are the strongest poster promoting the buying of war bonds featuring a quote of president paul reynaud france,0,images/d1fxh7.jpg
2gesw2,pope marries cohabiting couples in sign of papacy shift,1,images/2gesw2.jpg
bfwz0b,after months apart a handful of separated families tearfully reunite at usmexico border,1,images/bfwz0b.jpg
9f8a57,this sign about pee color above the toilet at tire shop,1,images/9f8a57.jpg
3z6tah,a pile of recycling,0,images/3z6tah.jpg
b3czpk,three colours one flag one empire,0,images/b3czpk.jpg
d12qv0,my happy winking french fry,0,images/d12qv0.jpg
69bax6,cataracts cataracts,0,images/69bax6.jpg
6ygml1,black lives matter organizer explains movement to older white americans using sailing metaphors,0,images/6ygml1.jpg
93oopy,no one shows up to little boys birthday party radio show and houston cosplay for charity throw him a better one,1,images/93oopy.jpg
7vt4jt,harry truman responds about the bombings of japan at a press conference,0,images/7vt4jt.jpg
8723bm,blankface fisticuffs,0,images/8723bm.jpg
cimv1y,prosthetic arm for beatsaber,1,images/cimv1y.jpg
6evxie,bengal cat is sitting on a girls back and looking at you,1,images/6evxie.jpg
b8kfca,ireland wont countenance checks on its exports at eu ports,1,images/b8kfca.jpg
7c7xvk,addiction in the us a corporate morality crisis,1,images/7c7xvk.jpg
bzyt7e,this purple carrot were growing made half of one leaf purple,1,images/bzyt7e.jpg
5v40dq,young female photographer shocked by the horrors of the vietnam war,0,images/5v40dq.jpg
bx7b8k,my friend got a yellow watermelon,1,images/bx7b8k.jpg
87u8rf,a gentleman offering his arm to a lady,0,images/87u8rf.jpg
1ygs2r,barack obama is using miley cyrus to destroy and distract america according to korn frontman,1,images/1ygs2r.jpg
90gqds,sadboi hours yung marx oc,0,images/90gqds.jpg
bs95bc,koretsky v our army is the army of the liberation of the working people istalin,0,images/bs95bc.jpg
2e7pso,kid in airplane engine,1,images/2e7pso.jpg
31x9zv,eagle survives feral animal trap taken to hospital and will be released back into the wild,1,images/31x9zv.jpg
6og5x7,winnipeg yazidi refugee learns her yearold son is alive after rescue from isis,1,images/6og5x7.jpg
cid7rk,reddit is advertising for jobs in its site console,1,images/cid7rk.jpg
dfc313w,wwi in parallel world,0,images/dfc313w.jpg
5fj452,halfdressed man frantically scrambles out of home after hearing toyotathon deals wont last long,0,images/5fj452.jpg
2cf834,milkman delivering milk during the london blitz,1,images/2cf834.jpg
8ijewq,first female african american pope,0,images/8ijewq.jpg
39orca,ahhhh my patio is sooo scared,0,images/39orca.jpg
8ynro4,napolean and his bodyguard visit the pyramids th,0,images/8ynro4.jpg
bsx86i,asap rocky testing,0,images/bsx86i.jpg
26xg0y,robert griffin iii helps a high school student ask a fellow student with cerebral palsy to prom,1,images/26xg0y.jpg
3lbf3w,seattle aquarium trains otter to use inhaler for her asthma,1,images/3lbf3w.jpg
9gatmb,hitler remilitarizing the rhineland after reading the treaty of versailles,0,images/9gatmb.jpg
bb9tlf,new york city declares public health emergency amid growing measles outbreak,1,images/bb9tlf.jpg
307zj8,happy guy inside a giant tire in a truck,1,images/307zj8.jpg
cguxyf,julius caesar pisses off a new yorker bc,0,images/cguxyf.jpg
cupa0a,spider oc,0,images/cupa0a.jpg
yew8x,georgemichael on the staircar,1,images/yew8x.jpg
cy12l9,the shadow of the tree on the way home looks like its pixelated,1,images/cy12l9.jpg
82ctl9,the absolute worst bands of the s,0,images/82ctl9.jpg
91o0ke,these scientists think plastics are shrinking penises,1,images/91o0ke.jpg
9jsu7p,snapped this beauty of my friend last night,0,images/9jsu7p.jpg
196qv7,joy at tokyo university,1,images/196qv7.jpg
36f6lb,stuttering woman is an accomplished singer,1,images/36f6lb.jpg
czylqv,a very busy marketplace,0,images/czylqv.jpg
98n4ws,dream or reality koreans to meet after decades apart,1,images/98n4ws.jpg
250emk,a very happy cat,1,images/250emk.jpg
733sa1,this guy holding viper shades over chairman mao zedong,1,images/733sa1.jpg
4eypo4,venezuela travels forward in time half an hour to help ease energy crisis,1,images/4eypo4.jpg
7ztfjb,my coffee mug is so sad,0,images/7ztfjb.jpg
6mhesa,tom hanks posing with his new car,1,images/6mhesa.jpg
7zbzbv,terrifying looking monster my friend made in minecraft,0,images/7zbzbv.jpg
802j2v,us teacher teaching an online course protecting his students from a school shooter in the class chatroom circa,0,images/802j2v.jpg
3h28ey,kim is very happy with the harvest,1,images/3h28ey.jpg
2gv0fc,a th century basic typewriter,0,images/2gv0fc.jpg
c8geuj,the fire pit drain creates laminar flow,1,images/c8geuj.jpg
5szvf4,of us adults suffer hearing loss,0,images/5szvf4.jpg
bw51ze,tiananmen square massacure,0,images/bw51ze.jpg
bncg1c,year old canoe that was found years ago and was revealed today in public for the first time,1,images/bncg1c.jpg
cy8psj,this welsh towns name is so long that the local gin distellery has to wrap the name right round the bottle,1,images/cy8psj.jpg
88308h,dog holding brush,1,images/88308h.jpg
9g1mu3,circular paper kitchen towels,1,images/9g1mu3.jpg
axtu0g,my chips have an expiration time,1,images/axtu0g.jpg
avtpvn,the way the snow melted on the sidewalk,1,images/avtpvn.jpg
bvp5nx,this poor guy lets everyone just walk all over him,0,images/bvp5nx.jpg
25sdy7,confused disabled dogs looking at a crab,1,images/25sdy7.jpg
d0w0lm,this par fruit,1,images/d0w0lm.jpg
14hp7d,coffee from an elephants gut fills a cup in the lush hills of northern thailand a herd of elephants is excreting some of the worlds most expensive coffee,1,images/14hp7d.jpg
big9dr,found an old reddiwip can when i was tearing out the ceiling of my house,1,images/big9dr.jpg
3g52o1,north korea to move minutes backward to create its own time zone,1,images/3g52o1.jpg
19v1gp,kid throwing rocks gets hit by car,1,images/19v1gp.jpg
1syvrl,rare historical painting of the american revolution,0,images/1syvrl.jpg
2eu90n,this guy greets me every day at work,0,images/2eu90n.jpg
7z125y,the prime minister of romania viorica dancila,1,images/7z125y.jpg
60j4oz,i live in a giant monkeys head,0,images/60j4oz.jpg
dbvqf3,universal basic income favored in canada and uk but not in us,1,images/dbvqf3.jpg
9bb2jq,the way my lamp refracted through my glass of water,1,images/9bb2jq.jpg
67i60w,precious lost so much weight and is not extremely hot,0,images/67i60w.jpg
959zwp,two pensioners who escaped from a german care home were found at a heavy metal music festival,1,images/959zwp.jpg
4sm8cv,dogs butt looks like the ikea monkey,0,images/4sm8cv.jpg
59pctr,sirens lights signal law enforcement removing protesters from dakota access pipeline camp,1,images/59pctr.jpg
6yvl3m,hurricane harvey survivors arrive at their new central florida home,1,images/6yvl3m.jpg
3qyjgf,what i learned from briefly sharing an office with steve jobs,0,images/3qyjgf.jpg
ck748w,the dogs chin and neck look like some evil alien snake thing,0,images/ck748w.jpg
6wgoz8,ottawa public transit bus catches fire with people on the public service and this one gavin actually assaults a guy start at the heart of mark norman scandal to be deported next month,0,images/6wgoz8.jpg
2rzrai,lesotho,1,images/2rzrai.jpg
7ygh2o,distant dwarf planet with ring,0,images/7ygh2o.jpg
8yyg5d,this overhead air line spool looks like an african mask,0,images/8yyg5d.jpg
25q9w1,jus saw this guy chilling in traffic,0,images/25q9w1.jpg
2qyg0t,state prison populations down to lowest point in a decade,1,images/2qyg0t.jpg
2t6te7,high school basketball coach suspended after win,1,images/2t6te7.jpg
2eoyle,cat terrorizes texas neighbourhood,1,images/2eoyle.jpg
d7cbpu,found an inception street,1,images/d7cbpu.jpg
c3amdh,surprised castle doesnt want any visitors,0,images/c3amdh.jpg
dbhw9y,this underpass in london where graffiti is not prosecuted,1,images/dbhw9y.jpg
b17v3n,provincial bill empowers abuse victims ability to leave violent relationships,1,images/b17v3n.jpg
cx5yw0,these nazi medals from ww my greatgrandpa kept from when the germans took norway the engraving translates to blood and honor,1,images/cx5yw0.jpg
93azbo,request shia lebauf album,0,images/93azbo.jpg
1o509o,needy midranking bankers who cant afford to live in london could be big users of help to buy,1,images/1o509o.jpg
25idpv,ahhhh hands up,0,images/25idpv.jpg
925uz9,my flirty bathroom wall,0,images/925uz9.jpg
9jic46,it looks like this basketball hoop found a penny,1,images/9jic46.jpg
1cz9x8,somebody spilt this guy on the floor,0,images/1cz9x8.jpg
ashurd,long hallway for a tiny space,0,images/ashurd.jpg
5qq6yj,alexander graham bell demonstrates the telephone to a group of astonished onlookers aug,0,images/5qq6yj.jpg
2sgl7p,shrapnel shell terrible things that are done,0,images/2sgl7p.jpg
cafx8h,area man has nakedlady fetish,0,images/cafx8h.jpg
4es6t4,trump wins faux news poll top biggest cunts,0,images/4es6t4.jpg
7sgbps,a volcano erupts on a deserted island,0,images/7sgbps.jpg
crizl2,these crazy set of eyes i saw at bed bath beyond,0,images/crizl2.jpg
bbh1g3,when the trump press conference went down,0,images/bbh1g3.jpg
ayg9x6,got the most random tshirt for free from a kids festival and it spelled out my thoughts exactly,1,images/ayg9x6.jpg
d7e281,this really cool led slide for kids a lot of parts in this childrens playground has really cool leds,1,images/d7e281.jpg
9cfdgx,this coffee shop in minneapolis gives you the options for toilet paper,1,images/9cfdgx.jpg
creci4,my dads old toy vehicles,1,images/creci4.jpg
2wuqrd,zoo captures real graboid,0,images/2wuqrd.jpg
3tqr9f,the netherlands is helping dutch east indies national fundraising,0,images/3tqr9f.jpg
1ged0o,police take homeless peoples sleeping bags and food parcels in ilford raids london,1,images/1ged0o.jpg
bvexso,moon just one more,0,images/bvexso.jpg
2hrwc9,yahoo killing off yahoo after years of hierarchical organization,1,images/2hrwc9.jpg
4mewev,kamrupi crafts good reason,0,images/4mewev.jpg
3j46tn,space invaders,0,images/3j46tn.jpg
c64x7z,the remnants of this sticker looks like the dragon on the welsh flag,1,images/c64x7z.jpg
cn5ys5,my girlfriends sleeping cat reminds me of a nautilus,1,images/cn5ys5.jpg
b9jz4j,he bought the fencing coachs house then his son got into harvard the boston globe,1,images/b9jz4j.jpg
27usky,once conjoined texas twins now covaledictorians,1,images/27usky.jpg
1lvppe,virginia butt slasher sentenced to years in prison,1,images/1lvppe.jpg
4psdq2,educative figurines outside vlad tepes fortress,1,images/4psdq2.jpg
8byc5b,this sad lamp,0,images/8byc5b.jpg
7rign2,rainier sunset oc x glimpse of tatra mountains slovakia x oc,0,images/7rign2.jpg
293jhj,some choir kids flipping pancakes,1,images/293jhj.jpg
ayc6gt,bloody sunday downgraded to dignified appropriate sunday,0,images/ayc6gt.jpg
1v7o6p,zhirinovsky tells party members to have less sex,1,images/1v7o6p.jpg
8cfgew,this man stood ready for the firing line,0,images/8cfgew.jpg
3fztkg,antichinese soviet,0,images/3fztkg.jpg
5qeb4i,this american athlete,1,images/5qeb4i.jpg
7eodgo,a grumpy corgi on the kitchen floor,1,images/7eodgo.jpg
ctadpp,my ramen came with two seasoning packets,1,images/ctadpp.jpg
7lpzy6,toddler with fake rifle while waiting for santa,1,images/7lpzy6.jpg
9ajjj7,carlos latuff caricature accusing both obama and mccain of being imperialists brazil,0,images/9ajjj7.jpg
7zszi2,humans populating earth bc,0,images/7zszi2.jpg
15t0kh,irans government orders immediate removal of star of david from roof of nations largest airport,1,images/15t0kh.jpg
589bal,til that dolphins like humans cannot drink seawater and the empire is in direct contact and asked podesta for a meeting,0,images/589bal.jpg
5iblga,mother dog puppies saved amid michigan snowstorm,1,images/5iblga.jpg
61f2jr,tear off the mask of the fascist provocateur ugt spain s,0,images/61f2jr.jpg
3x9cqo,john goodman at the emmys in,1,images/3x9cqo.jpg
2xo45u,this guy crawling on a fountain,1,images/2xo45u.jpg
97b7ai,missouri republican who said hitler was right wins state house primary,1,images/97b7ai.jpg
89sh7t,trump agrees to keep us troops in syria a little longer but wants out,1,images/89sh7t.jpg
97ziwa,he begged on tv for his familys return then he was accused of killing them,1,images/97ziwa.jpg
49if1r,grand street line none the wiser,0,images/49if1r.jpg
divhxw,ass flops,0,images/divhxw.jpg
24j42o,twins find each other after being separated for years,1,images/24j42o.jpg
2ob7ac,five months after fire ripped through an edmonton condo harmony the emaciated cat crawls out of a wall,1,images/2ob7ac.jpg
3g8pb4,dad gets one direction tattoo to win vip tickets then realises hes disqualified from contest,1,images/3g8pb4.jpg
9cfjxr,sc firefighters nurse dehydrated hummingbird back to health,1,images/9cfjxr.jpg
32foxe,two texas fire chiefs five firefighters arrested over horrific hazing allegations involving chorizo sausage,1,images/32foxe.jpg
1eawi9,saudi arabian reporter floored by things japanese take for granted,1,images/1eawi9.jpg
4dn1t4,russias communists want red star symbol copyrighted,1,images/4dn1t4.jpg
bu90uf,my dad found confederate money while going through my great grandmas stuff,1,images/bu90uf.jpg
7ayky8,shayrat missile strike missile picture taken by a turkish militarys camera,0,images/7ayky8.jpg
3gnguo,veronica belmont not holding a book,1,images/3gnguo.jpg
bln0zt,this arch made entirely of styrofoam coolers,1,images/bln0zt.jpg
eyi2wtl,available here,0,images/eyi2wtl.jpg
9i4zua,street monkey stereotype,0,images/9i4zua.jpg
1e9ury,firework monster,0,images/1e9ury.jpg
1ctrhf,the fiery panda,0,images/1ctrhf.jpg
n4a3b,doing taxes is so exciting,1,images/n4a3b.jpg
8jd576,will smith at the set of bad boys,0,images/8jd576.jpg
ccpab3,someone beat me to it,0,images/ccpab3.jpg
2doerp,forkmachine is hungry,0,images/2doerp.jpg
4aung2,two strangers hug a woman after asking for directions but watch what the lady in purple does,0,images/4aung2.jpg
18kccn,ive never felt more guilty changing handbags in my life poor little guy,0,images/18kccn.jpg
74h03t,two cheerleaders kneel in front of chinese god,0,images/74h03t.jpg
8bhyvh,texass maternal mortality rate was unbelievably high now we know why,0,images/8bhyvh.jpg
31qqzy,landlord tries to evict church using sledgehammer on good friday,1,images/31qqzy.jpg
6evz6k,overly excited mushroom pickers,1,images/6evz6k.jpg
f3ujlye,available here,0,images/f3ujlye.jpg
2owxgn,told my petrified petcock would interest you folks,0,images/2owxgn.jpg
rbxke,i made a kindle case its a happy little monster,0,images/rbxke.jpg
1c7ylo,i think this stone got an up skirt view,0,images/1c7ylo.jpg
8ihql6,luxury hotline thrift,0,images/8ihql6.jpg
5q4hpo,happy dog wearing a tiara,1,images/5q4hpo.jpg
24a271,this cat singing opera psb,1,images/24a271.jpg
6pwt4n,these two cats sharing a laptop in bed,1,images/6pwt4n.jpg
bi8lwl,on my plane today this ladys camo bag looks like its got a head inside of it,1,images/bi8lwl.jpg
1q2ogn,farming community works the fields of friend battling cancer,1,images/1q2ogn.jpg
2yjm4x,serious real estate ad in indonesia buy this house marry the owner,1,images/2yjm4x.jpg
7ufqy2,found this beauty scrolling facebook today,0,images/7ufqy2.jpg
97wrdx,american airlines flight seconds before crashing into the world trade center th,0,images/97wrdx.jpg
ci8wzz,scientists produce selfhealing gel made out of bacteriakilling viruses which could be used to coat medical implants and artificial joints because bacteriophage dna can be easily edited the viruses can also be trained to attack cancer cells eat plastics or counteract environmental pollutants,1,images/ci8wzz.jpg
5zk2rp,i hate getting granola crumbs on my bed,0,images/5zk2rp.jpg
bb36ax,space dust and tears a longer hotter summer request finished,0,images/bb36ax.jpg
axozhp,these liter bottles of coke in romania,1,images/axozhp.jpg
3qlzb1,gruesome deformed jason pierrepaul lurking in sewers beneath metlife stadium,0,images/3qlzb1.jpg
b4qtjr,worlds first pole vaulting accident,0,images/b4qtjr.jpg
1w7weo,tradition without torture posters against the bulls abuse during the tlacotalpan fair animals rights mexico contemporary,0,images/1w7weo.jpg
2qghf8,china first to fight united china relief participating in national war fund,0,images/2qghf8.jpg
1x76od,this patriotic american,1,images/1x76od.jpg
ckxbpz,the urinals in this restaurant in wisconsin are beer kegs,1,images/ckxbpz.jpg
3fhbn7,walmart scooter rebel,1,images/3fhbn7.jpg
dis940,this roasted marshmallow snail my friend accidentally made while we were camping,1,images/dis940.jpg
6h5ybi,pigeon mid flight in beach parking lot,1,images/6h5ybi.jpg
6ckezi,a cat licking itself,1,images/6ckezi.jpg
8kqvwh,ysk if you dont specify who to tow your car has an emergency sos setting that allows you to give yourself a bit more time,0,images/8kqvwh.jpg
6ret4t,im surprised you dont shop here,0,images/6ret4t.jpg
9fzit0,traffic signs after the gay agenda was made law,0,images/9fzit0.jpg
bzbpor,the car for a clockwork orange,1,images/bzbpor.jpg
al4nj0,somethings off with this grinder full of weed,0,images/al4nj0.jpg
ct5i3l,found this in local target,1,images/ct5i3l.jpg
18rlgj,dia parking lots consider measures to stop bunnies from attacking cars,1,images/18rlgj.jpg
9ka28c,martin luther king delivers an early draft of his iconic i have a dream speech,0,images/9ka28c.jpg
83zz86,this spooky fella,0,images/83zz86.jpg
1ux8ml,chip the chihuahua is a little stoned after his eye operation,1,images/1ux8ml.jpg
73wvti,i found a weirwood tree irl,0,images/73wvti.jpg
tnrag,inspired by the irish posters that have been cropping up heres another neat one still under siege poster created by sinn fein during the drumcree dispute more info in comments,0,images/tnrag.jpg
1e86fw,muscovy ducks and her ducklings marching along,1,images/1e86fw.jpg
378hbg,guy with huge soul patch,0,images/378hbg.jpg
2448xs,chinese teens inspiring essay on instant ramen got him into the university of rochester,1,images/2448xs.jpg
cptg4y,this older model of hand dryer i met in colorado,1,images/cptg4y.jpg
5x9cyk,shoppers bid for conservative party leadership candidates stand on immigration,0,images/5x9cyk.jpg
1q99av,awesome dad,1,images/1q99av.jpg
7bqfws,suspended suicide windex kills,0,images/7bqfws.jpg
b4kw6p,picture of solar eclipse taken at the right moment,0,images/b4kw6p.jpg
avt2z8,an advertisement for a hospital at washingtondulles airport has the names of simpsons characters as patients,1,images/avt2z8.jpg
98bbbk,that is just a,0,images/98bbbk.jpg
7c6w25,against enemies of the crescent ottoman antientente,0,images/7c6w25.jpg
8pehij,talk to frank lets get leathered,0,images/8pehij.jpg
2gzdxj,grand theft auto isis militants reveal video game,1,images/2gzdxj.jpg
4i684p,takeley even at the devil,0,images/4i684p.jpg
arjk5y,this mirror gives the illusion of walking on a wall,0,images/arjk5y.jpg
dibera2,the ten commandments,0,images/dibera2.jpg
1yq91q,human foot found in shoe on florida beach,1,images/1yq91q.jpg
96hr37,excited to be at the pool,0,images/96hr37.jpg
3a7t3a,donald trump campaign offered actors to cheer for him at presidential announcement,1,images/3a7t3a.jpg
cp2i1aw,my first time,0,images/cp2i1aw.jpg
54tkvy,wells fargo claws back millions from ceo after scandal,1,images/54tkvy.jpg
c2n176,left a nickel on the carpet of my car in the heat found this in the afternoon,1,images/c2n176.jpg
bkogu6,i bought geodes from a shop where i got to crack them myself,1,images/bkogu6.jpg
bg8lkt,this gas station is set up like an f pit stop,1,images/bg8lkt.jpg
awenfd,a fleet of stealth bombers kept in a top secret facility,0,images/awenfd.jpg
7zjlmy,hank bedroom in suburbia,0,images/7zjlmy.jpg
7i1ccn,postcard commemorating the victory of the allies at the end of world war c,0,images/7i1ccn.jpg
c51hap,abraham lincoln is about to be murdered but someone spots the killer minutes before it happens,0,images/c51hap.jpg
bcr8r0,this tree has slowly absorbed the barbed wire and grown through it,1,images/bcr8r0.jpg
3hfvzk,guitar lake sequoia national park ca,1,images/3hfvzk.jpg
6612wf,i call it the cow fence,0,images/6612wf.jpg
22b6ih,microsoft to dig up landfill looking for copies of et atari game,1,images/22b6ih.jpg
cjjkew,these new backpacks from office max,1,images/cjjkew.jpg
cupee0,my dad charger box is an early s apple usb port he charges his iphone x on it,1,images/cupee0.jpg
5crngi,postelection spate of hate crimes worse than post experts say,1,images/5crngi.jpg
7j0cft,dog jumping through river,1,images/7j0cft.jpg
b8zrrl,is he sucking on the microphone,0,images/b8zrrl.jpg
8ce84g,daniel ricciardo drinking beer out of his shoe,1,images/8ce84g.jpg
4e51f1,ubers donating million to veterans groups,1,images/4e51f1.jpg
65w7dy,kim jong uns deadly lightning troopers,1,images/65w7dy.jpg
2e8pnd,crab got my finger,0,images/2e8pnd.jpg
54ls4m,teenage surfer who argued against shark barrier is attacked by shark,1,images/54ls4m.jpg
9cbmir,found a cotton plant at the hotel im staying at in turkey first time ive ever seen one,1,images/9cbmir.jpg
449bx9,i would share with the music for his video,0,images/449bx9.jpg
c35umd,my onion flowered and started growing little micro onions,1,images/c35umd.jpg
9d8jry,us trade deficit jumps by the most in years,1,images/9d8jry.jpg
d2yuul,george bush is told of the pretzel sale only two blocks away,0,images/d2yuul.jpg
6lvnjn,smash job growth surges by way above expectations,1,images/6lvnjn.jpg
4wys4a,puppy with glasses in front of laptop,1,images/4wys4a.jpg
bo56ft,my coffee talks in st person in english but rd person in spanish,1,images/bo56ft.jpg
bt3m30,ouch,0,images/bt3m30.jpg
7eozzs,jay leno dancing,0,images/7eozzs.jpg
2qmque,dried cow carcass in tree,1,images/2qmque.jpg
8xqdrf,my new and faster motherboard,0,images/8xqdrf.jpg
axy52r,the brand producing my schools chairs is literally named ass,1,images/axy52r.jpg
2y1il1,riot is building a league of legendsshaped artificial reef off australias coast,1,images/2y1il1.jpg
9edtyy,fan going to see how first few games go before declaring moral objection to watching nfl,0,images/9edtyy.jpg
4w1mgm,with vote today new jersey will make it harder to graduate from high school,1,images/4w1mgm.jpg
ckfjsv,this dethorened cactus in curacao,1,images/ckfjsv.jpg
52q3yg,a photo from mars,1,images/52q3yg.jpg
bo5dcr,germanys rwe says it wont invest in new coal power plants,1,images/bo5dcr.jpg
bq89s6,this boat loves swallowing,0,images/bq89s6.jpg
bwv1n5,this deformed dumdum,1,images/bwv1n5.jpg
cd2k6w,in my mom was in the hospital for three days this is her bill,1,images/cd2k6w.jpg
5ku8c1,donald trumps flow gone wild,1,images/5ku8c1.jpg
46sblk,virginia yearold raises nearly for elementary schools in flint michigan,1,images/46sblk.jpg
1soy8b,atlanta childrens hospital surprises sick kids with snowfall,1,images/1soy8b.jpg
9fnjkx,my picture of todays sunset looks like it is from gta,1,images/9fnjkx.jpg
6g3ayg,a guy with the cameras,1,images/6g3ayg.jpg
5cpu5g,when,0,images/5cpu5g.jpg
13il2g,fire bunny,0,images/13il2g.jpg
8wq5e8,from within ourselves origin of language,0,images/8wq5e8.jpg
b1oihw,concept seems familiar,1,images/b1oihw.jpg
35kv06,hindarochels uploaded images,0,images/35kv06.jpg
3mdjy6,mario lopez pointing at a butter sculpture,1,images/3mdjy6.jpg
51lrh5,trump standing on a chair,1,images/51lrh5.jpg
1j10sw,french woman savagely attacked by cats,1,images/1j10sw.jpg
50prni,cops called to gas station after man squirts bear spray down pants strips nude then pours milk on genitals,1,images/50prni.jpg
3ozm5p,university given ps scholarship gift,1,images/3ozm5p.jpg
b6dyii,looks like he was crying in the bathroom and hopes nobody can tell but everybody can tell,0,images/b6dyii.jpg
cudcoe,this cat resting with his arms out,1,images/cudcoe.jpg
c9xciu,made a visual for a single by the band dealer grotesque tried to match the visuals with the lyrical content,0,images/c9xciu.jpg
b7uwiq,art with a fleece blanket,1,images/b7uwiq.jpg
cus1dl,the way the moss hasnt grown below the drain,1,images/cus1dl.jpg
9hou1k,production still from george a romeros night of the living dead,0,images/9hou1k.jpg
cdlzp7,a wound got blue color from my hoodie,1,images/cdlzp7.jpg
65v47i,dissent at the epa and government agencies grows,1,images/65v47i.jpg
8ybq6n,a human skull from the inside,0,images/8ybq6n.jpg
d9otwt,stopped my dog from ripping this piece of cardboard to bits cardboard was pleased,1,images/d9otwt.jpg
6dic37,check out my new kicks,0,images/6dic37.jpg
cp4byh,heartshaped hole in this spearmint leaf,1,images/cp4byh.jpg
2kgj4w,dog posing happily in superman costume,1,images/2kgj4w.jpg
cnaxm1,europa defend your years old culture from bolshevism serbian government of national salvation ww,0,images/cnaxm1.jpg
bk5ier,deputies are no longer responding to calls in portland,1,images/bk5ier.jpg
4apag2,pope francis is starting his own instagram account,1,images/4apag2.jpg
pf37v,feed me all your glasses,0,images/pf37v.jpg
95cd1b,now introducing the new windows logo,0,images/95cd1b.jpg
1ljrjj,found this cool cat in my friends dorm room,0,images/1ljrjj.jpg
1d31z6,four female prison guards impregnated by same inmate,1,images/1d31z6.jpg
3wor25,happy bush,0,images/3wor25.jpg
bvo2a3,this stain in my garage looks like an ostrichs head and neck,1,images/bvo2a3.jpg
56fzcr,dog riding tortoise,1,images/56fzcr.jpg
7lt7ea,i always knew my printer was a vampire,0,images/7lt7ea.jpg
61k4qi,neighbors finally figure out why woman was putting irish spring soap in her yard,0,images/61k4qi.jpg
58uync,a common vampire bat moving along the ground,1,images/58uync.jpg
81fk3t,how did melania trump get an einstein visa,0,images/81fk3t.jpg
6gxp4h,best things do in your free time what to do when youre bored,0,images/6gxp4h.jpg
2k4284,departing gchq boss insists gchq isnt engaged in mass surveillance if you define mass and surveillance the way he does,1,images/2k4284.jpg
4jaeww,rugby player get stitches,1,images/4jaeww.jpg
6vohkk,operation it goes boom,1,images/6vohkk.jpg
c8fhbw,this corkboard made from actual corks,1,images/c8fhbw.jpg
99r16n,these two drones,1,images/99r16n.jpg
8r34of,ny attorney general sues trump foundation over selfdealing,1,images/8r34of.jpg
6jvrbq,scooby thats not where you do that,0,images/6jvrbq.jpg
24wiqx,oregon governor performs cpr on unconscious woman helping save her life,1,images/24wiqx.jpg
cstds3,my sunflower just before blooming,1,images/cstds3.jpg
c9tv3h,in bloom ink on a mechanical calculator,0,images/c9tv3h.jpg
7jjjq2,cat lost in yukon is returned to his family which moved from alaska to new mexico,1,images/7jjjq2.jpg
c5k36p,a miniature swiss knife in its full glory looks like a goat a swiss goat one say,1,images/c5k36p.jpg
5uum2u,the crew of the space shuttle challenger just moments before it exploded,0,images/5uum2u.jpg
7lh3nm,puppies cannot be bought unless their mother is present under new laws,1,images/7lh3nm.jpg
5u53qm,trump campaign aides had repeated contacts with russian intelligence,1,images/5u53qm.jpg
6wjopb,boy jumping from box,1,images/6wjopb.jpg
daw5ap,denbigh aunt otavias garden,0,images/daw5ap.jpg
c1of1k,this leaf on a pepper plant i care for,1,images/c1of1k.jpg
d4pj1g,this curved tree with a limb that looks like a different tree,1,images/d4pj1g.jpg
5azovt,thomas edison is excited to share his phonograph with the world,0,images/5azovt.jpg
b966sp,local municipality has collection of shopping carts that they have collected from all over the city,1,images/b966sp.jpg
4dovsg,year old deaf and blind boy experiences music for the first time,1,images/4dovsg.jpg
cvqiyz,plants have started to grow on the roof of the building i work at,1,images/cvqiyz.jpg
5rrojj,middle eastern cinema has so much to say and we need to be listening now more than ever,1,images/5rrojj.jpg
649rgt,united kingdom fully supports us air strike in syria,1,images/649rgt.jpg
5cw81a,lewis hamilton spraying champagne into nico rosbergs face,1,images/5cw81a.jpg
71yz0m,a tit and showing off its prey,1,images/71yz0m.jpg
co4k61,there is a barack obama service station in ireland its literally called the barack obama plaza,1,images/co4k61.jpg
ct5uew,the beginning of the infamous irish potato famine circa colourized,0,images/ct5uew.jpg
265ydy,army dad surprises his little trooper at columbia graduation,1,images/265ydy.jpg
dbn49b,this double banana,1,images/dbn49b.jpg
2sr41h,robots and monsters fictional specimen,0,images/2sr41h.jpg
c43ei7,this birdshaped cocktail named thai dragon,1,images/c43ei7.jpg
auti41,lady gaga and bradley cooper perform at the oscars,0,images/auti41.jpg
6tpt32,north korea launches the first icbm towards america that crashed in the middle of the sea of japan official north korean maps stopped depicting the american west coast on this day th,0,images/6tpt32.jpg
45ik6c,manitowoc teens found with marijuana crocodile,1,images/45ik6c.jpg
9gjpvx,the changing room in this store is a doctor who tardis,1,images/9gjpvx.jpg
88h5yl,a german attacks jewishowned property during the kristallnacht colourized,0,images/88h5yl.jpg
5jxwyr,mom is recording the kids when she realizes something absolutely horrifying,0,images/5jxwyr.jpg
24h61w,landing in the pit,1,images/24h61w.jpg
az2qsf,thats torn it british conservative party poster,0,images/az2qsf.jpg
9k15n1,you will like it period wwi,0,images/9k15n1.jpg
4n2kke,the one tool i didnt expect to find on the back of the marine corps main battle tank,0,images/4n2kke.jpg
7v8tpc,oleanders modern notions,0,images/7v8tpc.jpg
7ue1h4,theyre watching us,0,images/7ue1h4.jpg
d7fuz6,this dude playing guitar in a trash can,1,images/d7fuz6.jpg
cxrnd4,a friends toilet,1,images/cxrnd4.jpg
bxhf5d,lemoji,0,images/bxhf5d.jpg
8d4ypu,almost stapled this guys face off,0,images/8d4ypu.jpg
dl43qo,four prominent beverly hills restaurants shut down by the health department for small cockroaches,1,images/dl43qo.jpg
cuhy05a,bad kitty dont scratch that,0,images/cuhy05a.jpg
5x5r9i,local quilters guild crafting quilts for veterans,1,images/5x5r9i.jpg
3189pd,brigantine portable toilets on beach have to go,1,images/3189pd.jpg
27udk5,found this guy while unboxing a wii u,0,images/27udk5.jpg
1omkyg,sith lord,1,images/1omkyg.jpg
8uu19u,this corroded tennis racket has a laughing baby face on it left,0,images/8uu19u.jpg
19s8pn,ghost marriages prompt grave robbing as men dig up brides,1,images/19s8pn.jpg
222jl1,tuna steaks,1,images/222jl1.jpg
9b3alz,wierd gravity after huricane,0,images/9b3alz.jpg
arqp5v,due to over crowding and traffic issues in yosemite massive construction ensues,0,images/arqp5v.jpg
25s2bz,we will eradicate the spies and saboteurs the trotskyistbukharinist agents of fascism stalinist,0,images/25s2bz.jpg
2gjg67,this praying mantis,1,images/2gjg67.jpg
bhkm9v,my local theater has old movie poster prints on their walls,1,images/bhkm9v.jpg
2h6qac,fucked up singer to moderate toronto mayoral debate,1,images/2h6qac.jpg
4sigpg,gravesham how the music should be played,0,images/4sigpg.jpg
1mkh8a,nflers line up to star in ads for mens toilet wipes,1,images/1mkh8a.jpg
3o8bfu,tumor on a hippo,0,images/3o8bfu.jpg
f1iamku,what hole,0,images/f1iamku.jpg
c94s8wa,brother,0,images/c94s8wa.jpg
cbo7y9,this crab i found hiding at the bottom of the steps at the seawall,1,images/cbo7y9.jpg
bx6dw6,want to know whats wrong with scs educational system one hint irmo hs will pay their new head football coach,1,images/bx6dw6.jpg
cu79rd,hex tiles for catan,0,images/cu79rd.jpg
c67ag7,the rich to become rich how the rich are becoming rich and how to get them all back cynical but true,0,images/c67ag7.jpg
cmyg9q,convex reflex reflections of a childhood,0,images/cmyg9q.jpg
4thcm5,the cup holders and cooler on my kids wagon,0,images/4thcm5.jpg
1h4hl0,actually even the flat earth society believes in climate change,1,images/1h4hl0.jpg
6vw58n,my chicken nugget looks like the picture on google,0,images/6vw58n.jpg
c8unik,sad little sander,0,images/c8unik.jpg
d1bays,weirdly generated minecraft world using buffet,1,images/d1bays.jpg
25f750,new orleans,1,images/25f750.jpg
3yyu7v,party by wlodzimierz zakrzewski polish peoples republic,0,images/3yyu7v.jpg
48utke,girl marries her catcaller sketch comedy,0,images/48utke.jpg
2haud6,man steals car drives it to probation meeting,1,images/2haud6.jpg
1h0jvp,boston red sox bring back nun day at fenway park,1,images/1h0jvp.jpg
2nznsk,putin proposes loosening penalties for small bribes,1,images/2nznsk.jpg
diwme0,hitler when he realized people had other beliefs c,0,images/diwme0.jpg
bvvmhh,gpa electrocuted cat caused outage,1,images/bvvmhh.jpg
bsi9x8,smarter than a bonobo trump political ad,0,images/bsi9x8.jpg
8cyeln,happy pig motor,0,images/8cyeln.jpg
6a59dh,hero dog saves family with children from fire,1,images/6a59dh.jpg
7vbf93,n s f w tight grip,0,images/7vbf93.jpg
11ux8p,stalin cant win colliers magazine,0,images/11ux8p.jpg
5c96t0,blood royale life before death,0,images/5c96t0.jpg
4nxa3m,aid to africa donations from west mask bn looting of continent,1,images/4nxa3m.jpg
2lc7ra,cigarette,0,images/2lc7ra.jpg
9byb1i,this train station,0,images/9byb1i.jpg
3k1tta,girl getting tattoo on butthole,1,images/3k1tta.jpg
b3x8nz,i received a dollar bill from at work today,1,images/b3x8nz.jpg
btx3ii,this unusually longnecked fellow,0,images/btx3ii.jpg
2bvzr0,this bear,1,images/2bvzr0.jpg
6n4gtt,a picture of a nice library,0,images/6n4gtt.jpg
76x8bu,the daily horror of life in the soviet union,0,images/76x8bu.jpg
9ijzq1,resources variety of life,0,images/9ijzq1.jpg
103qve,soviet labor,0,images/103qve.jpg
ddu1ml,john gottis autopsy,0,images/ddu1ml.jpg
2vfrpl,putin gives egypts fattah alsisi glorious kalashnikov ak,1,images/2vfrpl.jpg
6789v8,imf warns greece that additional economic overhauls are needed,1,images/6789v8.jpg
bpmgro,jesus christ upon witnessing christians force women to carry their rapists baby to term,0,images/bpmgro.jpg
8y3pxs,a modern day pirate,0,images/8y3pxs.jpg
84541e,life the weirdest kids in my yearold daughters class ranked by how adversely they affected my experience chaperoning the aquarium field trip,0,images/84541e.jpg
dld01c,this dog parking,1,images/dld01c.jpg
8w14yj,scream rpareidolia version,0,images/8w14yj.jpg
3f5azp,saudi king demands french police remove female officers from riviera,1,images/3f5azp.jpg
bhad6u,couple of jets having a good laugh at the airport,0,images/bhad6u.jpg
2cpspq,this was probably my favorite legend of korra cosplay from sdcc,0,images/2cpspq.jpg
92e3xq,concertgoers upset at delay after portal to cthulhus realm opens above stage,0,images/92e3xq.jpg
850ozf,julius caesars assassination bc,0,images/850ozf.jpg
3r57p8,a puppy in mid throw,1,images/3r57p8.jpg
c6crnk,this corgi midbark,1,images/c6crnk.jpg
adly02,the california gold rush,0,images/adly02.jpg
cvfiou,forgotten suburbia by twowheeled freedom,0,images/cvfiou.jpg
2dms72,me robmillsymills throwing my daughter into a pool in chania greece,1,images/2dms72.jpg
6r73uk,this scheming beaver,1,images/6r73uk.jpg
atygvz,my mum managed to grow a very large carrot during winter in scotland,1,images/atygvz.jpg
8fevx7,stormtrooper pig fanny pack speakers,0,images/8fevx7.jpg
32w2sr,an gorta mor britains genocide by starvation irelands holocaust modern irish famine mural in belfast,0,images/32w2sr.jpg
bc9pfx,this corgi standing next to the pool,1,images/bc9pfx.jpg
c4ur0w,an image in a picture frame for years left a ghost on the glass,1,images/c4ur0w.jpg
crwtcn,guy in front of me at taco time,1,images/crwtcn.jpg
5t15zh,guy with extra long pants,1,images/5t15zh.jpg
bw8g88,trumps proposed tariffs on mexico would be biggest tax hike in almost years,1,images/bw8g88.jpg
1dyv4g,bradford cox covers my sharona for an hour in concert,1,images/1dyv4g.jpg
6sj4g9,cute suspended dog,1,images/6sj4g9.jpg
cslqtb,caught this bison making direct eye contact with a bug in front of him,1,images/cslqtb.jpg
2unrp3,man wistfully looks around website he hasnt visited for minutes,0,images/2unrp3.jpg
av4lfw,julius caesar is assassinated bc,0,images/av4lfw.jpg
2dyzeg,this old woman on a skateboard with an umbrella,1,images/2dyzeg.jpg
avfaii,four big takeaways from michael cohens explosive testimony,0,images/avfaii.jpg
bqjzw6,my parents hotel room provided complimentary moon pies,1,images/bqjzw6.jpg
czrydx,joker,0,images/czrydx.jpg
bfzma1,whoa,0,images/bfzma1.jpg
cs5fex,dr spanko king of the cack,0,images/cs5fex.jpg
6j4fys,my arm is sad,0,images/6j4fys.jpg
12l2st,meanwhile in venice,1,images/12l2st.jpg
b6df4o,how lovely and cute the meal package i do not know how to call them they looks like small mouses penguin cartoon portraits pumpkin and orange,1,images/b6df4o.jpg
4ewhcv,passerby helps yearold escape kidnapping,1,images/4ewhcv.jpg
58g34h,characters i created to teach my kid about dental hygiene that have unfortunately come to life,0,images/58g34h.jpg
c9s48o,wow elvis was known to people centuries ago,0,images/c9s48o.jpg
5xrtft,a horse covering a goat from snow,1,images/5xrtft.jpg
4e2x6h,austrian government will try to seize the house where hitler was born,1,images/4e2x6h.jpg
cz9aoj,this store near me organizes porrige by how long it takes to make,1,images/cz9aoj.jpg
bdi37s,the creation of adam michelangelo c,0,images/bdi37s.jpg
cyhvbt,a dog in the grass,1,images/cyhvbt.jpg
4g774g,southern republicans going rogue republicans in the southern statehouses are angryfundamentally perhaps about the waning of the values they are fighting for,1,images/4g774g.jpg
d3ddfm,just pump,0,images/d3ddfm.jpg
9gkytp,at un us accuses russia of cheating on north korea sanctions,1,images/9gkytp.jpg
4x2s3o,olympic golfers need to watch out for large rodents,1,images/4x2s3o.jpg
2aw0n9,lady cooking shaking something in hands,1,images/2aw0n9.jpg
3iifo5,stephen amell in midair at summerslam x,1,images/3iifo5.jpg
caph0p,this very expressive drummer,1,images/caph0p.jpg
11waje,croatian highjumper blanka vlasic,1,images/11waje.jpg
az9iud,happy happy,0,images/az9iud.jpg
calu50,quite the bottle trick,0,images/calu50.jpg
7uqrjr,do not resist,0,images/7uqrjr.jpg
aw94xw,montreal canadiens goalie carey price offers big hug to young fan whose mom died of cancer,1,images/aw94xw.jpg
8epkqh,many acts of kindness and courage followed toronto rampage,1,images/8epkqh.jpg
c34bfn,this billboard shots fired,1,images/c34bfn.jpg
8s26nv,trump says he wont let us become migrant camp,1,images/8s26nv.jpg
bdap0c,found doug from up in the toy story poster,1,images/bdap0c.jpg
d0avn5,itsybitsy skittle,1,images/d0avn5.jpg
661sqj,pence tells north korea not to test american resolve offering syria and afghanistan strikes as examples,1,images/661sqj.jpg
75c5fh,demon trains,0,images/75c5fh.jpg
7w4ksc,oxiclean unveils new stainremoving fabric scissors,0,images/7w4ksc.jpg
7mtklq,najac aveyron france,1,images/7mtklq.jpg
40ryal,sleeping bag with conan obrien hair and shady look,0,images/40ryal.jpg
5pm6rm,see you ladder,0,images/5pm6rm.jpg
50ftay,congress holds emergency session to fight growing cost of viagra,0,images/50ftay.jpg
3fceb3,tour de france fans,1,images/3fceb3.jpg
64ldai,trump sued for not releasing white house visitor logs,1,images/64ldai.jpg
39wueo,maisie williams posing on red carpet,1,images/39wueo.jpg
84worh,baby groot finds a gift,1,images/84worh.jpg
awzew0,this stop sign for people in banff alberta,1,images/awzew0.jpg
7qitbx,us arms flag originated at the university of california berkeley circa an upside down flag is a signal of dire distress in instances of extreme danger,0,images/7qitbx.jpg
4imrnx,panama papers new zealand elvis impersonator linked to iraqi oil scandal,1,images/4imrnx.jpg
5hnk4c,ku klux klan members say they arent white supremacists,1,images/5hnk4c.jpg
5tmjvs,the brown beast empires immense,0,images/5tmjvs.jpg
1cko19,i spent my day putting together cardboard robot arms a day well spent,1,images/1cko19.jpg
71fmlu,brutality chivalry aint dead,0,images/71fmlu.jpg
5otpzd,husbands anniversary gift to wife is lifesaving kidney,1,images/5otpzd.jpg
8p9flu,the great deku tree or conan obrien,0,images/8p9flu.jpg
5ln8x4,assassination of russian ambassador to turkey,0,images/5ln8x4.jpg
2qbu05,crazy women that tried to get girls to exit highway,1,images/2qbu05.jpg
bp5cfp,the lights from the back of my pc look like a tiny bloody creepy graveyard,1,images/bp5cfp.jpg
29940l,rob ford can overcome his problems charlie sheen,1,images/29940l.jpg
7mt0j2,florida man on trial for girlfriends choking death wants to show up for her own daughter as gator bait,0,images/7mt0j2.jpg
2t6piz,teen lost virginity to dad now theyre engaged,1,images/2t6piz.jpg
5kdnv6,sold out rolling stones concert at night,0,images/5kdnv6.jpg
6pd81d,this box is crushed,0,images/6pd81d.jpg
b4nauq,little bald flowergirl walking down the aisle,1,images/b4nauq.jpg
2iwbkn,scientists explain why nobody puts cheddar on pizza,1,images/2iwbkn.jpg
66wawu,two renditions of a revolution by the same artist with years apart by boris kustodiev russian empire soviet russia,0,images/66wawu.jpg
2xoql4,wondering baby throwing a gang sign,1,images/2xoql4.jpg
3s4d74,puppy and cat faceoff,1,images/3s4d74.jpg
972qna,after spending their entire lives trapped in ft by ft cages in northern japan ussuri brown bears finally taste freedom in their new home at yorkshire wildfire park,1,images/972qna.jpg
5itoow,elton john,0,images/5itoow.jpg
24gyh2,woman a leading authority on what shouldnt be in poor peoples grocery carts,0,images/24gyh2.jpg
2lr1ed,investigator in secret service prostitution scandal resigns,1,images/2lr1ed.jpg
b308n8,sibley nobodys ever here,0,images/b308n8.jpg
7wqi8u,footage of spacexs falcon heavy payload as it leaves the atmosphere,0,images/7wqi8u.jpg
c4eb8f,bit into this tiny cm crab that was hiding a manila clam,1,images/c4eb8f.jpg
59kpkb,why google fiber is no longer rolling out to new cities,1,images/59kpkb.jpg
872ldr,donald trumps nudes leaked,0,images/872ldr.jpg
bnyutb,myanmar pilot safely lands plane on its nose after landing gear failure,1,images/bnyutb.jpg
1uze2r,laughing horse and disgusted woman,1,images/1uze2r.jpg
3y1olo,la police officers surprise lonely wwii veteran with christmas tree decor and presents,1,images/3y1olo.jpg
d088yo,these tiles at a train station display information on vision correction,1,images/d088yo.jpg
3z5ze1,the fuck did you bother to make your marriage stronger,0,images/3z5ze1.jpg
2j1mcr,menacing clowns in bakersfield prompt calls to police one arrest,1,images/2j1mcr.jpg
9ivg0n,rediscovered these pictures i took of the sky one morning,1,images/9ivg0n.jpg
5wi0nc,say cheese,0,images/5wi0nc.jpg
cncmir,bee colonies take flight once more with some help from airport apiaries,1,images/cncmir.jpg
4m076a,morocco turns on what will become the worlds largest solar power plant,1,images/4m076a.jpg
5mgsvo,man pointing at nothing,1,images/5mgsvo.jpg
4bjuug,s chinese poster showing a group of workers militia setting an ambush against reactionary invaders,0,images/4bjuug.jpg
3hc9c1,jamaican soccer celebration,1,images/3hc9c1.jpg
dh64au,creepy ass face looking windows in this roof,0,images/dh64au.jpg
d7lozj,this handy cap sign has holes that are still seeled,1,images/d7lozj.jpg
43tcfo,our colored soldiers us film poster,0,images/43tcfo.jpg
5jkqcu,viola davis will inspire you with her moving words on finding confidence at,1,images/5jkqcu.jpg
286uu7,cupcakekid wants you,1,images/286uu7.jpg
58jtob,yes mathematics can be decolonised heres how to begin,0,images/58jtob.jpg
3vdjon,peter jackson sets turkish court straight on lord of the rings lore error,1,images/3vdjon.jpg
ci98d9,i took this photo late last night earwigs reclining on yellow flowers never seen anything like it,1,images/ci98d9.jpg
b6o8e7,woke up tired its friday and didnt really want to see the world look like little gloves magnificent murmuration montage,0,images/b6o8e7.jpg
9gzhiu,aprilth,0,images/9gzhiu.jpg
4iu34k,my carrot looks like a noh mask,0,images/4iu34k.jpg
6nhkk7,angry goose,1,images/6nhkk7.jpg
bmrvyw,this stapling looks like a zipper,1,images/bmrvyw.jpg
683vej,life the best cream songs about how the band landed on the name cream,0,images/683vej.jpg
d70oev,dog stretching on a couch,1,images/d70oev.jpg
2oi4uv,ohio woman kicked off welfare for not reporting she was in a coma,1,images/2oi4uv.jpg
cmw72o,massive wasp nest i found today at work they attacked me,1,images/cmw72o.jpg
3m648b,wrestler with gaming channel,1,images/3m648b.jpg
2m65ow,this couple and their falcons,1,images/2m65ow.jpg
84p7mn,moses parting the red sea bce illustration,0,images/84p7mn.jpg
bwxg6t,tiananmen square,0,images/bwxg6t.jpg
48va0t,this excited baby,1,images/48va0t.jpg
1mpfjt,looks like my kids are doing a dance routine in sync,1,images/1mpfjt.jpg
6fwpg4,front and back view of newly discovered planet,0,images/6fwpg4.jpg
bsdiwr,giant tree fell onto my house during a storm top of tree fell over front porch creating whimsical forest like entryway,1,images/bsdiwr.jpg
8oircz,leaving the tube out of sight is safer seen in london in,0,images/8oircz.jpg
2k635v,after losing her eyesight hope the rescued kitten gains a forever home,1,images/2k635v.jpg
8q7t9p,this guy dropping acid at the kaaba,1,images/8q7t9p.jpg
dgtz9q,this light shadow in my home looks like a butterfly,1,images/dgtz9q.jpg
bvyp48,this moths face looks strikingly similar to my cat,1,images/bvyp48.jpg
1x5y45,boris johnson playing tennis,1,images/1x5y45.jpg
cx1e3k,dogs face on dogs chest,0,images/cx1e3k.jpg
8itwza,suspected shooter at a palmdale high school was a former student who had recently transferred,1,images/8itwza.jpg
27wc5z,this chair has seen some shit,0,images/27wc5z.jpg
9k1fe8,this restaurant has a chess game with salt and pepper shakers,1,images/9k1fe8.jpg
397pit,nbc sports chairman wants players to stop growing playoff beards,1,images/397pit.jpg
94cgfe,socialism against bolshevism for a free europe,0,images/94cgfe.jpg
cf0l9p,these tree roots look like a giant spider hiding,1,images/cf0l9p.jpg
bk5x40,bald shrink amir murtano,0,images/bk5x40.jpg
8vsiy0,moldy white castle burgers,0,images/8vsiy0.jpg
6t73p4,alberta premium crises and catastrophes,0,images/6t73p4.jpg
4xntip,london under a thunderstorm,1,images/4xntip.jpg
axyiqh,ice in shape of fallen tree branch,1,images/axyiqh.jpg
541v4b,gary johnson worried he peaking too early after hitting in polls,0,images/541v4b.jpg
bdir9a,this dog sitting down,1,images/bdir9a.jpg
chh7k8,start of the anglodutch wars,0,images/chh7k8.jpg
30yx8k,sad potato,0,images/30yx8k.jpg
86s4p8,a dog looks over a house covered in ice,1,images/86s4p8.jpg
bezikg,this angry cat bleeping,1,images/bezikg.jpg
86awcd,scout selftitled,0,images/86awcd.jpg
asd5a1,newspeak is officially adapted,0,images/asd5a1.jpg
6x67or,explosions reported at floodhit arkema chemical plant in texas,1,images/6x67or.jpg
d8h3zu,lemuel gulliver makes first contact with the lilliputians,0,images/d8h3zu.jpg
43abvs,retreating clinton campaign torches iowa town to slow advance of sanders volunteers,0,images/43abvs.jpg
76i9m3,public beware food and drug administration flyer warning against the use of the hoxsey method to cure cancer united states,0,images/76i9m3.jpg
75ezxa,anderson balconies,0,images/75ezxa.jpg
6ocyco,prince george holding his parents hands,1,images/6ocyco.jpg
11d5zr,bill shatner explaining teleportation,1,images/11d5zr.jpg
ckq62n,going through my instagram profile and saw this pic i took three years ago think it could work what do you guys think,0,images/ckq62n.jpg
cey069,split end with multiple splits,1,images/cey069.jpg
5lhlb8,fairly oddparents finally cancelled,0,images/5lhlb8.jpg
6or2d5,two german soldiers operating a captured vickers machine gun in an entrenched position on the western front colorised ca,0,images/6or2d5.jpg
cvbh3b,attack on pearl harbor,0,images/cvbh3b.jpg
2o1111,westjet flies to the dominican republic to surprise residents with gifts including a horse and a washing machine,1,images/2o1111.jpg
99og8x,kendrick lamar damn,0,images/99og8x.jpg
954rjo,donald trump defeating hillbots in election,0,images/954rjo.jpg
4m5tps,excerpts of a soviet childrens book strongest printed in english,0,images/4m5tps.jpg
1aidqf,an odd husky,1,images/1aidqf.jpg
cyv7ie,valley teens smart watch saves his life,1,images/cyv7ie.jpg
c1m0jr,what should it be called,0,images/c1m0jr.jpg
dbnylt,the way the one of the ice froze,1,images/dbnylt.jpg
d0e3rj,atheists have right to their opinion madras high court,1,images/d0e3rj.jpg
95vilu,publicity minority adult cambodian,0,images/95vilu.jpg
6h8tgc,police respond to active shooter in san francisco police,1,images/6h8tgc.jpg
daq760,these restroom signs in a hardware store,1,images/daq760.jpg
2rqlom,a family traveling together sitting in the back of a tempo india,1,images/2rqlom.jpg
8wn6e6,poor pup is in the first place,0,images/8wn6e6.jpg
9ft4qu,the figure on my wifes maternity bed is also pregnant,1,images/9ft4qu.jpg
8pepsp,in which canada burns down the white house,0,images/8pepsp.jpg
ayf3vk,house to vote thursday on antisemitism resolution,1,images/ayf3vk.jpg
5rjwpk,last known image of david hahn the boyscout who tried to build a nuclear reactor in his back yard before his death in notice the discolored skin and thin hair from handling radioactive materials without proper protection,0,images/5rjwpk.jpg
bb2xxs,this tiny pineapple,1,images/bb2xxs.jpg
7g671h,boy builds k house opens door and dad flips,0,images/7g671h.jpg
7moikw,queer flesh gordon,0,images/7moikw.jpg
cyynk1,this roof with circles for coconut trees to grow through in waikiki,1,images/cyynk1.jpg
91cgg5,tampa activists occupy ice homeland security office,1,images/91cgg5.jpg
8kzmus,a surprised fountain,0,images/8kzmus.jpg
8qf2d9,hes wheely scared hah,0,images/8qf2d9.jpg
5pzsgu,wrestlemania knows no limits,0,images/5pzsgu.jpg
7z6uax,this derpy crab watching me outside my window,0,images/7z6uax.jpg
2b1y8z,lazy elephant seals,1,images/2b1y8z.jpg
18899y,this really fcking excited dog,1,images/18899y.jpg
9b67e6,trump talks about the job issue in america presidential election,0,images/9b67e6.jpg
82x162,dandelion being blown away,0,images/82x162.jpg
cvgy9y,brazil and france start world war iii,0,images/cvgy9y.jpg
6i1seg,trump keeps policy on dreamers eliminates protection for older immigrants,1,images/6i1seg.jpg
1lgj6b,tomatoes are christian egyptian salafi group warns,1,images/1lgj6b.jpg
3yx44m,woman in a boat,1,images/3yx44m.jpg
6pz89m,report finds koch brothers increasingly falling under control of influential highpowered trillionaire,0,images/6pz89m.jpg
4yj9by,this dog in the wind,1,images/4yj9by.jpg
2tix5h,queen elizabeth ii once terrorized king abdullah by driving him around,1,images/2tix5h.jpg
c01n8g,with problematic papers listed on pubpeer indian institute of toxicology research has a serious problem,1,images/c01n8g.jpg
6ersgc,schongauers etching of an elephant,1,images/6ersgc.jpg
bho3b7,hospital trainingsimulation mannequin,1,images/bho3b7.jpg
91zvw0,new zealand brings in paid domestic violence leave in world first,1,images/91zvw0.jpg
daaij4,han solo crosses jabba the hut for the first time bby,0,images/daaij4.jpg
41dchz,miranda castle belgium,1,images/41dchz.jpg
1n781t,horse at a beach,1,images/1n781t.jpg
13t3sm,nsfw disarming pacifistic socialist party,0,images/13t3sm.jpg
d74mon,this biplane my dads friend made that worked at the coors plant here in colorado,1,images/d74mon.jpg
awnfb0,third leg greg,0,images/awnfb0.jpg
7vkcow,the golden girls cast then and now,0,images/7vkcow.jpg
1k0s9v,man dressed as a tiger,1,images/1k0s9v.jpg
77gghr,oregon lane county workers go on strike,1,images/77gghr.jpg
cwfy45,this dead spider trapped in the packaging of a spooky halloween decoration,1,images/cwfy45.jpg
8n8632,bugz,0,images/8n8632.jpg
6let51,professor teaches students about the problem that is whiteness the college fix,1,images/6let51.jpg
8y4xyh,trump instructs cabinet to order two years of frozen dinners and lay low,0,images/8y4xyh.jpg
72oaxu,kim jong un nukes the west coast,0,images/72oaxu.jpg
6j2f7e,obamas secret struggle to punish russia for putins election assault,1,images/6j2f7e.jpg
df501s,my journal roll wont fall over,1,images/df501s.jpg
9di36l,this bug that almost got out of the spider web,1,images/9di36l.jpg
3gphab,courtesy book enveloping darkness x,0,images/3gphab.jpg
980088,nyu makes tuition free for all medical students,1,images/980088.jpg
cxteul,standing on a bridge peering down on the forest under this pond,0,images/cxteul.jpg
1911q3,the guy with the worst portrait tattoo in the world got it fixed today the man who did the repair work was so moved by the story that he did his work for free,1,images/1911q3.jpg
ar4hcb,rainbow clouds,1,images/ar4hcb.jpg
c1p6jx,cat filter accidentally used in pakistani ministers live press conference,1,images/c1p6jx.jpg
1kxue9,girls at amusementpark,1,images/1kxue9.jpg
8vkh4n,these palestinians risked their lives to rescue israelis from a car crash,1,images/8vkh4n.jpg
1kos9v,education is a path to communism circa revolution social poster,0,images/1kos9v.jpg
5o0toj,inauguration protesters plan to destroy property and disrupt balls,1,images/5o0toj.jpg
3uu5q9,hamburg antiolympic games germany,0,images/3uu5q9.jpg
2imopp,baehrs giant market aunt jemima in person promotion kentucky by lafayette studio,1,images/2imopp.jpg
3x0xvn,new show on history reveals the past when network had shows about history,0,images/3x0xvn.jpg
2faari,spilt milk has achieved consciousness,0,images/2faari.jpg
8jev4e,alpaca spewing flames,0,images/8jev4e.jpg
15pn99,scatter the old world build a new world china,0,images/15pn99.jpg
31fzf9,signs in ireland demanding a break with english language publications x,0,images/31fzf9.jpg
cd1t24,this vine wrapped around a twig,1,images/cd1t24.jpg
6urk72,this cat eating parsely,1,images/6urk72.jpg
5xgnwn,argentonsurcreuse indre france,1,images/5xgnwn.jpg
11y7z6,mitt romney and wife looking excited,1,images/11y7z6.jpg
c9rojw,watermelon spider,1,images/c9rojw.jpg
irus2,is this cherry a gmo genetically modified organism,1,images/irus2.jpg
bu36jk,waves rolling in from the red sea,0,images/bu36jk.jpg
85c4ep,george washington prepares to cross the delaware river circa,0,images/85c4ep.jpg
8cgnqu,a satellite view of a road in google earth,0,images/8cgnqu.jpg
3o4wqc,more than problems fixed through improve detroit cell phone app,1,images/3o4wqc.jpg
467wn5,nom nom nom,0,images/467wn5.jpg
8j0868,day of the dead,0,images/8j0868.jpg
2rjzus,gavel in hand john boehner kisses nanci pelosi,1,images/2rjzus.jpg
d1d92q,my brother sent this to me,1,images/d1d92q.jpg
dc907z,that thing scares me,0,images/dc907z.jpg
cz7yoh,i found another one of the straws with the sealed ends at mcdonalds,1,images/cz7yoh.jpg
ccf2xr,this box at my work was shocked to be put out with the recycling,0,images/ccf2xr.jpg
cgdjno,these thank you notes my dad has,1,images/cgdjno.jpg
374rxw,this playground equipment,1,images/374rxw.jpg
1fy19d,the top of my blanket looks like a mans facial profile,0,images/1fy19d.jpg
ava6yp,robot mole on mars begins digging into red planet this week,1,images/ava6yp.jpg
99uf2q,can one of you maybe help me with my faulty tv power supply circuit board,0,images/99uf2q.jpg
8gxwbx,the shine on this hoof,0,images/8gxwbx.jpg
4jr6yg,a us air force usaf fa raptor stealth fighter jet and a usaf f eagle fighter jet each fire one flare over the gulf of mexico usa on while going vertical,1,images/4jr6yg.jpg
2o22t1,dan austin gives bikes to survivors of human trafficking,1,images/2o22t1.jpg
8cuhrf,joseph mengele experiments on a jewish prisoner colourized,0,images/8cuhrf.jpg
daiouy,this button in a big bag of buttons has a weird message,1,images/daiouy.jpg
bpf1t1,woman walking alone at night picks up pace after spotting truck full of alabama lawmakers slowly following her,0,images/bpf1t1.jpg
av0j1h,an artists rendition of a documented interview with homer shortly after the publication of the illiad circa bce,0,images/av0j1h.jpg
13j6rb,moscow bans political repression protest no such thing,1,images/13j6rb.jpg
tlyxr,monocle,0,images/tlyxr.jpg
3b6gja,concept base on the surface of mars,0,images/3b6gja.jpg
3gobcp,this bus that just doesnt,1,images/3gobcp.jpg
dajj6e,my corgi made a sad face from its breath,1,images/dajj6e.jpg
aup9aw,beautiful armless woman,0,images/aup9aw.jpg
bn9kro,japanese bathroom door has a port hole so you can see if the light is on inside,1,images/bn9kro.jpg
bwiehg,the size of these strawberries approx cm ea note they were bland,1,images/bwiehg.jpg
9elmnl,the smiley face on this spiders butt,1,images/9elmnl.jpg
14p64b,unicycler in a spiderman mask,1,images/14p64b.jpg
8hmpbd,australia pledges cash to save declining koala population,1,images/8hmpbd.jpg
59ut24,moms delicious pancakes on a cast iron skillet,0,images/59ut24.jpg
9e5v26,drone enthusiast found something insane inside a lake,0,images/9e5v26.jpg
31l8tj,capitalism also depends on domestic labour poster highlighting women as vital part of the industrial mode of production see red womens workshop ca feminism,0,images/31l8tj.jpg
csyxkj,two cats,1,images/csyxkj.jpg
3rpntb,diana kim spent the past years photographing the homeless of hawaii but her project became very personal when she found her own estranged father living on the streets kim a law student got him help and got him to take his meds for his schizophrenia,1,images/3rpntb.jpg
d7h5po,saw a puppy riding a scooter today,1,images/d7h5po.jpg
cc85wh,rage comic water dispenser,0,images/cc85wh.jpg
954swi,party time,0,images/954swi.jpg
87afxl,the simpsons predicted toys r us would close years ago,0,images/87afxl.jpg
b88n0o,bbc blue planet row as presenter accused of allowing baby turtle to be eaten by seagull,1,images/b88n0o.jpg
5kk95d,building on fire,0,images/5kk95d.jpg
dfgfq6,the gasoline prices are varying so much that they just fixated the stairs to the price board,1,images/dfgfq6.jpg
5b8l8e,new delhi woman defies gender bias by celebrating the birth of her granddaughter with a gift of a brand new car,1,images/5b8l8e.jpg
bkyhqk,the amount of different faces found on the coin,1,images/bkyhqk.jpg
c4jd29,angry looking robot ironing board,1,images/c4jd29.jpg
83ddkh,lord tarantitus high wizard of the world doesnt want to inform that the atheist guy in the prison,0,images/83ddkh.jpg
26g38r,iranian small town teacher shaves head becomes unlikely national hero ali mohammadians kindness toward a bullied student enraptured iran earning him a national stamp and possibly a mention in the education curriculum,1,images/26g38r.jpg
avk0kc,this is a sloth skeleton,1,images/avk0kc.jpg
4tv0e1,my biggest fan,0,images/4tv0e1.jpg
1nmicp,we love to fly and it shows,0,images/1nmicp.jpg
6gdhss,bernie after comeys testimony,1,images/6gdhss.jpg
1daoc3,flying furball,1,images/1daoc3.jpg
b48p36,european council summit in brussels poses without theresa,1,images/b48p36.jpg
23vpql,a red london bus,0,images/23vpql.jpg
crvvf0,bought a wallet from a junk sale and found some teenagers list to make dmt,1,images/crvvf0.jpg
bjuvat,this trucktrailer is painted on the trailer if you look closely you can see its also painted on the painting version of the trucktrailer,1,images/bjuvat.jpg
2o967l,apple admits to deleting songs off ipods without asking,1,images/2o967l.jpg
4zdhhf,life types of bug collectors you meet within your first minutes of college,0,images/4zdhhf.jpg
5nhl3o,amid trumps smashing victory the nation elects its first latina senator,1,images/5nhl3o.jpg
4bu9pd,australian rhino project moving rhinoceros from africa to protect against poaching,1,images/4bu9pd.jpg
20f8b3,toothless angler fish,0,images/20f8b3.jpg
dhwsftv,available here,0,images/dhwsftv.jpg
cct7sp,guess it got a little hot in my car today,1,images/cct7sp.jpg
8jc31m,it does get greasy,0,images/8jc31m.jpg
91iels,request found on twitter,0,images/91iels.jpg
bue4il,french symbolic map of europe ww,0,images/bue4il.jpg
887fou,gnarly nasty nobodies if i could go back,0,images/887fou.jpg
d88si9,bit of resin around the rim of the opening of my clear glass weed bowl creates an illusion that makes the upper rim look black when viewed from the top,1,images/d88si9.jpg
2fylm4,cow looking over stone fence with frown face,1,images/2fylm4.jpg
ckvnb1,this kid in home depot,1,images/ckvnb1.jpg
bsqw2e,north korean poster for american troops korean war,0,images/bsqw2e.jpg
1s41ma,these monitor stands know something you dont know,0,images/1s41ma.jpg
bhibmu,these meeting minutes dating back to,1,images/bhibmu.jpg
89pgqk,a tragic but inspiring story about a new jersey youth hockey coach who lost his son to cancer but remained with the team as they played in his memory,1,images/89pgqk.jpg
b96yc1,the amiibo i ordered came with the original japanese packaging im in america,1,images/b96yc1.jpg
33c4zh,when you are ready to have a serious conversation about green lantern you have my email address,0,images/33c4zh.jpg
1eshto,cheese without a friend,0,images/1eshto.jpg
5ng4y1,vestrahorn iceland,1,images/5ng4y1.jpg
1wqetq,alaskan husky photo bomb,1,images/1wqetq.jpg
41b9r1,puppy in a coat,1,images/41b9r1.jpg
1dfuay,diving for a volleyball,1,images/1dfuay.jpg
3o04xz,carlisle cathedral oc,1,images/3o04xz.jpg
4biicq,a guy riding his bike over a hump,1,images/4biicq.jpg
b9233r,firstworld problems for an easy way to make a relatable meme,0,images/b9233r.jpg
1vspul,a boy and his pet dinosaur,1,images/1vspul.jpg
7jobcr,college student arrested tried to trade chicken alfredo sprite for sex,1,images/7jobcr.jpg
8k9wmr,steve jobs pitching marketing ideas for the iphone taken,0,images/8k9wmr.jpg
4c0l74,n korea video depicts imagined submarine attack on washington dc,1,images/4c0l74.jpg
1043ci,haunted house reactions,1,images/1043ci.jpg
5i98hb,harsh reality of the vietnam war,0,images/5i98hb.jpg
65sx1n,my sisters evil looking easter egg,0,images/65sx1n.jpg
dib4ik,this phallic cactus,1,images/dib4ik.jpg
6461z7,fighter jet,0,images/6461z7.jpg
bfgex7,this polar bear,1,images/bfgex7.jpg
5s8gik,a crumpled up paper towel,0,images/5s8gik.jpg
251gei,jaden smith wearing wig,0,images/251gei.jpg
3u9n4z,strong putin,1,images/3u9n4z.jpg
cabo4o,scary human concrete,0,images/cabo4o.jpg
d8s8m2,think this guy was a little worried about the turbulence on the flight aswell,0,images/d8s8m2.jpg
c6nk09,farmers uprise in protest of increased taxes in the us state of massachusetts,0,images/c6nk09.jpg
3bltkh,girls generations new party teaser on the beach,1,images/3bltkh.jpg
4s4eit,hook lighthouse exactly like her,0,images/4s4eit.jpg
96tr0o,took me too long too,0,images/96tr0o.jpg
6s65w4,life unappreciated greatness an incognito ron jeremy masturbated in grand central station for hours and nobody stopped to watch,0,images/6s65w4.jpg
7p15g5,request laneway in sydney,0,images/7p15g5.jpg
c0fudq,dreamcatcher sleepwalking,0,images/c0fudq.jpg
1kwj08,beatlemaniac hellbent on generating army of john lennons from tooth dna,1,images/1kwj08.jpg
77343g,manikin man,1,images/77343g.jpg
ca0g1k,bonus points if you can see two faces,0,images/ca0g1k.jpg
1dtll6,george w bush and vladimir putin wearing ponchos,1,images/1dtll6.jpg
conn5y,cia identifies possible safe haven for domestic terrorists th,0,images/conn5y.jpg
5xq0yw,exotic bathroom,1,images/5xq0yw.jpg
24uz6a,why hello there floor man,0,images/24uz6a.jpg
3bgzhq,this cat guarding a laptop,1,images/3bgzhq.jpg
5aun6p,the one thing people always notice about your home,0,images/5aun6p.jpg
bdqojh,notre dame engulfed in flames,0,images/bdqojh.jpg
cmqnql,my hotel has a copy of the bhagavad gita along with a bible,1,images/cmqnql.jpg
b1euv9,workers at the lower end of the pay scale finally are getting the most benefit from rising wages,1,images/b1euv9.jpg
ccx755,the alien queen emerges from her hive to hold a press conference during the great invasion of area,0,images/ccx755.jpg
bn34c7,experts see russia fingerprints on north koreas new missile,1,images/bn34c7.jpg
c2ebjl,is it supposed to perfume or not answer me bot,1,images/c2ebjl.jpg
crtxr9,came outside at this morning to be greeted by this startling image of my dog,1,images/crtxr9.jpg
chnv87,this record player is ready to party,0,images/chnv87.jpg
26a4jj,flex your head immigrant advocacy in berlin brussels and turin flyer,0,images/26a4jj.jpg
5wt8e4,a man in a field holding a bird,1,images/5wt8e4.jpg
d7xbkm,he shouts,0,images/d7xbkm.jpg
d5mzj8,benito mussolini and a number of his supporters are hung in piazzale loreto,0,images/d5mzj8.jpg
46vw5x,a frog riding a hercules beetle,1,images/46vw5x.jpg
r17jo,this creep stared at me the whole class,0,images/r17jo.jpg
av0uzd,cabling running through the tv,0,images/av0uzd.jpg
6g7554,a freaked out barking owl,1,images/6g7554.jpg
1qq0yh,student omitted from yearbook possibly for tuxedo,1,images/1qq0yh.jpg
7lgy5j,heartwarming moment hospital allow horse to visit young patient before christmas,1,images/7lgy5j.jpg
2ertdk,british couple celebrate years of marriage,1,images/2ertdk.jpg
8yu574,violence flares as israel strikes gaza hamas fires rockets,1,images/8yu574.jpg
157ox7,happy bag loves tictacs,0,images/157ox7.jpg
845mgd,the flying dutchman,0,images/845mgd.jpg
bezrbe,this egg boy attack,1,images/bezrbe.jpg
6z1jmc,circle selftitled,0,images/6z1jmc.jpg
9d8abt,sunflower farm forced to ban instagrammers after thousands flock to capture perfect selfie,1,images/9d8abt.jpg
8rbt1c,leg day,0,images/8rbt1c.jpg
zav3c,wrong ball,1,images/zav3c.jpg
atslgg,mein gott artist massboeuf postcard,0,images/atslgg.jpg
1ozq6h,i ran into this guy in vancouver yesterday,0,images/1ozq6h.jpg
desm1g,michigan boy suffers second degree burns in fire challenge,1,images/desm1g.jpg
az838h,there are bloodbags for babies that have th of the volume of a normal one,1,images/az838h.jpg
7m4u86,merapoh here with you,0,images/7m4u86.jpg
ri0ry,shocked crate,0,images/ri0ry.jpg
75iqlp,top conspiracy theories that turned out to be conspiracy theories,0,images/75iqlp.jpg
2iiahf,middle class jobs are finally coming back,1,images/2iiahf.jpg
398ybw,man sees face of jesus at ikea but cant find curtain tiebacks,1,images/398ybw.jpg
6bwkgm,president sanders,0,images/6bwkgm.jpg
9cou7m,ships grouping up before dday wwii,0,images/9cou7m.jpg
1y0f3a,beers not too happy i finished it,0,images/1y0f3a.jpg
628kno,unidentified american lobbyist cozying up to vladimir putin in a secluded stretch of the moskva river cctv footage,0,images/628kno.jpg
6o1mwe,two gop senators to vote against obamacare repealonly bill,1,images/6o1mwe.jpg
cb64mz,anne frank disguised as hitler to escape the nazis,0,images/cb64mz.jpg
c5wrdg,this ad that looks like shes spraying her kid with a hose,0,images/c5wrdg.jpg
3v2794,appalachia grasps for hope as coal loses its grip the one main source for decentpaying work in this region the brutal life of coal mining seems to be drying up for good,1,images/3v2794.jpg
9b8r81,denver viewer donates k to nonprofit overwhelmed with homeless population,1,images/9b8r81.jpg
aspt77,giant tortoises believed to have been extinct for more than years are found alive and well in the galapagos islands,1,images/aspt77.jpg
cl0pua,color difference between cleaned shoe and uncleaned shoe,1,images/cl0pua.jpg
b325t1,scotland yard frees yearold british man after dna evidence clears him of being jack the ripper,0,images/b325t1.jpg
1zsbva,stretchy cat,1,images/1zsbva.jpg
41ji32,an unusually happy gardener,1,images/41ji32.jpg
5eebmz,nasa team claims impossible space engine works,1,images/5eebmz.jpg
97whfn,the nazis invade france th,0,images/97whfn.jpg
5gsbds,a veteran struggled to find a job because he needed his service dog my hometown lowes hired them both,1,images/5gsbds.jpg
2t85gn,by to us senate passes amendment saying climate change is real not a hoax,1,images/2t85gn.jpg
d5z9vg,henry viii marries and later divorces catherine of aragon,0,images/d5z9vg.jpg
3hz0ts,my little pony found in pork fat,0,images/3hz0ts.jpg
8cczmj,i drew the pic on the right on the draw me app after seeing the picture to the left hopefully im not the only one who sees it now,0,images/8cczmj.jpg
6qaut2,family surprises mothers caregiver with nursing school tuition,1,images/6qaut2.jpg
7z9thm,gucci shuns glamour and sex for philosophy and severed heads,1,images/7z9thm.jpg
cuar2w,found on my homepage from two seperate subs,1,images/cuar2w.jpg
6a642m,lyft driver educates on sexual assault,1,images/6a642m.jpg
23u740,very frustrated little girl,1,images/23u740.jpg
764kf5,trump administration to end obamacare subsidies for the poor,1,images/764kf5.jpg
8qk3ws,mixing the brownie ingredients together,0,images/8qk3ws.jpg
c9g2wc,this hand dryer projects the word dry while using it,1,images/c9g2wc.jpg
ay459i,this tree bunny aahhh,0,images/ay459i.jpg
dk8afq,in taiwan warninginformation signs use cartoon corgis instead of people,1,images/dk8afq.jpg
2uw1jc,nbcs brian williams admits he misremembered being in helicopter shot down in iraq,1,images/2uw1jc.jpg
bys9qk,this moth i found at work,1,images/bys9qk.jpg
560ff4,pence kaine at vp debate,1,images/560ff4.jpg
dft00f,my odometer at kms,1,images/dft00f.jpg
26lpn7,river outlet at glen canyon dam,1,images/26lpn7.jpg
5imgpv,i think he is happy my room is getting steamy humidifier,0,images/5imgpv.jpg
ct9fpf,johnnys left foot looks like its his right foot because it looks smaller and farther away,0,images/ct9fpf.jpg
c6m3a24,i personally think he was framed,0,images/c6m3a24.jpg
behslq,these kiwiberries from my malls fruit shop,1,images/behslq.jpg
9atsmr,the commuters bus stop,0,images/9atsmr.jpg
9cs3i0,man tells police he mistook firecracker for cigarette,1,images/9cs3i0.jpg
3rvpcz,wwes stone cold steve austin offers to be the cowboys quarterback while tony romo is out,1,images/3rvpcz.jpg
8nhckk,a giant banana peel in a rubbish bin,0,images/8nhckk.jpg
60eumu,found this guy inside my computer case,0,images/60eumu.jpg
b32m20,mild ginger,0,images/b32m20.jpg
chhl7u,operation vanna white,1,images/chhl7u.jpg
boyv9u,this spray that smells like a dragon,1,images/boyv9u.jpg
b83q3b,gasp ohmygawdyou didntttt,0,images/b83q3b.jpg
1uw59k,study gunshot wounds and blast injuries to the face are associated with significant morbidity and mortality,1,images/1uw59k.jpg
clbykq,incitatus is revealed to be a consul scroll ad,0,images/clbykq.jpg
broj92,jamie olivers cheeky deadsimple administration,0,images/broj92.jpg
4qu4sz,save us,0,images/4qu4sz.jpg
bm8udp,the bathroom stalls here are fixed to the ceiling for ease of cleaning the floor,1,images/bm8udp.jpg
85xb3u,munich teaches female entrepreneurs how to run a startup while having a family,1,images/85xb3u.jpg
zuxuz,meat company sues abc for reporting on its finely textured fleshcoloured meat product pink slime,1,images/zuxuz.jpg
700af2,utah blood nurse arrest violated police codes says report,1,images/700af2.jpg
c8vtxd,a graphic card,0,images/c8vtxd.jpg
619h58,alesund norway,1,images/619h58.jpg
6cci6c,i am the bee mower bow before me,0,images/6cci6c.jpg
3850mo,woman claims she was sexually assaulted by monkeys tries to file police report,1,images/3850mo.jpg
bhmnsg,the inside of these chromebooks have the google chrome logo cut out,1,images/bhmnsg.jpg
6n8vn1,joseph stalin smoking a cigarette after wwii had ended circa,0,images/6n8vn1.jpg
1z3jrj,paula deen im like that black football player,1,images/1z3jrj.jpg
d0dmg4,enlist artist fred spear usa,0,images/d0dmg4.jpg
bya611,huge hong kong protest expected in last push to scrap extradition bill,1,images/bya611.jpg
7xw43u,the emergency exit at work kept me in a good mood all day,0,images/7xw43u.jpg
auf8dl,these bubbles that landed on a towel and didnt pop,1,images/auf8dl.jpg
597nti,eva longorias surprising dna test,0,images/597nti.jpg
bt2rn6,shouldve gotten the jeans with stretch,0,images/bt2rn6.jpg
1wswsp,rob ford ticketed in vancouver for jaywalking,1,images/1wswsp.jpg
7q51pe,putin on arctic visit,1,images/7q51pe.jpg
6cqmy7,tldr,0,images/6cqmy7.jpg
c89kbf,castiron truck rack for a truck belonging to a decorative iron business,1,images/c89kbf.jpg
51gn9e,john carpenters the thing monster has been hiding a secret in plain sight this whole time,0,images/51gn9e.jpg
8ja3od,ill literate the conditioned american,0,images/8ja3od.jpg
56sqri,hocker free candy,0,images/56sqri.jpg
bwj2vq,ty plush godzilla,1,images/bwj2vq.jpg
asx55u,this ice tuft growing on frozen water in a bucket,1,images/asx55u.jpg
qn1fz,tobacco label portraying boss tweed of tammany hall us,0,images/qn1fz.jpg
5jk54c,cat in a box,1,images/5jk54c.jpg
19rtc9,dust everywhere,1,images/19rtc9.jpg
42gpl7,kylo ren getting chewed out,1,images/42gpl7.jpg
86xfwc,rare picture of the roswell alien,0,images/86xfwc.jpg
2lsoeo,was england will or what england wants additional text is a quote from british labour party leader william joynsonhicks which appeared in the daily telegraph jan the quote is to long so i put it in the comments,0,images/2lsoeo.jpg
8i9l3a,found some ecstasy at my mates place the morning after a party,0,images/8i9l3a.jpg
bvp4g0,the trees at this red light line up to flip you off while you wait,1,images/bvp4g0.jpg
93u6id,judge rules albuquerque civil forfeiture law unconstitutional upholds innocent until proven guilty,1,images/93u6id.jpg
8vnkjz,german man in a interview,0,images/8vnkjz.jpg
7u7hq5,my facebook feed is a former american politician and deep state operative,0,images/7u7hq5.jpg
4bhhk3,all dogs are puppies in the middle of a crane while fishing,0,images/4bhhk3.jpg
4e0547,gov rick scott fires back at woman who yelled at him at starbucks,1,images/4e0547.jpg
dbh9g5,this runts tin my mom has used as a wallet for approximately years,1,images/dbh9g5.jpg
b4slno,my fish unintentionally looked like a fish,1,images/b4slno.jpg
103wrl,my mop head was offended when i went to replace it,0,images/103wrl.jpg
4waxb0,michael phelps selected as us flag bearer for rio olympics,1,images/4waxb0.jpg
7hxn4h,world to recognise moscow as capital of the united states,0,images/7hxn4h.jpg
7csmz5,wise words from one of the week means nothing if you enjoyed it at all,0,images/7csmz5.jpg
4l82l5,indian colour festival,0,images/4l82l5.jpg
962xl0,this butcher,0,images/962xl0.jpg
caizjz,had some little eggs on the spare room window outside that hatched not sure what they are,1,images/caizjz.jpg
c29zq6,this surprised house,1,images/c29zq6.jpg
dh0bnm,the evil queen when realising it was actually wild boar and not snow white circa circa,0,images/dh0bnm.jpg
6p0ln1,brooklyn company employs more than blind workers,1,images/6p0ln1.jpg
5gj2br,pyramid meme,0,images/5gj2br.jpg
ch70lf,researchers first to uncover how the cannabis plant creates important painrelieving molecules that are times more powerful at reducing inflammation than aspirin the discovery unlocks the potential to create a naturally derived pain treatment for relief of acute and chronic pain beyond opioids,1,images/ch70lf.jpg
cdamyp,this toilet paper has another side of its handle,0,images/cdamyp.jpg
c5u0dt,this bike is balanced on the kickstand its not even locked up,1,images/c5u0dt.jpg
4welhh,recent breaches raise fears of voting system hacks,1,images/4welhh.jpg
2q8379,never again a poster printed right after the first world war in,0,images/2q8379.jpg
5zbx0r,woman scared of knight with cape and sword,1,images/5zbx0r.jpg
2r3lb9,monkey wrapped up in a blanket,1,images/2r3lb9.jpg
cauddb,this portrait cocacola used to promote their drinks back in the day,1,images/cauddb.jpg
6e5ao2,flip the picture and neither did they,0,images/6e5ao2.jpg
60jpim,heres how much you have to earn to be considered upper class,0,images/60jpim.jpg
ctf9tz,woot are you looking at,0,images/ctf9tz.jpg
9gj6la,sodas i found in a store in nashville,1,images/9gj6la.jpg
9kayhz,girl photographing her subject,1,images/9kayhz.jpg
6hjb9o,scientist in hiroshima,0,images/6hjb9o.jpg
1hsu4r,bathing red army sailors plummeting from a ship by alexei pakhomov communism painting,0,images/1hsu4r.jpg
3kt5bl,battle aircraft firefighters on behalf of previous winner workingat,1,images/3kt5bl.jpg
6hm7ov,grace hospital start tonight,0,images/6hm7ov.jpg
6va7xk,guy cant get his cat to sit in the circle but then discovers something frightening about his cat,0,images/6va7xk.jpg
awgj9t,the left hand end,0,images/awgj9t.jpg
41y8wi,the fourth sign buffer,0,images/41y8wi.jpg
4nbxfu,crowd at trump rally realizes theyve been chanting we are frightened and helpless for last half hour,0,images/4nbxfu.jpg
37xc61,pamela geller speaking behind a podium,1,images/37xc61.jpg
dbgwky,old hic logo found underneath old kitchen counters,1,images/dbgwky.jpg
avhxij,my peanut butter is the same color as my spoon,1,images/avhxij.jpg
bpz89t,my bamboo spatula has a buttplug on it,1,images/bpz89t.jpg
azsxw4,adolf hitlers last preparations for the invasion on poland,0,images/azsxw4.jpg
bqa4d6,cat with crossed arms,1,images/bqa4d6.jpg
4v7cs0,ohio lacks an essence,0,images/4v7cs0.jpg
cbqe2l,food reality television highfunctioning alcoholic,0,images/cbqe2l.jpg
b854z5,i got this nice letter just for ordering a pen,1,images/b854z5.jpg
8valxn,the glare from the sun on my closet door looks like some buff arm pulling a chain,0,images/8valxn.jpg
c195sw,american soldier being ambushed by a viet cong circa,0,images/c195sw.jpg
9fle1h,this harmonica at my local museum is about an inch long,1,images/9fle1h.jpg
b3j3zi,this scared hook thing above the door,0,images/b3j3zi.jpg
7y4lp8,our enormous cat,0,images/7y4lp8.jpg
b1keo5,this lemon is completely round,1,images/b1keo5.jpg
95g0se,the wright brothers present their findings to the aviation community,0,images/95g0se.jpg
ceqxl4,hotel sign in phuket thailand where the letter h in hotel is a bed with someone sleeping in it,1,images/ceqxl4.jpg
7k3ie7,bay roberts traffic stops turn into flat screen tvs for some good drivers,1,images/7k3ie7.jpg
1gpihr,a kitten riding a rooster,1,images/1gpihr.jpg
21do54,this random scrap of metal is waving its hand in the air like it just dont care,0,images/21do54.jpg
a2fsvr,the number of leds we had to replace this year out of strings of lights,1,images/a2fsvr.jpg
ddww03,bad by captcha,0,images/ddww03.jpg
6a9tvr,wendys gives free chicken nuggets and k for charity,1,images/6a9tvr.jpg
cfy9ht,get away from me bloodsucking beasts albanian caricature from,0,images/cfy9ht.jpg
6cxw5t,czechoslovak poster about east and west germany s,0,images/6cxw5t.jpg
2riojn,the hills have eyes,0,images/2riojn.jpg
83dg04,a lego gimlis axe,0,images/83dg04.jpg
c33es3,this rainbow kinda looks like a portal,1,images/c33es3.jpg
1y48hq,turtle,1,images/1y48hq.jpg
5duihf,north korean posters with translations various dates date unknown,0,images/5duihf.jpg
669f2o,who gets fooled most by phone fraud,0,images/669f2o.jpg
6ldrdn,this pepper is flexing me noc,0,images/6ldrdn.jpg
comfrz,the way this kiwi vine doubled back on itself,1,images/comfrz.jpg
b0d0qf,crochet step tire cover,1,images/b0d0qf.jpg
8s0dw5,rmk stranded in tokyo,0,images/8s0dw5.jpg
b4mrft,amy schumer getting angry for another pig joke,0,images/b4mrft.jpg
39rzt3,nathan misfits talking to his mom,1,images/39rzt3.jpg
ayyryl,a drawing in a hotel bathroom,1,images/ayyryl.jpg
2c53g2,us stocks open higher after strong gdp report,1,images/2c53g2.jpg
2ckz84,the reflection is a sadface,0,images/2ckz84.jpg
3dflxp,mrw im trying to browse reddit at the beach in parksville bc,0,images/3dflxp.jpg
db9fie,jeffery epstein circa,0,images/db9fie.jpg
64cza6,chrissy teigen pays for fan to go to beauty school,1,images/64cza6.jpg
2i7zev,husky in a hat from reyebleach,1,images/2i7zev.jpg
1z7ngq,the cabinet in my bathroom was looking at me,0,images/1z7ngq.jpg
ybp1b,protestors and police in front of the ecuadorian embassy in britain where assange currently is,1,images/ybp1b.jpg
10gwkw,mitt romney praises adolf hitlers energy ideas,1,images/10gwkw.jpg
bav8v6,i found two green grapes in my bag of black grapes today,1,images/bav8v6.jpg
diwbfa,this pencil sharpener pencil cap,1,images/diwbfa.jpg
b8417g,immigration reform more than a decade of failure from bush to obama and now trump,1,images/b8417g.jpg
ascfe7,a woman passes by a storefront with mannequins,1,images/ascfe7.jpg
3y0094,skywalking in stockholm urban design proposal calls for pedetrian and cycling bridges to span green roofs throughout downtown turning individual rooftops into a network of public sky parks,1,images/3y0094.jpg
bl0gj1,person and service dog got their hair dyed the same colors,1,images/bl0gj1.jpg
6brv7k,the king of thailand in a crop top,1,images/6brv7k.jpg
370iz3,this gentleman holding up these fish,1,images/370iz3.jpg
2su7d7,the book for germans mein kampf over million sold,0,images/2su7d7.jpg
25veli,a group of protesters with a sign,1,images/25veli.jpg
76u791,our president is so trashy,0,images/76u791.jpg
96vq2p,yay,0,images/96vq2p.jpg
6f0wbe,newly elected grand wizard leads his first kkk meeting decolorized then,0,images/6f0wbe.jpg
2usug9,excited to be a speed demon,0,images/2usug9.jpg
c1ohkv,a canadian poppy quarter,1,images/c1ohkv.jpg
5slqu9,yemeni girl reunited with family at sfo after four years apart,1,images/5slqu9.jpg
8uum4d,this muscular tiger,1,images/8uum4d.jpg
9h5pby,egg boy,0,images/9h5pby.jpg
3vv84a,albuquerque revising approach toward the homeless offers them jobs,1,images/3vv84a.jpg
c716u2,this raven stealing this dudes bag of chips at yellowstone national park,1,images/c716u2.jpg
76sy2y,darika starr idle worship,0,images/76sy2y.jpg
bw3uii,nelly furtado promiscuousmaneater,0,images/bw3uii.jpg
8w28qr,the growth of world communism,0,images/8w28qr.jpg
4old6d,what is a ramones cover i did for a second guys,0,images/4old6d.jpg
8v03eh,nike execs cant stop saying one word and it reveals the future of the company,0,images/8v03eh.jpg
ca0rho,found adam and eve,1,images/ca0rho.jpg
7i3rn1,the dead aspen tree in my yard looks sorta like mike from monsters inc staring apprehensively up the street,0,images/7i3rn1.jpg
6wqk5t,mayweather vs mcgregor,0,images/6wqk5t.jpg
7wxyo7,this dog at the lunar new year festival,1,images/7wxyo7.jpg
3gotmq,antelope canyon,1,images/3gotmq.jpg
7ghljp,people watching volcano from tiny truck,1,images/7ghljp.jpg
77flzu,this tractor is excited because,0,images/77flzu.jpg
bexvyo,gary not coming hom,0,images/bexvyo.jpg
cc3ox6,the sun made a cyber caterpillar on my desk,1,images/cc3ox6.jpg
6bcibi,carter page cites maroon in letter to justice department,1,images/6bcibi.jpg
byqozd,if you work at mcdonalds you get to try stuff for free and this is called a stroopwaffle mcflurry and its from the netherlands httpstconttytylb,1,images/byqozd.jpg
4kou4u,barcelona coach luis enrique channeling his inner mj,1,images/4kou4u.jpg
c6veuz,this overflowing cupcake ended up looking like an elephant,1,images/c6veuz.jpg
3hqb44,pasco authorities say stabbing took place over debt,1,images/3hqb44.jpg
2wl242,frozen fecal matter closes interstate exit ramp,1,images/2wl242.jpg
8tmmi8,korean soccer players preparing their strategy against the mexican goalkeeper colorised,0,images/8tmmi8.jpg
2eycmq,peacock taking flight,1,images/2eycmq.jpg
5ddyft,atheist radio show hosts get replaced by roundtheclock christmas music,1,images/5ddyft.jpg
7nqt37,this dog in a coat,1,images/7nqt37.jpg
bt6cl7,this teeny tiny grasshopper,1,images/bt6cl7.jpg
blmji9,perfectly designed back hair,0,images/blmji9.jpg
c5k4mz,houston infant dies with plus fractures parents charged,1,images/c5k4mz.jpg
4sfiqg,a proposal to legalize recreational marijuana use,0,images/4sfiqg.jpg
c3i49w,husband took this picture and i started at it for minutes before i understood what i was looking at,1,images/c3i49w.jpg
6kxeap,obama plays behindthescenes role in rebuilding democratic party,1,images/6kxeap.jpg
cdy7pb,vacuum sealed detective pikachu plush,1,images/cdy7pb.jpg
6lnipl,hokitika bridge new zealand,1,images/6lnipl.jpg
brou8y,japanese general explaining kamikaze tactics to new imperial pilots,0,images/brou8y.jpg
8jlkjh,deep fried chicken,0,images/8jlkjh.jpg
733sgo,love equday you need to be more meaningless,0,images/733sgo.jpg
40mdr5,mi governor kicked in face,1,images/40mdr5.jpg
ctmdny,this display of fine italian briefcases,0,images/ctmdny.jpg
cnftne,chance the rapper dropping his new album,0,images/cnftne.jpg
3z0lfy,man dressed up like goddess kaali,1,images/3z0lfy.jpg
cnz63m,club penguin eraser,1,images/cnz63m.jpg
c5twiy,i found this bike wedged between trees,1,images/c5twiy.jpg
decu6v,my neighbor washing a semi in his driveway by hand,1,images/decu6v.jpg
df50sc,golden astronaut,1,images/df50sc.jpg
1axfyu,the snow on our shrubs resemble animals,0,images/1axfyu.jpg
bapfon,hitler on his podium,0,images/bapfon.jpg
8vru61,whose hand is that,0,images/8vru61.jpg
5gbrjb,these two wieners,1,images/5gbrjb.jpg
54ier9,this high schools homecoming king turned down the crown the unexpected reason why left the whole stadium in tears,0,images/54ier9.jpg
2ga9i0,the mexico city police department is trying to convince us of how friendly they are,0,images/2ga9i0.jpg
d4eks3,different colored segments when i cut into a cara cara orange,1,images/d4eks3.jpg
3kfbln,female antipoaching unit wins big un environmental award,1,images/3kfbln.jpg
1ewjt1,pope francis performs first exorcism,1,images/1ewjt1.jpg
2qtmau,cia admits to being responsible for at least half of ufo sightings in the s and s,1,images/2qtmau.jpg
4t4c8h,massive electron spectrometer passing through a small town,1,images/4t4c8h.jpg
35a4b7,couple murdered for unfriending woman on facebook,1,images/35a4b7.jpg
2d0kd0,mark coonrippy brown running for tennessee governor in bid to get back seized raccoon rebekah,1,images/2d0kd0.jpg
2otb94,earl of sandwhich,0,images/2otb94.jpg
b7n4fj,watergate employee discovers evidence of wiretapping,0,images/b7n4fj.jpg
599sq2,this gravitydefying ringtailed lemur,1,images/599sq2.jpg
azr7ty,our church building has turn off phones sign with tinder app on it,1,images/azr7ty.jpg
c4zvyd,warship musicdaddynodaddy,0,images/c4zvyd.jpg
3qm6md,wwi poster that was part of a series produced by barron collier ca,0,images/3qm6md.jpg
ejdfl5n,available here,0,images/ejdfl5n.jpg
7838o9,the worlds most powerful people you wont believe who is number one,0,images/7838o9.jpg
6avuxl,dublin student reunited with laptop containing phd notes on therapies for multiple sclerosis following jk rowling search campaign,1,images/6avuxl.jpg
8s27ac,japanese leaders at the end of ww,0,images/8s27ac.jpg
di0pud,ever wonder what was in the coke machines with all the flavor combos oc,1,images/di0pud.jpg
biw5ow,lamps reflection in my sunglasses,0,images/biw5ow.jpg
350dwe,bc landlord asks dog owners for fecal samples to sniff out stairwell mess,1,images/350dwe.jpg
1zwj2q,former top nsa official says tech firms should be more transparent about data collection,1,images/1zwj2q.jpg
1ssawe,russia is moral compass of the world putin,1,images/1ssawe.jpg
6k1op8,a desperate fox news makes the worst argument ever for the gop healthcare bill,1,images/6k1op8.jpg
92f55f,alien syndrom alibaba rac,0,images/92f55f.jpg
563dun,florida man running for presidentagainst florida man arrested after selling bitcoins to agent ponzi,0,images/563dun.jpg
5hx0zx,funny animal selfie,1,images/5hx0zx.jpg
bwyfbb,this magazine has a accidental sad face,1,images/bwyfbb.jpg
4s57a3,cat running through nrl game,1,images/4s57a3.jpg
6kl6aw,paper plate skull,0,images/6kl6aw.jpg
9jdkt5,i upset amazons customer service rep one of the blue jays for years listens to the hiv virus,0,images/9jdkt5.jpg
5vze4j,single mom making minimum wage used her tax return to pay rent for the year instead of buying my kids the latest jordans or fancy electronics,1,images/5vze4j.jpg
5x2e4y,trump administration has found only million in existing funds for wall,1,images/5x2e4y.jpg
4xarkm,exponential decay familiar tears,0,images/4xarkm.jpg
c70s2c,made sunny side up eggs but the lid was too small,1,images/c70s2c.jpg
3g3zif,what eur french fries look like in the netherlands,0,images/3g3zif.jpg
cha49l,a piece of a net fused into a rock can anyone explain how this happened,1,images/cha49l.jpg
bstgla,this cleaning robot at giant has googly eyes put on it,1,images/bstgla.jpg
4bjx8i,the fitness store challenging lululemon with yoga pants,1,images/4bjx8i.jpg
4e1ib1,water leaking between wall and paint,1,images/4e1ib1.jpg
cx6u4x,i hope this guy found a new home and some comfort,0,images/cx6u4x.jpg
4mjvk8,anticommunist poster from the cdu,0,images/4mjvk8.jpg
3debeo,hires comet pcg,1,images/3debeo.jpg
3w7xcd,germany announces formation of fourth reich,0,images/3w7xcd.jpg
2du1jk,my dog in a midair catch,1,images/2du1jk.jpg
b027zz,i got four pennies in change that were all from,1,images/b027zz.jpg
arm2yv,this little scene of a beetle couple in the bathroom complete with a tiny bottle of whiskey,1,images/arm2yv.jpg
68964e,boy turns in he found gets outstanding citizen award,1,images/68964e.jpg
5gesew,kid tossing leaves into the air,1,images/5gesew.jpg
9213j0,the battle of the giza goliaths cairo egypt bc,0,images/9213j0.jpg
cca70m,i just found these straws at the store that make your milk taste like strawberry when you drink through them,1,images/cca70m.jpg
34s6z9,police officer is shot and critically wounded in queens,1,images/34s6z9.jpg
6c5o0j,memeticsa growth industry in us syria strike,0,images/6c5o0j.jpg
4o9z5f,harry potter authors unique connection to orlando shooting victim,0,images/4o9z5f.jpg
1dmicn,enlightened andy,1,images/1dmicn.jpg
ct2rd7,this fry guy mascot,1,images/ct2rd7.jpg
3lt3gn,mean couch bros,0,images/3lt3gn.jpg
5310p7,my cat is most honorable chairman of my fluffs in her nest,0,images/5310p7.jpg
btx61u,this money tree i found at becky falls devon uk,1,images/btx61u.jpg
8f6ws8,anzani cruising with anzani,0,images/8f6ws8.jpg
cxtwcp,this neon labrador is complete with neon dog poo,1,images/cxtwcp.jpg
5boxqm,home decay,0,images/5boxqm.jpg
9bn08o,which grievances do you wish to bring before the king,0,images/9bn08o.jpg
zmvcu,curb your enthusiasm,1,images/zmvcu.jpg
c8pjja,this reddit gold symbol found in this kids book,1,images/c8pjja.jpg
b3uc08,sitting on the stairs,0,images/b3uc08.jpg
aww458,two boxes of juice make a glass,1,images/aww458.jpg
95yqgr,doggy toy hugs,1,images/95yqgr.jpg
7l357b,brian austin green has finally spoken out about that controversial photo of his son,0,images/7l357b.jpg
4mfjf4,sweaty sex campaign in denmark encourages couples do it for mom to save welfare state,1,images/4mfjf4.jpg
aywhpk,bumpy snow,0,images/aywhpk.jpg
71lze5,sheriff david a clarke in his glory days before he went batshit crazy,0,images/71lze5.jpg
20ykq6,thanks for being so cool about everything vladimir putin,0,images/20ykq6.jpg
5q1mpq,cowsuit and cat mask,1,images/5q1mpq.jpg
34mpjv,magazine prints cover with ink that contains hivpositive blood,1,images/34mpjv.jpg
7nhaad,california pot shops ring in ring up first legal sales,1,images/7nhaad.jpg
86sbkf,slicedketchup kickstarter takes the chaos out of condiments,1,images/86sbkf.jpg
7x2fsp,teach a man to fish whered my fish go,0,images/7x2fsp.jpg
d8gkd20,hasta la vista baby,0,images/d8gkd20.jpg
bns04f,dr amos twitchell of new hampshire performs the first documented carotid artery surgery in the united states,0,images/bns04f.jpg
cqcko5,the plastic window on this pie box is made of wood pulp,1,images/cqcko5.jpg
bfqh5r,my sisters thumbs,1,images/bfqh5r.jpg
5n1s54,dog falling on ice,1,images/5n1s54.jpg
3fbd5i,fan bravely ventures to other side of stadium in search of better food options,0,images/3fbd5i.jpg
c2hnvt,soviet anti us cold war,0,images/c2hnvt.jpg
28igrp,amazing view from above the clouds,0,images/28igrp.jpg
4vsfqt,you wont believe what these foods actually are,0,images/4vsfqt.jpg
66megk,my popcorn loves playing the clarinet,0,images/66megk.jpg
8eebt4,the lucky dip,0,images/8eebt4.jpg
b6yua7,andrew scheer racks up millions in fines violating do not call list with mass texts,0,images/b6yua7.jpg
90z8aj,this little forklift knows he just messed up big time,0,images/90z8aj.jpg
dehq04,due to the criminalization of wearing a facemask hong kong protestors have resorted to creative means to obscure their identity from tyranny,0,images/dehq04.jpg
9dkkjc,is it fair to not pay college football players when the mascots make a year,0,images/9dkkjc.jpg
avllje,an architectural model i made,1,images/avllje.jpg
3osvcg,this selfie with putin,1,images/3osvcg.jpg
1mzq4y,bush obama should play golf,1,images/1mzq4y.jpg
2ftvsn,found this guy hiding in my flour,0,images/2ftvsn.jpg
d48naq,this rock i bought from blackpool,1,images/d48naq.jpg
9hvcyz,this insect stuck between the glasses of an airplane window,1,images/9hvcyz.jpg
2vfb29,shamu with a floppy fin,1,images/2vfb29.jpg
bz4ybj,the colonists begin to show their frustration with the sugar act imposed by british parliament,0,images/bz4ybj.jpg
b9oaub,this lone duck i saw on my walk,1,images/b9oaub.jpg
9erjty,whos legs are whos x post from rfunny,0,images/9erjty.jpg
642wce,jared kushner hid dozens of meetings with russians from his application for topsecret security clearance,1,images/642wce.jpg
4qiios,ca governor has approved a state budget that includes million for a program to discount fresh produce at farmers markets for lowincome shoppers,1,images/4qiios.jpg
71idri,gop leaders confident theyll have cruelty necessary to pass healthcare bill,0,images/71idri.jpg
6yf087,grocery prices have been falling did you notice the salt npr,1,images/6yf087.jpg
avetxq,private company discriminates against disabled people,0,images/avetxq.jpg
4cockk,one of clevelands finest eateries is almost completely staffed by exoffenders they are provided to hours a week in free training more than of the graduates are now employed and none have gone back to prison,1,images/4cockk.jpg
asf0d0,the way this layer cloud covers the river exactly,1,images/asf0d0.jpg
82u67v,grass beard from philadelphia flower show,1,images/82u67v.jpg
1lgyqn,crowd on beach watching a baby sea turtle emerge,1,images/1lgyqn.jpg
69ocf6,pinball machine,0,images/69ocf6.jpg
byff2i,heart shaped hole in my cheerio,1,images/byff2i.jpg
3am6tz,captain marvels pareidolia experiments are leaking through the page,0,images/3am6tz.jpg
22j20i,shocked to see a different hat on mr potatos head,0,images/22j20i.jpg
82qteh,this man having way too much fun,1,images/82qteh.jpg
2qtbs3,this toy was really sad and his friend on the right was really surprised,0,images/2qtbs3.jpg
3a650e,burger king launches red burger sets sights on entire colour spectrum,1,images/3a650e.jpg
2tna0j,virginia tech basketball coach buzz williams going crazy,1,images/2tna0j.jpg
8hvhw1,this is how my friend is making a video i was just another bus ad,0,images/8hvhw1.jpg
1bm67c,mayor rob ford makes vomiting sound in reaction to metrolinx revenue proposals,1,images/1bm67c.jpg
cu7y0j,gargantuan tarantula vs zebra,0,images/cu7y0j.jpg
c3yts0,a door leading to no where at dennys,1,images/c3yts0.jpg
5a9n7m,on this day in history in boxing history was made,0,images/5a9n7m.jpg
7ni377,little guy with little arms,0,images/7ni377.jpg
214kxs,security billboard on the oak ridge campus during the world war ii manhattan project,0,images/214kxs.jpg
3sm0yv,she gets the bizarre privilege of a blizzard shelter with a bowie knife,0,images/3sm0yv.jpg
51pvoa,one of thousands of refugees in europe,0,images/51pvoa.jpg
b4vdac,midi saxophones exist,1,images/b4vdac.jpg
3u2p87,firefighters buy toys for phelan boy who saved grandmother from fire,1,images/3u2p87.jpg
8i6fw9,turkey to receive first f fighter from us next month,1,images/8i6fw9.jpg
4xwbov,stop this grab by a unknown artist ww exact date unknown,0,images/4xwbov.jpg
3zt440,vietnam era south vietnam poster attempting to recruit vietcong x,0,images/3zt440.jpg
chef1d,i got all four of my wisdom teeth taken out last week heres two fully intact ones,1,images/chef1d.jpg
1vsmzx,meet the erotic ecoporn activists bonking to save the earth,1,images/1vsmzx.jpg
4i2xb3,fort mcmurray wildfire syrian refugees in calgary pitch in to help,1,images/4i2xb3.jpg
7yn5ds,a sad soupy fate,0,images/7yn5ds.jpg
451uad,so this is one of the kek get shrekd,0,images/451uad.jpg
41cjte,jihad means total commitment pakistan,0,images/41cjte.jpg
bvcm5r,us energy official rebrands fossil fuels freedom gas,1,images/bvcm5r.jpg
5znc9n,sloth pie,0,images/5znc9n.jpg
24ealz,jose mourinho rushes to the dressing rooms in chelseas match against atletico,1,images/24ealz.jpg
5ru65g,bengal cat sticking her tongue out,1,images/5ru65g.jpg
7100nz,northern goshawk,1,images/7100nz.jpg
b9vdqz,my milk came with labels,1,images/b9vdqz.jpg
9i5o9p,taxidermied ram fighting taxidermied puma,1,images/9i5o9p.jpg
dcgvpv,from walmart a little excessive,1,images/dcgvpv.jpg
17zj5u,boeing ad from that shows us troops storming a mosque it was quickly pulled from circulation,0,images/17zj5u.jpg
536mmr,high school football team loses on purpose after opposing players injury,1,images/536mmr.jpg
awqclt,black hitlers talks with the league of nations,0,images/awqclt.jpg
120oxk,purple haze cast over edinburgh castle,1,images/120oxk.jpg
7v296h,dog eats boy alive,0,images/7v296h.jpg
1ezw1p,no please dont,0,images/1ezw1p.jpg
de587y,the paint chipping on my stairs looks like a unicorn,0,images/de587y.jpg
764kce,this little guy greeted me at the job today,0,images/764kce.jpg
2ou4tj,cat majestically stretching,1,images/2ou4tj.jpg
cc3wom,this cookie box is designed so each time you pull a cookie out another one falls down,1,images/cc3wom.jpg
bifvls,snow that was dyed red from fresh mulch being placed down before,1,images/bifvls.jpg
8tsp5s,when the drugs hit,0,images/8tsp5s.jpg
axt3p8,so much moss in this one area,0,images/axt3p8.jpg
6mj30d,trump jr was told in email of russian effort to aid campaign,1,images/6mj30d.jpg
bz7le8,this paper plate that looks like it got messed up in the factory,1,images/bz7le8.jpg
918emw,marketing win rayban won an award for its incredible rayban off true authentic raybans just social media ad campaign,0,images/918emw.jpg
3nx9sz,potted cat under lime tree,1,images/3nx9sz.jpg
berk5v,little cub bites tree branch,0,images/berk5v.jpg
8hw6pa,opus dreamcatcher,0,images/8hw6pa.jpg
38t2t2,bus driver hailed as hero for spotting yearold kidnap victim,1,images/38t2t2.jpg
astlqn,this cheerful mop,0,images/astlqn.jpg
592er0,a main thoroughfare in the predominantly black town of riviera beach fla was once called old dixie highway but now the road has a new name president barack obama highway,1,images/592er0.jpg
b3s8dy,all of these movies have deadpool covers,1,images/b3s8dy.jpg
czrx50,this insanely big grape,1,images/czrx50.jpg
9ddrs3,the gradient on this plant,1,images/9ddrs3.jpg
26swjw,great caricature about the war in libya russia x,0,images/26swjw.jpg
7vw24d,this girls bra shopping horror story is giving everyone chills,0,images/7vw24d.jpg
az7w7s,unexpected hammer time at chicago hotel,1,images/az7w7s.jpg
7gokh1,my cocktail strainer is super sad,0,images/7gokh1.jpg
8hep9p,rare photo of human ancestor circa bc,0,images/8hep9p.jpg
d302cu,my mom found an albino praying mantis in her garden,1,images/d302cu.jpg
bk6pl3,this miniature copy of war and peace,1,images/bk6pl3.jpg
7ccqx4,exliberian refugee eager to serve montana capital that elected him mayor,1,images/7ccqx4.jpg
3wku9x,zombie cardboard,0,images/3wku9x.jpg
4oob4b,tale of two walls by rednblacksalamander,0,images/4oob4b.jpg
bwsmi7,my mom has a clock in which the numbers are elephants,1,images/bwsmi7.jpg
e53kdq7,available here,0,images/e53kdq7.jpg
1f2qwk,kansas lawmaker opposes encouraging the behavior of purchasing food with lower food taxes,1,images/1f2qwk.jpg
1gvhat,shes quite flexible,1,images/1gvhat.jpg
b570b8,found out ranchers used to use this cactusbush for barb wire,1,images/b570b8.jpg
cix4hh,my really long fruit snack remote for comparison,1,images/cix4hh.jpg
bnwl7m,i put on a fat suit to understand what its like to be your mom,0,images/bnwl7m.jpg
b0k4h4,xeudonym cigarettes,0,images/b0k4h4.jpg
bodnqg,i was cleaning my shelves and a christmas ornament left a dust pattern,1,images/bodnqg.jpg
azxrcp,burger bro looking cozy,0,images/azxrcp.jpg
9767yr,minimalists up and over x,0,images/9767yr.jpg
cy8fda,steam extraction has eaten away the protective cage,1,images/cy8fda.jpg
4mefsj,this man was born without arms or legs but that didnt stop him completing a marathon,1,images/4mefsj.jpg
b4r08y,i found a great white tooth today,1,images/b4r08y.jpg
3u63bv,map shows where to find free fruit on bay area streets,1,images/3u63bv.jpg
1kr8mm,san francisco bans helmet cams after they capture firefighters running over asiana crash victim,1,images/1kr8mm.jpg
bc5yoc,half of my block has bloomed the other half still thinks its winter,1,images/bc5yoc.jpg
2zdxyt,cookie monster,0,images/2zdxyt.jpg
bjm0r5,this red apple with a perfect green slice,1,images/bjm0r5.jpg
c9d7n7,is this the cupboard on the plane or is it me after hrs in a middle seat,0,images/c9d7n7.jpg
73p9kf,banana republic thrd world,0,images/73p9kf.jpg
atnty7,gop finally has documented case of election fraud committed by republicans,1,images/atnty7.jpg
b2ecr8,ferryman in ireland,1,images/b2ecr8.jpg
ct7bow,british poster circa,0,images/ct7bow.jpg
24ex0o,japanese fans say new american godzilla is too fat,1,images/24ex0o.jpg
bkga8u,i was finally ready and id like to see inside but small enough to do get it in my body permanently,0,images/bkga8u.jpg
d6la83,this grocery store has a handle to open the door with your feet,1,images/d6la83.jpg
cfplxi,the battery in my solar light exploded and melted the clear plastic,1,images/cfplxi.jpg
6s429v,robot needs a hug,0,images/6s429v.jpg
96z9qb,this newspaper,0,images/96z9qb.jpg
debbwq,this sign at a hair salon,1,images/debbwq.jpg
d9lk5o,a builtin step instead of a step stool or ladder,1,images/d9lk5o.jpg
1pi53b,woman is horrified by waterspout,1,images/1pi53b.jpg
vy3ez,obama openly asks nation why on earth he would want to serve for another term,0,images/vy3ez.jpg
9hx4ts,this is how thick the bark is on a redwood tree,1,images/9hx4ts.jpg
c1d92g,sign on orion street explaining a year old name change,1,images/c1d92g.jpg
6tmka0,a skydiver above some farmland,0,images/6tmka0.jpg
68rxzz,a german schneelopardfinder solider finds and befriends an endangered eurasian snow leopard during a blizzard c,0,images/68rxzz.jpg
7cjydg,mojo on the porch,1,images/7cjydg.jpg
3izrw0,russia should not trust western politicians sputnik news article source analysis related to usa news due to claims about nato,1,images/3izrw0.jpg
2ohlq6,cops open fire on man execute him on the street for carrying a small pocket knife,1,images/2ohlq6.jpg
1jqy7t,a girl that loves strawberries,1,images/1jqy7t.jpg
79vlqi,michelle obama hillary clinton before the last votes came in,0,images/79vlqi.jpg
8koq23,another day in paradise eyes in the sky,0,images/8koq23.jpg
59qh7n,tiger beetle larvae burrow themselves in the tip jar of my work building and her corruption this morning,0,images/59qh7n.jpg
7yrgfr,bad omens one right after the other,0,images/7yrgfr.jpg
cpitk6,those crazyass clouds,1,images/cpitk6.jpg
5nhfgz,israel not russia to blame for hillarys election loss,1,images/5nhfgz.jpg
b5n2uf,this person in an old fashioned diving suit,1,images/b5n2uf.jpg
4ey0p4,competing eatery offers free burgers for a year if dc hamburglar turns self in,1,images/4ey0p4.jpg
1p6otv,d,0,images/1p6otv.jpg
b0dxer,my dog sometimes sits while eating,1,images/b0dxer.jpg
2clnda,goose saves dog from certain death,1,images/2clnda.jpg
64lbh6,multiple victims in shooting at san bernardino elementary school,1,images/64lbh6.jpg
15hlwd,russian pornstarsinger katya sambuca in concert nsfw,1,images/15hlwd.jpg
5s3h4r,landlord from spiderman,1,images/5s3h4r.jpg
ayjdvi,us households see biggest decline in net worth since the financial crisis,1,images/ayjdvi.jpg
4oyqnw,layers of different minerals from volcanic eruptions that formed santorini greece,1,images/4oyqnw.jpg
b5q14o,this billboard peeling off,1,images/b5q14o.jpg
153818,gimmie dat ass,0,images/153818.jpg
7qxhga,pick me pick me,0,images/7qxhga.jpg
1t9tpd,dogecoin briefly becomes most valuable cryptocurrency fast facts,1,images/1t9tpd.jpg
5h08iz,members of local rwdsuufcw recently donated and delivered turkeys to our lady of graces food pantry in howard beach and other food pantries across the five boroughs and long island as part of the unions annual turkey drive just in time for thanksgiving,1,images/5h08iz.jpg
cm7ndv,feeling a bit naughty at work do you like my socks,0,images/cm7ndv.jpg
cipio8,wise old promotional shipper,0,images/cipio8.jpg
39a0wj,a few monkeys playing around a bucket of water x,1,images/39a0wj.jpg
bd5nuj,stamped concrete in the shape of texas,1,images/bd5nuj.jpg
cyc32s,labor the great dynamo of national energy a world power that will endure forever indomitable indispensable and progressive,0,images/cyc32s.jpg
5gm3br,fierce princess kitty,1,images/5gm3br.jpg
d59igk,after a few months of saving and scavenging i actually managed to fill up a coin bank,1,images/d59igk.jpg
6rxbgi,man arrested for allegedly attempting to flood se portland basements,1,images/6rxbgi.jpg
5w78f9,inside the african union to help refugees find jobs in,0,images/5w78f9.jpg
d7u73q,wolf in the woods,0,images/d7u73q.jpg
5u5qxv,mrw someone shuts off the valves and finds an even better car for walter white,0,images/5u5qxv.jpg
2ej23q,active shooter at fort lee virginia,1,images/2ej23q.jpg
5me7qg,slovak wastebusters on antilitter crusade maybe itll stop them from tossing their next beer can or bubble gum wrapper,1,images/5me7qg.jpg
4bjsd8,israeli minister blames brussels attack on eu labelling of settlement goods,1,images/4bjsd8.jpg
bz2987,my pizza is almost exactly half burnt,1,images/bz2987.jpg
5xv2bi,yippie youth international party international powwow disneyland poster th,0,images/5xv2bi.jpg
bckqys,a craftsmen wrench on my finger for size comparison,1,images/bckqys.jpg
cpnlqt,these traffic lights have a seperate crossing button for people on bikes and people walking,1,images/cpnlqt.jpg
67rsqh,justices alarmed by governments hardline stance in citizenship case nytimescom,1,images/67rsqh.jpg
7q6vjl,us bway rolling fortress fighting in norway artists conception,0,images/7q6vjl.jpg
d1jqnv,our small town catholic priests truck i always imagine him downing a beast and smashing the can on his head,1,images/d1jqnv.jpg
arddff,the left over coffee in my mug is ready to rock on,1,images/arddff.jpg
1l3b79,a grumpy fuzzy kitten dimension unknown big,1,images/1l3b79.jpg
c2i201,world urges capable politicians with sensible hair to come forward,0,images/c2i201.jpg
286mf6,concerned chipotle tortilla chip,0,images/286mf6.jpg
cpn3yj,delhi gurudwaras to give saplings as free prasad traditional devotional offering to encourage people to plant more trees,1,images/cpn3yj.jpg
9hrhhz,dead including juveniles after apparent murdersuicide in henderson nv,1,images/9hrhhz.jpg
4256ey,a potato photo sold for million by irish photographer,1,images/4256ey.jpg
7ybleb,hate when this happens,0,images/7ybleb.jpg
czpj6c,the way this root grew through the bricks,1,images/czpj6c.jpg
1j28pu,tonnes of miniature eiffel towers seized in paris,1,images/1j28pu.jpg
cumn5q,private property sign on a tree on the edge of a park where a grumpy homeless guy hangs out,1,images/cumn5q.jpg
1hz276,colorado senate approves dont shoot my dog bill,1,images/1hz276.jpg
69rn2r,cherried nothing,0,images/69rn2r.jpg
b320xt,never mind nirvana,0,images/b320xt.jpg
8upqhk,eu leaders agree on migration after latenight summit,1,images/8upqhk.jpg
2fcyvr,woman giving a live demonstration of a vr headset,1,images/2fcyvr.jpg
9e3hbs,soviet antispeeding poster with lada car license plate depicts price of the car in roubles ussr artwork by r kangert,0,images/9e3hbs.jpg
bcpn3c,this newpaper vending machine looks like a newspaper,1,images/bcpn3c.jpg
9aq8gt,upside down storm trooper helmet,0,images/9aq8gt.jpg
28i9pn,freedom of speech and its doublestandardd applications are being abused more every day modern billy simons,0,images/28i9pn.jpg
cfgenp,this massive lemon,1,images/cfgenp.jpg
8xhay6,ethiopia and eritrea declare end of war,1,images/8xhay6.jpg
apla6m,amy klobuchar pledges to fight everyday americans,0,images/apla6m.jpg
7sbrfj,look who i ran into while playing pubg,0,images/7sbrfj.jpg
c0nmd6,kids hilariously serenade atlanta police horses with old town road,1,images/c0nmd6.jpg
85mt23,warm handle tossed around,0,images/85mt23.jpg
8w41wf,final images of louis xvi of france moments before he was executed by guillotine at revolution square,0,images/8w41wf.jpg
cpz081,the lacroix packaging appears to have a blue shark being chased by a green shark,1,images/cpz081.jpg
4ew5kn,a running track field,0,images/4ew5kn.jpg
b7q1yh,oh those prisoners c,0,images/b7q1yh.jpg
5juh82,california the city of clovis won its more than threemonthlong civil trial against chemical manufacturing giant shell oil co over the cleanup of a toxic chemical found in drinkingwater wells around the city of people,1,images/5juh82.jpg
bjvx6q,my egg this morning is in the process of splitting into twins,1,images/bjvx6q.jpg
783hwy,big red stain doll like,0,images/783hwy.jpg
bje7cp,this bundle of caterpillars i found on the footpath,1,images/bje7cp.jpg
b57vpj,advances in gene editing give hope for a herpes cure,1,images/b57vpj.jpg
2eklu5,scottish teen dies in ice bucket challenge tragedy,1,images/2eklu5.jpg
4u1vmv,ragged old flag i guess they were always used,0,images/4u1vmv.jpg
cjzzwj,my turn signal has its own arrow inside,1,images/cjzzwj.jpg
brus91,my oreo had one side put on backwards and left an imprint in the filling yes double stuffed,1,images/brus91.jpg
d0e1vw,this tree ate a no parking sign marseille france,1,images/d0e1vw.jpg
bkq058,minneapolis to pay m to family of caller slain by cop,1,images/bkq058.jpg
avs0vb,mobile urban art gallery on a rural train track,1,images/avs0vb.jpg
8k86gy,thousands of gnomes running around,0,images/8k86gy.jpg
b9zg3w,this colorful pigeon that just chills in the back yard,1,images/b9zg3w.jpg
8ikjjn,my eggs are happy to see me,0,images/8ikjjn.jpg
b4snf8,i thought we all have personal space nowadays,1,images/b4snf8.jpg
32gimb,mans wallet returned after years with more money in it than when lost,1,images/32gimb.jpg
3e6h8r,belfast city hall had no tours on a saturday because officials feared goths would invade,1,images/3e6h8r.jpg
98o6pb,about dc public schools teachers remain unlicensed heading into school year,1,images/98o6pb.jpg
bwo1l5,five designers awarded each to develop mobility devices for lowerlimb paralysis,1,images/bwo1l5.jpg
1csw48,overly skittish special needs cat,1,images/1csw48.jpg
78z6mb,ants in my eyes johnson,0,images/78z6mb.jpg
26lq5c,theyll leave me there,0,images/26lq5c.jpg
2h9uf6,obama sleeping with louisville slugger under bed now,0,images/2h9uf6.jpg
7cu6qk,polkaroo friends,0,images/7cu6qk.jpg
6jcn06,wait youre selling me,0,images/6jcn06.jpg
7ci2f6,if rplace was a good feel comrades,0,images/7ci2f6.jpg
3d8ir1,teenage girl survives plane crash and walks for days through wilderness to safety,1,images/3d8ir1.jpg
224qaq,yay robot,0,images/224qaq.jpg
c7rdrs,this hammer in the asphalt,1,images/c7rdrs.jpg
bj0v9o,i cracked double yolkers this morning oc,1,images/bj0v9o.jpg
cxqrh0,the imprint my glasses made after i threw them on the bed,1,images/cxqrh0.jpg
bni7kx,marvel ad on my banana,1,images/bni7kx.jpg
c67zpm,who says you cant have pizza while on an eight grade trip to to la santa monica california,0,images/c67zpm.jpg
5poq9j,dead wounded in chicago weekend shootings,1,images/5poq9j.jpg
2s05ny,irritable cat fight clup,1,images/2s05ny.jpg
21chxq,rumsfeld bashes obama on afghanistan says a trained ape could do better,1,images/21chxq.jpg
ezu4mtz,available here,0,images/ezu4mtz.jpg
7a3pzv,emojis are the perfect guide how about a year late with a meme as a millennial i can deeply relate to these keeeeds,0,images/7a3pzv.jpg
2aq47d,like dude im totally baked,0,images/2aq47d.jpg
66mhpe,apple wants to stop mining and start making everything from recycled materials,1,images/66mhpe.jpg
6ztki4,one boat one man many water lilies,1,images/6ztki4.jpg
db447d,fda cautions against feeding your dog this food after a sample shows salmonella,0,images/db447d.jpg
ei2df65,available here,0,images/ei2df65.jpg
9dm1ob,this millionish year old sea salt i got today,1,images/9dm1ob.jpg
8zpzlm,trump clarifies his statement after receiving backlash,0,images/8zpzlm.jpg
1d6vl3,ethernal red flame by mongolian artist gombosuren b poster,0,images/1d6vl3.jpg
9efo0t,these men matching at costco,1,images/9efo0t.jpg
39vzwp,a couple fake albums i made,0,images/39vzwp.jpg
b5aopd,the drafting tables at uncc have boards over them so fine arts students can draw on them until theyre removed after a semester or so meme culture leaks in and this is how art students who dont even know each other communicate,1,images/b5aopd.jpg
cdihmg,my grandpa far right and his classmate voted most likely to succeed in his machine th aero squadron france,0,images/cdihmg.jpg
8yykgn,kim kardashian and ray j sex tape,0,images/8yykgn.jpg
cotjx2,pulled up some floorboards in a year old house and found some corn,1,images/cotjx2.jpg
bfayrg,queen gives out peasant metal,0,images/bfayrg.jpg
6ph2uw,this mad wristwatch,0,images/6ph2uw.jpg
97qnll,india byculla zoo welcomes mumbais first baby penguin on independence day,1,images/97qnll.jpg
8n1k4q,responding to criticism ice has issued a statement informing the public that they should just be happy its not doing experiments on these kids,0,images/8n1k4q.jpg
armdjv,the infection most commonly occurs in the publishing industry by being the first man in outer space yuri gagarin,0,images/armdjv.jpg
5wqw7u,connecticut college gave sean spicer this unflattering nickname,0,images/5wqw7u.jpg
b7b14j,this street sign has a underscore,1,images/b7b14j.jpg
8ofg73,caesar crossing the rubicon bc,0,images/8ofg73.jpg
cpv7f4,greta effect leads to boom in childrens environmental books,1,images/cpv7f4.jpg
7fbcbk,this face trapped in a basil leaf,0,images/7fbcbk.jpg
bgn8wa,this extremely tall cactus at a friends house,1,images/bgn8wa.jpg
10k6pk,kid jumping through puddles,1,images/10k6pk.jpg
4z3ufh,i thought you might enjoy my collection ranging from more posters to hang,0,images/4z3ufh.jpg
7qhkt5,bag of sugar smiling at you,0,images/7qhkt5.jpg
okjtm,bumped into excitable puppies at the hardware store,0,images/okjtm.jpg
1kvfvf,why dont whites have black friends,1,images/1kvfvf.jpg
cokqvo,tyler lodges am i feeling well,0,images/cokqvo.jpg
cz7i83,this weird tomato i grew in my backyard,1,images/cz7i83.jpg
atjy3a,reaching into the future with gps but holding onto the past with a cassette deck,1,images/atjy3a.jpg
b3bw3x,odd taste combination uk flat white no sugarkitkat chunky salted caramel fudgechip shop saveloy,1,images/b3bw3x.jpg
28763p,whooping cough an epidemic state says vaccinations urged,1,images/28763p.jpg
b8e6g8,trump takes record th consecutive white house employee of the month award,0,images/b8e6g8.jpg
ctrvth,two cats on a window sill,1,images/ctrvth.jpg
21y8q6,dying dad walks yearold daughter down the aisle,1,images/21y8q6.jpg
2i87gz,the ironing board overlord sees all,0,images/2i87gz.jpg
cs0s59,this sign at mcdonalds that tells you whats in your coffee,1,images/cs0s59.jpg
1ux8s4,dog on the bed,1,images/1ux8s4.jpg
w9qx8,family photo,1,images/w9qx8.jpg
31h57s,this old man revisiting his youth,1,images/31h57s.jpg
c1wq63,i found a curly carrot in my baby carrots today,1,images/c1wq63.jpg
52tr7j,us has spent nearly trillion on wars since,1,images/52tr7j.jpg
1jt673,im a guy again abc newsman who switched genders wants to switch back,1,images/1jt673.jpg
2q5kyh,suprised grandmas,1,images/2q5kyh.jpg
264ypy,this bad ass tank in mid air,1,images/264ypy.jpg
d11n95,american antijapanese world war two era made in japan,0,images/d11n95.jpg
9g9okv,tank man temporarily stops the advance of a column of tanks on in beijing,0,images/9g9okv.jpg
3l5v3a,a bale of turtles,1,images/3l5v3a.jpg
8w3qb7,this smoke tube in a bonfire pit,1,images/8w3qb7.jpg
34euvu,how rand paul learned to talk to black people,1,images/34euvu.jpg
125c0w,slavoj zizeks new book cover,1,images/125c0w.jpg
1udxmq,ancient city original submission by uasubaba,0,images/1udxmq.jpg
ckaokz,this weird egg i found,1,images/ckaokz.jpg
8zr7s6,trump meets putin in helsinki,0,images/8zr7s6.jpg
auqhaa,the last button on this nautica shirt is stitched with an n,1,images/auqhaa.jpg
4clb31,faculty of divinity another act of hypocrisy,0,images/4clb31.jpg
1shgl5,elephant seal from ranimalporn,1,images/1shgl5.jpg
bk6n6g,angry boi,0,images/bk6n6g.jpg
76wo8v,plotting bag,0,images/76wo8v.jpg
1k9zl3,smithsonian acquires parliamentfunkadelic mothership,1,images/1k9zl3.jpg
5c6ciw,sen tom cotton waterboarding isnt torture,1,images/5c6ciw.jpg
57ypop,miyako airport opiate of the masses,0,images/57ypop.jpg
8iavg0,oo woooooooo,0,images/8iavg0.jpg
4z2o6a,trump adviser michele bachmann to get new secretary of rapture cabinet role,0,images/4z2o6a.jpg
77mk8r,its time to have a national dialogue about race cars,0,images/77mk8r.jpg
6e5enj,hero firefighter dies from related cancer,1,images/6e5enj.jpg
cjvpss,a mailbox i found today,1,images/cjvpss.jpg
8b6jxc,conspiracy theorist finally captures a good sighting,0,images/8b6jxc.jpg
bzpoex,the bypassers every day is monday,0,images/bzpoex.jpg
ckndg0,in germany the titles of movies in english are different,1,images/ckndg0.jpg
dk9qkz,i dug up a time capsule from the ss it had a bunch of newspapers along with this photo,1,images/dk9qkz.jpg
72dnhg,lil logan,1,images/72dnhg.jpg
aw5uqk,found a baby pickle amongst its older brothers,1,images/aw5uqk.jpg
86pbzf,me berkeley students block white and asian people from running in the la times announcing his arrival at la galaxy,0,images/86pbzf.jpg
92onex,donald trump explains himself to communications staff member steven cheung,0,images/92onex.jpg
cuu74y,nobody move or the cheese gets it,0,images/cuu74y.jpg
87k2s9,first photo taken of the rosetta stone used to translate previously lost languages after being discovered by a french solider in,0,images/87k2s9.jpg
23foyn,facebomb,1,images/23foyn.jpg
67eqxb,what time is it the first time,0,images/67eqxb.jpg
22ww6z,president obama rejecting an umbrella while frowning at the sky,1,images/22ww6z.jpg
932dx4,freakoutception,0,images/932dx4.jpg
cd889s,a hole in the floor of the room im staying in goes right down to the kitchen,1,images/cd889s.jpg
xlo8h,ontario thief returns stolen goods leaves for damages,1,images/xlo8h.jpg
b1twlp,now the guys oh make clouds are just messing with us this morning looks like steam coming out of mt rainer wa,1,images/b1twlp.jpg
3ub5d3,two weeks ago i tried to recreate the pizza is three weeks old,0,images/3ub5d3.jpg
6gj4q0,k for you and you and you alberta man drops off cheques in each canadian capital to help the hungry north,1,images/6gj4q0.jpg
78eaxo,my wife took one look inside and bought some soap from a human or animal,0,images/78eaxo.jpg
djro4m,nice legs,0,images/djro4m.jpg
7i2hk0,national reciprocity passes in house of representatives bearing arms,1,images/7i2hk0.jpg
dedl67,different pictures taken almost hours apart happened to line up almost perfectly in my phones photo album,1,images/dedl67.jpg
1rp0l9,former commando charged over jedi council sex ring,1,images/1rp0l9.jpg
8zzzwd,the tide has turned,0,images/8zzzwd.jpg
ba60rf,these bacon slices look like an evil clown,1,images/ba60rf.jpg
choie2,medication packaging found in a pharmacy in rio,1,images/choie2.jpg
au5f2p,suspended riders in the sky,0,images/au5f2p.jpg
2higc0,the happiest box in the world,0,images/2higc0.jpg
b7ml4x,kathak dancer in action,1,images/b7ml4x.jpg
4saas6,cristiano ronaldo after euro final,1,images/4saas6.jpg
7bj8mi,king george iii and president george washington discuss the future between the united states and england,0,images/7bj8mi.jpg
77ohuk,donald trump reveals his summoning abilities colourized,0,images/77ohuk.jpg
5ub4ej,spilling beans about true intentions,0,images/5ub4ej.jpg
b5ejqr,alan parsons project i wouldnt want to be like you,0,images/b5ejqr.jpg
5t5jdg,mother theresa prepares to deliver a powerful speech to a crowd circa,0,images/5t5jdg.jpg
bzgvze,this propane rack has little propaneshaped holes,1,images/bzgvze.jpg
2590ki,me at a color me rad race throwing pink powder at a stranger,1,images/2590ki.jpg
4v2ahk,chomsky america is on the decline guess whos to blamevnoam chomsky wants to make america great again but youll never believe who he thinks will save it,0,images/4v2ahk.jpg
2jwb9k,police help burglary caller with math homework,1,images/2jwb9k.jpg
9fnyka,congress dares trump to shut down the government in new spending deal,1,images/9fnyka.jpg
bt0kxi,as everyone is posting moths today not sure if it is one but found it today while going on a walk never seen one of this so i took it a photo sorry for the bad resolution,1,images/bt0kxi.jpg
6gvro2,president trump grabbing his first pussy circa,0,images/6gvro2.jpg
1ab5px,charlie sheen please deliver dog st to my kids former school,1,images/1ab5px.jpg
z4foo,sad truck is sad,0,images/z4foo.jpg
6qkxkz,the clone war kids do giraffes know that ants exist,0,images/6qkxkz.jpg
9jnv8d,soccer field on top of a small apartment building in sanremo italy,1,images/9jnv8d.jpg
9ggayj,salesmen survival,0,images/9ggayj.jpg
cxw22i,coaster at my grandmothers apartment not sure where she got it but its definitely been used for awhile,1,images/cxw22i.jpg
ckqgt2,a lotion duck a moisture mallard if you will,0,images/ckqgt2.jpg
36th32,a mft spiral staircase up the side of the taihang mountains china,1,images/36th32.jpg
8l4nzb,this is how easy it has spent on trumps victory,0,images/8l4nzb.jpg
5y1nzg,grade science teacher revolutionizes classroom by making it a year long rpg,1,images/5y1nzg.jpg
7a0wd4,kevin spacey and anthony rapp,0,images/7a0wd4.jpg
cii10z,wholesome bts of once upon a time in hollywood,1,images/cii10z.jpg
cvnh3h,pretentious coworker with please consider environment before printing in email signature wondering what more he could have done to prevent amazon forest fire,0,images/cvnh3h.jpg
3gloob,slice of cake,0,images/3gloob.jpg
bjd5z4,feministe pour toujours,0,images/bjd5z4.jpg
9c1iie,this young girl on her bike,1,images/9c1iie.jpg
78c8ec,knifelyte paradise island,0,images/78c8ec.jpg
azlo71,a cactus with a sombrero lives behind my kids toy,0,images/azlo71.jpg
c1rzl2,when u open ur nuggets at mcdonalds and they come lined up like this,1,images/c1rzl2.jpg
xyqs0,joe from sourcefed,1,images/xyqs0.jpg
2rgr6o,man spends over on surgery for constipated pet goldfish,1,images/2rgr6o.jpg
4sn0hz,it announces ebay as strategic supplier,0,images/4sn0hz.jpg
36k65a,a stepped on ball from a chuckecheese ballpit,0,images/36k65a.jpg
bwbt8z,gamestop sold me a display box version of botw both sides are cover art,1,images/bwbt8z.jpg
7jaxqn,stoicism reveals rituals that will make you confident,0,images/7jaxqn.jpg
dfedkd,ussr by sabena belgian world airlines belgium date unknown,0,images/dfedkd.jpg
5w6556,kanye west announces church of yeezus,0,images/5w6556.jpg
2a4e02,a shirtless man with paint on his back,0,images/2a4e02.jpg
bxy5yp,this colourless coloured pencil,1,images/bxy5yp.jpg
5q7av7,at least somebodys happy to be in school,0,images/5q7av7.jpg
1u4v74,feed me,0,images/1u4v74.jpg
bfurk6,this tree grew over the light cords that were wrapped around it,1,images/bfurk6.jpg
aykqb3,first poster for star wars episode ix released,0,images/aykqb3.jpg
7vbu8n,my coffee was full of love,0,images/7vbu8n.jpg
8a2v5h,exclusive robert mercer backed a secretive group that worked with facebook google to target antimuslim ads at swing voters,1,images/8a2v5h.jpg
3f4sta,cold grits its still rock and roll hall of fame,0,images/3f4sta.jpg
90hsbn,comiccon fan guesses he enjoyed minute panel of silently masturbating alan moore practicing sex magic,0,images/90hsbn.jpg
1vlu3l,my ikea furniture is really stoked to see me,0,images/1vlu3l.jpg
7zsjjk,unimpressed alien,0,images/7zsjjk.jpg
c5axws,this man cliff jumping,1,images/c5axws.jpg
bml2fo,mayor kane dons wwe mask chokeslams man through table during symposium,1,images/bml2fo.jpg
17bw4w,the local animal shelter,1,images/17bw4w.jpg
9if22w,sense switch vanish,0,images/9if22w.jpg
3cbj1t,guy with a cap and crossed arms,0,images/3cbj1t.jpg
40ikvt,vladimir putin says he didnt intend to scare dogphobic angela merkel when he brought his labrador to a meeting,1,images/40ikvt.jpg
d6jya6,this wallpaper that we hung at a clients house today,1,images/d6jya6.jpg
cstfix,how good a scrapper are you original litho,0,images/cstfix.jpg
5kfkkz,police blame gangs for bloody christmas weekend that saw shot in chicago,1,images/5kfkkz.jpg
b4xco3,giant manatee,0,images/b4xco3.jpg
blrj3d,two dogs and a stick,1,images/blrj3d.jpg
88wvcj,rebuilding mosul book by book,1,images/88wvcj.jpg
3quhgw,this cat dressed up as a mermaid,1,images/3quhgw.jpg
bngh3h,the ingredient list of this dish soap also provides the purpose for each ingredient,1,images/bngh3h.jpg
86sc3l,presidents of poland and hungary on the day commemorating the hungaropolish friendship,1,images/86sc3l.jpg
6lukd8,the trump administrations own data says obamacare isnt imploding,1,images/6lukd8.jpg
77cl09,my old thermostat look surprised,0,images/77cl09.jpg
bcsbvb,this guy has skills or mad luck,1,images/bcsbvb.jpg
bbvm6l,where next rockingham,0,images/bbvm6l.jpg
59zqus,male dodging a kettle,1,images/59zqus.jpg
4wpu90,outcry as isis forces prisoners to watch suicide squad,0,images/4wpu90.jpg
2id8nl,least useful hack ever puts windows on your smartwatch,1,images/2id8nl.jpg
4593lj,the adult diaper market is about to take off,1,images/4593lj.jpg
13qdn5,my friend poured a drink and the carbonation bubbles made a t rex,0,images/13qdn5.jpg
8xirko,reddit ceo tells user we are not the thought police then suspends that user,1,images/8xirko.jpg
c72n2k,this bunny that lives in my backyard has a c channel ear,1,images/c72n2k.jpg
6x3kiu,photographer turns kids with disabilities diseases into justice league superheroes,1,images/6x3kiu.jpg
9f9zm7,this melon is hooked up to a car antenna,1,images/9f9zm7.jpg
91ltja,this bad boy who is enjoying summer with sunglasses and a snarl,1,images/91ltja.jpg
5n60q7,say cheese,0,images/5n60q7.jpg
b81yo3,poster from czechoslovakia about american and turkish foreign policy in syria after the failed,0,images/b81yo3.jpg
d85vj3,hhs launches program for youth sports participation wellness,1,images/d85vj3.jpg
b5i1hw,kirby makes new religion bc,0,images/b5i1hw.jpg
5uvs2l,clearing plates at work,0,images/5uvs2l.jpg
9drqnw,the look on that phone when it realizes gus is calling to threaten mike,0,images/9drqnw.jpg
922zqa,those trees must be a lot smaller than they look,0,images/922zqa.jpg
794euk,this grieving seal and his friends,1,images/794euk.jpg
3psa6k,donated laptops are flying right into laps of african entrepreneurs,1,images/3psa6k.jpg
3f3bzx,mom throws dream party for personal injury lawyerobsessed toddler,1,images/3f3bzx.jpg
deb007,this cafes use of an on this sign,1,images/deb007.jpg
2lswld,rfunny post by onelonelylobster was trying to take a christmas card photo,1,images/2lswld.jpg
8r4hzf,time to panic aiden did his book report super fast and now one of us has to go before class ends,0,images/8r4hzf.jpg
cyxpkq,houses nearly dogs to protect them from storm,1,images/cyxpkq.jpg
6skyqm,i almost stepped on this woman walking home in the rain the other day,0,images/6skyqm.jpg
9c1yfz,this chair in milton keynes uk,1,images/9c1yfz.jpg
67o09g,credit suisse seeks capital security with billion cash call,1,images/67o09g.jpg
6nq5m1,john rides the ox and i am on the horse what a shame if he wins the game great leap forward propagandaprc,0,images/6nq5m1.jpg
8ot9qw,my face just lights up when you approach me,0,images/8ot9qw.jpg
8sregp,this us navy ship,1,images/8sregp.jpg
8gthyb,singularities of the future vol,0,images/8gthyb.jpg
3lcurv,single mom is out and has ambloypia dad dies and now has ptsd,0,images/3lcurv.jpg
1f6thj,school forgets to teach required course,1,images/1f6thj.jpg
c4m0bd,this motor tricycle,1,images/c4m0bd.jpg
5vqzco,riled up bulldog,1,images/5vqzco.jpg
5654id,a restaurant owner installed cctv camera outside her store what she discovered on who is constantly eating her dog food will break your heart,0,images/5654id.jpg
9i0w6m,william jansz is the first european to land in australia,0,images/9i0w6m.jpg
1ib7kg,photogenic guy and his dog,1,images/1ib7kg.jpg
76lqoe,arent you pretty unveil yourself french algeria,0,images/76lqoe.jpg
3h5hsu,brandon belt feeding a small giraffe,1,images/3h5hsu.jpg
9bkn7t,this wipe catching contraption warning,1,images/9bkn7t.jpg
ci6o3p,graphic fbi found bucket of heads arms and legs bodies sewn together at ariz body donation facility agent says,1,images/ci6o3p.jpg
3azs26,woman astonished to find out shes white at the age of,1,images/3azs26.jpg
63sek6,youll never believe what people leave behind in uber cars,0,images/63sek6.jpg
1cf3it,shocked toilet,0,images/1cf3it.jpg
cjlkxs,this spiderbro put his web between both my windows to trap the insects trying to come in,1,images/cjlkxs.jpg
2bdqad,i got me a black eye,0,images/2bdqad.jpg
53ojvn,angelina jolie no longer farting in front of brad pitt,0,images/53ojvn.jpg
clv2vy,this water puddle on my trampoline is a perfect rectangle,1,images/clv2vy.jpg
6q50q9,us detects north korea missile launch cnnpoliticscom,1,images/6q50q9.jpg
8oqri0,o,0,images/8oqri0.jpg
487ite,this fearful cat at the vet,1,images/487ite.jpg
b1jn5r,the way it melted,1,images/b1jn5r.jpg
55zom4,prespes save room for some dessert,0,images/55zom4.jpg
8g1b1y,all the socialists leave british conservative party poster,0,images/8g1b1y.jpg
8ab7di,this speaker in venice looks like theyre awkwardly smiling but not showing any happiness,0,images/8ab7di.jpg
6zpr7x,glacial wall,0,images/6zpr7x.jpg
8m4q0w,request chemistry test half processed products,0,images/8m4q0w.jpg
79u316,daimonion luna tides and solar winds,0,images/79u316.jpg
9g3unm,adolf hitlers health had taken its toll during the later stages of the second world war ca,0,images/9g3unm.jpg
44iho3,d hookeye,0,images/44iho3.jpg
66m23u,guy jumping on hotel bed,1,images/66m23u.jpg
7pn3ir,death of the screams of people dying in the world the rusty spotted cat has been stalking me for complimenting hers,0,images/7pn3ir.jpg
adn0f7,japans request of america after bombing pearl harbor,0,images/adn0f7.jpg
7spfy8,judge rosemarie aquilinia handing down her year sentence to larry nassar footage clip,0,images/7spfy8.jpg
2mstvf,my yo daughter lunging away from a blue crab that we caught,1,images/2mstvf.jpg
6f5k24,dog laying on couch,1,images/6f5k24.jpg
cb6bjn,note i found on my car this morning,1,images/cb6bjn.jpg
7zy8ec,tide introduces nontoxic tide pods made from all natural ingredients to help curb tide pod related incidents,0,images/7zy8ec.jpg
9erx9l,us mma fighter jeff monson elected to local council in russia,1,images/9erx9l.jpg
d7td14,coins have been knocked into this felled tree trunk by passersby who hope it will bring them good fortune,1,images/d7td14.jpg
bz3ebi,my house is made of limestone and has crystals in it,1,images/bz3ebi.jpg
611li2,blood lotus sun sets,0,images/611li2.jpg
d6nmsx,my tea says that adding milk would be a travesty,1,images/d6nmsx.jpg
67wji7,it okay dont be cry,0,images/67wji7.jpg
clbk04,britains prime minister boris johnson inspects poultry,1,images/clbk04.jpg
97dslp,supporting the antiimperialist struggle of the people of the world china,0,images/97dslp.jpg
czq4cb,floridians send aid to bahamas as hurricane dorian heads for carolinas,1,images/czq4cb.jpg
7ig8h3,dream theater blocks of creation,0,images/7ig8h3.jpg
8c6wpp,people save baby kitten then realize shes not what she seems,0,images/8c6wpp.jpg
3w0i01,fundraiser launched to help homeless house legend colonel abrams,1,images/3w0i01.jpg
4jcxsq,til the cover of metallicas load is an original artwork titled semen and blood iii it is one of three photographic studies andres serrano created in by mingling bovine blood and his own semen between two sheets of plexiglas,0,images/4jcxsq.jpg
8c5vtp,elon musk admits humans are sometimes superior to robots in a tweet about tesla delays,1,images/8c5vtp.jpg
8zpja2,the store was out to get his own cleaning company,0,images/8zpja2.jpg
cfkzbj,this roadsign is a hashtag,1,images/cfkzbj.jpg
6v6g0i,burgers with the most calories at popular food chains,0,images/6v6g0i.jpg
4exlln,cultural appropriation my modest proposal,0,images/4exlln.jpg
1lo22u,pantless burglar allegedly breaks into home makes milk and cookies,1,images/1lo22u.jpg
cqwa23,tonights full moon kinda looks like the sun,1,images/cqwa23.jpg
8k5j36,neil armstrong hours before the apollo take off,0,images/8k5j36.jpg
4ff3or,young man brings his year old brother who suffers from williams syndrome and dreams of being a pilot on his first flight,1,images/4ff3or.jpg
bi22yd,our firepit,0,images/bi22yd.jpg
1l9owh,finally you can wrap your ford in bacon,1,images/1l9owh.jpg
f1f6q21,available here,0,images/f1f6q21.jpg
9hr0eh,what we know about victims of sexual assault in america,1,images/9hr0eh.jpg
1dqd7u,newcastle united fan with large stomach,1,images/1dqd7u.jpg
1gl1ff,fbi resumes hunt for jimmy hoffa after tip,1,images/1gl1ff.jpg
782wk5,i made pancakes,0,images/782wk5.jpg
5umbzl,libyan leader muammar gaddafis last moments alive,0,images/5umbzl.jpg
bri67j,cm tall seedlings carrying the soil on their heads as they grow,1,images/bri67j.jpg
3ne4vk,yellow brick road,0,images/3ne4vk.jpg
2hjhd1,bachelor detective takes on case of two pittsburgh boys,1,images/2hjhd1.jpg
cyplll,this building that looks like its empty,0,images/cyplll.jpg
2alhwr,obama fistbumps a gay dude and pays for a crowd of frustrated customers meals at a barbecue in texas,1,images/2alhwr.jpg
870ygy,white prisoner escapes from mexican prison,0,images/870ygy.jpg
27tpab,took apart my toilet to paint it these guys have seen some sht,0,images/27tpab.jpg
5n3ray,three time surf champion taking photos with a new go pro,0,images/5n3ray.jpg
6du1yb,nightmare doggos,0,images/6du1yb.jpg
con4vp,this sand castle in westport wa,1,images/con4vp.jpg
6eqyql,buffalo launches nations first opiate intervention court the buffalo news,1,images/6eqyql.jpg
7u9fvx,smash imperialism circa,0,images/7u9fvx.jpg
2u3dvk,bill gates i feel stupid for only speaking english,1,images/2u3dvk.jpg
awbt52,hitler european tour,0,images/awbt52.jpg
6xrxks,communist pamphlet extolling jews to move to soviet birobidzhan the worlds first jewish homeland new york,0,images/6xrxks.jpg
8lh3p8,penis measured in new zealand indecency trial,1,images/8lh3p8.jpg
8pzp37,a swedish tiger ww poster tiger was also swedish slang for silence so this was a coded message not to speak about the war to anyone a message only native swedish speakers would understand,0,images/8pzp37.jpg
7swyhi,this s futuro house,1,images/7swyhi.jpg
2dfrnp,plate of sushi from redc,0,images/2dfrnp.jpg
8hsvh7,excited cyclops,0,images/8hsvh7.jpg
8mlqr7,capybaraguinea pig in desierto,0,images/8mlqr7.jpg
17l8zh,how the hun hates british antigerman poster,0,images/17l8zh.jpg
debjt9,apparently this is a thing in alabama,1,images/debjt9.jpg
2flykb,dramatic squirrel,1,images/2flykb.jpg
ci0erx,spilled some water and got a weird smile,0,images/ci0erx.jpg
cy1t73,a local chase bank burned down because a car ran into it,1,images/cy1t73.jpg
8rfkmf,surprised to see this guy in the bathroom stall it was mutual,0,images/8rfkmf.jpg
6n5t2g,snoozing cat,1,images/6n5t2g.jpg
3d7ny3,what a volcano vaporizer looks like without the bag,0,images/3d7ny3.jpg
2oj9eg,wild haired vixen,1,images/2oj9eg.jpg
wfuwa,degdeg,0,images/wfuwa.jpg
26zudw,yearold skater tries times before landing an aerial trick,1,images/26zudw.jpg
vw0p6,i miss this guys comedy,1,images/vw0p6.jpg
5fqwlr,a harrowing time for american crime,0,images/5fqwlr.jpg
32clqq,teen trashes moms car after she takes cellphone away,1,images/32clqq.jpg
c9b35a,captain america death of the red skull atlas comics,0,images/c9b35a.jpg
das7i7,a coca cola can forgotten in the freezer,1,images/das7i7.jpg
4hvt4f,a fisherman on the phone with a hook through his hand,1,images/4hvt4f.jpg
21cow8,spiny sea urchin in a bucket,0,images/21cow8.jpg
bcgw1e,i knew it all along,0,images/bcgw1e.jpg
7fre9b,master sergeant spoils of war,0,images/7fre9b.jpg
99scbp,swamp,1,images/99scbp.jpg
1gvfyd,d d d,0,images/1gvfyd.jpg
7e6cvx,saturday night live addressed sexual misconduct hypocrisy and double standards,0,images/7e6cvx.jpg
bw8tfi,what inspirated the iconic movie mamma mia,0,images/bw8tfi.jpg
dhuzbj,this pretzel i found in a bag,1,images/dhuzbj.jpg
cnr63p,brazilian footballer david luiz being announced by arsenal,1,images/cnr63p.jpg
3fhjn0,give parents back their rights to let their kids walk free,1,images/3fhjn0.jpg
cl4p2m,my salt water taffy had a little heart on it,1,images/cl4p2m.jpg
cfson4,say cheeeese,0,images/cfson4.jpg
8ir5qi,dog is running,1,images/8ir5qi.jpg
311xtv,mods on strike quick unphotoshop this image,1,images/311xtv.jpg
5x7ls7,pm of canada justin trudeau shows off his passion with toys this time of year,0,images/5x7ls7.jpg
8yjj5n,photo my mom took in grand canaria,0,images/8yjj5n.jpg
80v80q,moon to get g mobile network to stream hd video back to earth,1,images/80v80q.jpg
8vumgw,maybe this is luigi,0,images/8vumgw.jpg
1n8lke,my lava lamp seems to be worried about something,0,images/1n8lke.jpg
d5i1pr,this spray butter shows you exactly how many sprays are in it,1,images/d5i1pr.jpg
coptdo,this bottlecap looks like it has lips,1,images/coptdo.jpg
6b6s80,more states allow sunscreen at schools without doctors ok,1,images/6b6s80.jpg
bhetb5,the most american frame i had ever seen came through my job today it also has glittering lights inside,1,images/bhetb5.jpg
d5yp0l,the way this floss tells you how much is left,1,images/d5yp0l.jpg
d6gi72,oh my god it finally happened to me the oftfaked doubleportion ama,1,images/d6gi72.jpg
95qnzo,pharrell plans yellow ball charity gala with missy elliott,1,images/95qnzo.jpg
5nnqlx,army handgun program again enters capitol hill crosshairs,0,images/5nnqlx.jpg
bnzhzn,trucker pup,0,images/bnzhzn.jpg
1niage,saw this sad face in a friends bathroom hope it wasnt something i did,0,images/1niage.jpg
dd1a023,this,0,images/dd1a023.jpg
assiuj,microwave at work has an ask alexa option for suggested cook times,1,images/assiuj.jpg
2qdbvg,fried eggs,0,images/2qdbvg.jpg
dkqwm8,the size of this watermelon in my moms garden,1,images/dkqwm8.jpg
cbitqu,things that trader joes workers say they never buy,0,images/cbitqu.jpg
368f18,billboard operator forgot to close his window,1,images/368f18.jpg
bkn4q5,this horsetail that grew through a leaf,1,images/bkn4q5.jpg
3uun76,this guy poking his head out from a temple column in cambodia,1,images/3uun76.jpg
1m6dzn,pinochet torturers used george harrison and julio inglesias music on prisoners in chile,1,images/1m6dzn.jpg
bq9lm7,sleepy fridge yawning,0,images/bq9lm7.jpg
4nhnmy,judge transgender california inmates must get female items,1,images/4nhnmy.jpg
8u6cyl,more than feisty peacocks evicted from bc neighbourhood,1,images/8u6cyl.jpg
2k97wm,tv host to new yorkers dont eat ebolacontaminated poop,1,images/2k97wm.jpg
ddffgb,the interesting way nintendo differentiates the parts of canada,1,images/ddffgb.jpg
7hu9bu,stan lee meeting stan lee,1,images/7hu9bu.jpg
2d6400,saw this guy sleeping on the job,0,images/2d6400.jpg
10kskw,a lessthanthrilled tony larussa former cardinals manager holding a sign at my friends radio station today,1,images/10kskw.jpg
5eki3f,walmart loses minimum wage pay fight as jury awards california truck drivers million,1,images/5eki3f.jpg
75myjd,researchers inflated dead dolphin penises to fake sex with dead dolphin vaginas,1,images/75myjd.jpg
bwvfyv,my daughters drawing improvement from the start of the school year to the end,1,images/bwvfyv.jpg
8vuj48,steaks and trips to mcdonalds for dogs living their last days at canine hospice,1,images/8vuj48.jpg
36epdi,meet the teen who just won for inventing a system to keep germs from spreading on airplanes,1,images/36epdi.jpg
bl6j8x,this flabbergasted remote,0,images/bl6j8x.jpg
5hc0v8,pope francis laughing,1,images/5hc0v8.jpg
ayth2q,dont become a murder victim northern ireland security forces poster,0,images/ayth2q.jpg
56hhl5,baby baboon clutching a clump of dirt,1,images/56hhl5.jpg
3gdza8,teens prizewinning pig rakes in k for mom with cancer at h auction,1,images/3gdza8.jpg
av6skj,this stick i found kinda looks like oogways head,1,images/av6skj.jpg
aumz35,this thing outside my office looks like the steam logo,1,images/aumz35.jpg
bzi72m,the koch brothers want to prevent future aocs,1,images/bzi72m.jpg
d09o3s,the way this bread is put in this bag,1,images/d09o3s.jpg
3hhva7,and it looks like it was worth it,0,images/3hhva7.jpg
5vmylt,state departments silence gives others an opening,1,images/5vmylt.jpg
71kmw0,vice president pence fighting off illegal aliens after the fall of trumps wall circa,0,images/71kmw0.jpg
cfnal0,cockpit view of storms over charleston last night,1,images/cfnal0.jpg
6973b3,william stanley moore,0,images/6973b3.jpg
bh5uqx,the copper atoms were photographed with an aperture grating microscope,1,images/bh5uqx.jpg
2mrmrv,china is hosting the world internet conference lets take a moment for the insanity of that sink in,1,images/2mrmrv.jpg
1uut1p,twotime plane crash survivor austin hatch sinks first shot in his return,1,images/1uut1p.jpg
639ydo,what would the pioneers have done circa,0,images/639ydo.jpg
dcalv7,tripadvisor ends ticket sales to attractions that breed captive whales and dolphins,1,images/dcalv7.jpg
byjgzl,last straight man desperately fends off mob trying to inject him with the gay,0,images/byjgzl.jpg
ct7gmz,the first ever n sync band meeting circa,0,images/ct7gmz.jpg
4xu3b3,these cool people sharing a skateboard,1,images/4xu3b3.jpg
6ymd31,a stack of cassettes perhaps,0,images/6ymd31.jpg
tptrz,i think i shocked him yes its all mine,0,images/tptrz.jpg
6qnq2w,the superlatives picture this,0,images/6qnq2w.jpg
7zj4fp,vladimir putin left and donald trump right have a secret meeting,0,images/7zj4fp.jpg
5ljxy5,trump aide says us sanctions on russia be disproportionate,1,images/5ljxy5.jpg
66kvyx,uc berkeley reverses long postponement of ann coulter event,1,images/66kvyx.jpg
66vfs5,gravitating gnomes dysfunctional system,0,images/66vfs5.jpg
97j38k,weird fly,0,images/97j38k.jpg
3dyohg,topless guy and man with flag meet in the streets,1,images/3dyohg.jpg
1j3lae,pogo stick skyline,1,images/1j3lae.jpg
3kzbn0,my bike was happy to see me,0,images/3kzbn0.jpg
5yiuf0,the cia appears to have copied instructions from reddit on how to hack windows,1,images/5yiuf0.jpg
cy5sdo,my taxi drivers ceiling is covered in money from around the world,1,images/cy5sdo.jpg
3vbl5v,romanesque the inverted psychopath,0,images/3vbl5v.jpg
89wr9f,fiat chrysler exec charged in fcauaw scandal knew about bribery scam,1,images/89wr9f.jpg
9dvyoh,pink floyd wish you were spears,0,images/9dvyoh.jpg
5euf3a,spd officer replaces boys stolen game console,1,images/5euf3a.jpg
3r8zyc,top issues for voters in the election,0,images/3r8zyc.jpg
3e8xv1,minorleague baseball team apologies after corey feldmans band performs at ballpark,1,images/3e8xv1.jpg
19jfvq,owl with huge eyes,1,images/19jfvq.jpg
cesatb,kipper rules boris johnson blamed on eu are actually british says brussels,1,images/cesatb.jpg
bgh4z7,nextgen roadster,1,images/bgh4z7.jpg
68tcm3,surfer in stable condition after surviving hours in irish sea,1,images/68tcm3.jpg
78bvjz,evil frog,0,images/78bvjz.jpg
9a2l05,bill clinton smokey robinson stevie wonder to speak perform at aretha franklin funeral,1,images/9a2l05.jpg
boyfk0,a normal family dinner,0,images/boyfk0.jpg
9jje12,a hawk chilling on my parents window ledge,1,images/9jje12.jpg
6xgxb7,ontario man protests in underwear outside court over seizure of pot bong,1,images/6xgxb7.jpg
5isua1,china seizes us underwater drone in south china sea,1,images/5isua1.jpg
c00tnt,missiles in a war,0,images/c00tnt.jpg
ddyel0,local small cardgames shop offers snacks ranging from ghost peppers to scorpions and zebra tarantulas,1,images/ddyel0.jpg
bv09er,my brothers real xmas tree is still alive and doing well,1,images/bv09er.jpg
2ph1db,inside a house fire,0,images/2ph1db.jpg
bx42oa,this tree looking like a pineapple,1,images/bx42oa.jpg
arq7mc,a fight between two creatures,1,images/arq7mc.jpg
9jtehw,vs bill,1,images/9jtehw.jpg
atbs5j,were like peas in a pod terrifying,1,images/atbs5j.jpg
2gnsxn,picture going around on proassad facebook pages assad means lion,0,images/2gnsxn.jpg
cg1jcc,tried to remove the hits from this aluminium bottle didnt go as planned,1,images/cg1jcc.jpg
802obe,a blue mineral stone found in the upcoming god of war sorry if this has serious potential but im uncertain,0,images/802obe.jpg
caw0ju,makeup artist mimles paints herself as a fish using her face and armelbow,0,images/caw0ju.jpg
5h8nxs,has the identity of andys mom in toy storys finally been found in this insane fan theory,0,images/5h8nxs.jpg
96r096,this speaker in a restaurant looks like mecha homer simpson,0,images/96r096.jpg
6dr0uu,this little guy as the garbage truck comes along,0,images/6dr0uu.jpg
dc3k2g,went to my normal corner gas station and one of the delivery trucks rubbed the poll looking like a person drawn perfectly from the side,1,images/dc3k2g.jpg
4vmm2w,man rescues two kittens thanks to playing pokemon go,1,images/4vmm2w.jpg
dda2j3,of the countrys most miserable cities are located in california,1,images/dda2j3.jpg
9emibq,the inside is of a floppy disk is just a sheet of plastic,1,images/9emibq.jpg
19l2p2,cover of the official program for the womens suffrage parade in washington dc on rd exactly years ago today,0,images/19l2p2.jpg
d00i49,tyger wood forest,0,images/d00i49.jpg
87bhu5,nra says parkland students should be grateful for guns giving them such a memorable bonding experience,0,images/87bhu5.jpg
asu5ve,this floor sign at target is made with a tab stamped into it that folds down to hold the legs open in place,1,images/asu5ve.jpg
8qa3be,gunman shoots officer holds kids hostage during standoff,1,images/8qa3be.jpg
bc1qqq,miracle baby born at ounces headed home after months,1,images/bc1qqq.jpg
bp3wxg,the way the color changed on the part of the cord that was plugged into my headphones vs the part that was exposed,1,images/bp3wxg.jpg
bfqlv0,the sky was a literal rainbow last night,1,images/bfqlv0.jpg
6ykbc7,wwii antiaircraft artillery used during the by the united kingdom during the blitz,0,images/6ykbc7.jpg
992wpr,anyone else seeing goatse here,0,images/992wpr.jpg
2hw9jb,this guy has clearly seen some shit,0,images/2hw9jb.jpg
5kq2qm,jim gaffigan and family volunteer at riverwest food pantry,1,images/5kq2qm.jpg
u1ysq,bug eyes,0,images/u1ysq.jpg
4cswhm,emaciated child photographed on january st now healthy and well,1,images/4cswhm.jpg
c2mu6r,from the movie dave made a maze,0,images/c2mu6r.jpg
bz23l8,this plant growing through the wall in my barn,1,images/bz23l8.jpg
8ipxq3,cat with flat ears,1,images/8ipxq3.jpg
4533dv,decades of worship dont lose your way,0,images/4533dv.jpg
7sew6i,sessions is interviewed in muellers russia investigation,1,images/7sew6i.jpg
dh0so3,this upside down advertisement,1,images/dh0so3.jpg
7t7fvg,campbells unveils one big cansized noodle,0,images/7t7fvg.jpg
5xjhne,these guys underwater,1,images/5xjhne.jpg
bxvemx,sound waves from another dimension,0,images/bxvemx.jpg
3hkbhk,anechoic chamber,1,images/3hkbhk.jpg
cxl03c,longest banana stem ever,1,images/cxl03c.jpg
6jt0ky,qizai were all children on the inside,0,images/6jt0ky.jpg
39jhq4,til reddit ceo ellen pao on google,0,images/39jhq4.jpg
9bydgo,annual grouping of the infamous cult,0,images/9bydgo.jpg
5ad6bf,this cheese grater is delighted to be of service,0,images/5ad6bf.jpg
as8s0t,this fisherman and a hand gesture with hitler written on her back,0,images/as8s0t.jpg
7micqi,this robot holding on while sinking into quicksand,0,images/7micqi.jpg
6a77u2,infinity mirror this stale nightmare of boredom and anxiety with back cover,0,images/6a77u2.jpg
c5pyjk,dinnerbone being used for the first time in minecraft,0,images/c5pyjk.jpg
cg217x,team chaos wins the final splatfest,0,images/cg217x.jpg
bcuprt,these two branches seems to be joined at one point but seperated somehow,1,images/bcuprt.jpg
6723xz,rare photo taken seconds before the assassination of president abraham lincoln circa,0,images/6723xz.jpg
c8xmq2,this real estate agents last name,1,images/c8xmq2.jpg
4t7rcr,this lb elephant seal smiling,1,images/4t7rcr.jpg
bbep3c,summer youth glad we stayed friends,0,images/bbep3c.jpg
22noe3,pug freaking out over carrot,1,images/22noe3.jpg
75bwso,this happy car,0,images/75bwso.jpg
3udexu,christmas robot,0,images/3udexu.jpg
2c2qa9,okcupid admits deliberately mismatching singles in psychological experiment,1,images/2c2qa9.jpg
b4pi8q,we love bowling,0,images/b4pi8q.jpg
7oos5d,bir ghbalou a mad murdering midnight menace,0,images/7oos5d.jpg
75i6be,hitlers main officer shows off his collection of japanese merchandise,0,images/75i6be.jpg
cbuzrf,family comforted by thought that mans death will prevent others from climbing war memorial to pretend to fuck horse,0,images/cbuzrf.jpg
5as4kw,cardio vs weight lifting which will make you look better,0,images/5as4kw.jpg
2y3u94,girl awkwardly throwing ball with dog,1,images/2y3u94.jpg
5tk6n9,yearold wedding dress lost at dry cleaners found,1,images/5tk6n9.jpg
8y2ria,this guy trying to maintain his composure on top of the sears tower,1,images/8y2ria.jpg
1ofc4y,pilots eye viewx post rpics,1,images/1ofc4y.jpg
bntp0t,my gummybears came out like this,1,images/bntp0t.jpg
bxhjub,the death of john fitzgerald kennedy,0,images/bxhjub.jpg
3jzvga,this lava lake looks like cgi,0,images/3jzvga.jpg
cqcsn7,royal oak police stop black man for looking suspiciously at white woman,1,images/cqcsn7.jpg
265bsl,my friend heroically diving for a frisbee,1,images/265bsl.jpg
2jiyc4,a free people in a free country vote right s norwegian poster,0,images/2jiyc4.jpg
97aye7,giant woman in colorado,0,images/97aye7.jpg
2uqzia,map by the toronto transit commission whose slogans include ride the rocket and the better way,0,images/2uqzia.jpg
d7negv,the way the new router is fixed,1,images/d7negv.jpg
68tx6y,anarchist takedown,1,images/68tx6y.jpg
c9b0ld,protester ignites fire in la riots,0,images/c9b0ld.jpg
17a1pp,my friend lunging off the side of a cliff from rperfecttiming,1,images/17a1pp.jpg
439t7f,a flounder blends in with the seafloor,0,images/439t7f.jpg
c0d051,nl canada,1,images/c0d051.jpg
bakmmv,this pineapple marvel advertisement,1,images/bakmmv.jpg
es92sj9,available here,0,images/es92sj9.jpg
3it99m,lathlain park particular abstraction,0,images/3it99m.jpg
5qqsc2,mrw my foster parents tell me they can take a left turn light and i can make music by moving my face,0,images/5qqsc2.jpg
6ojzv7,banana for scale,0,images/6ojzv7.jpg
d0w8nx,the puzzle my wife and i just finished has one misprinted piece,1,images/d0w8nx.jpg
bvvj5c,this weird egg,1,images/bvvj5c.jpg
arrd0c,winter grim reaper,1,images/arrd0c.jpg
4bnnc4,pub hours to be extended for queens th birthday,1,images/4bnnc4.jpg
bzt9se,at lunch today my silverware was magnetic,1,images/bzt9se.jpg
d1yy69,this apple with two split colors at the store,1,images/d1yy69.jpg
clok299,cutouts,0,images/clok299.jpg
1myjcq,grumpy cat brings smiles in tempe,1,images/1myjcq.jpg
bk4tly,this colored duck,1,images/bk4tly.jpg
2l9llh,scottish teens turning from life of crime,1,images/2l9llh.jpg
808lhp,slaves in south carolina escape their master,0,images/808lhp.jpg
1z3hct,jersey city man does days of good deeds for grateful strangers,1,images/1z3hct.jpg
bn9wvj,apple ceo tim cook i dont think a fouryear degree is necessary to be proficient at coding,1,images/bn9wvj.jpg
66dfvj,bill mitchell on twitter love trumps hate they say can i use the bathroom,0,images/66dfvj.jpg
6kvor6,water stain outside my front door looks like a very tall ghost is about to enter my home,0,images/6kvor6.jpg
ays70n,after failing to reach political win with coworkers office bureaucrat vies for domination victory,0,images/ays70n.jpg
cjesbw,this hole my dog dug looks mildly like a plump gingerbread man,1,images/cjesbw.jpg
dj7rii,the river by me flooded then froze then the water receded leaving these hovering ice shelves on the trees,1,images/dj7rii.jpg
64qrfj,content but cross eyed,0,images/64qrfj.jpg
7bwj0x,the making of a cult classic,0,images/7bwj0x.jpg
73yenh,castor bay youre very secretive,0,images/73yenh.jpg
7hoi6x,dancin the night away,1,images/7hoi6x.jpg
13r8v6,parents brought back a heart shaped rock from their honeymoon all i could see is this guys disturbed facial expression,0,images/13r8v6.jpg
9hubzz,nintendo lets terminal cancer patient play super smash bros ultimate early,1,images/9hubzz.jpg
dbhyhd,this cloud looking like a sword,1,images/dbhyhd.jpg
5s4yea,police say man claiming to be robbed was really shot accidentally,1,images/5s4yea.jpg
52z2sb,seductive alligator queen,1,images/52z2sb.jpg
104xj1,a bunch of people chanting at this years opening of my university,1,images/104xj1.jpg
99v4qq,green tea ice cream,0,images/99v4qq.jpg
ce7t3m,batman feels grumpy moments before battle with superman as hes been spending hours just to put on the full suit only to look at the mirror and realized hes forgot to shave off the stache,0,images/ce7t3m.jpg
83s1wc,giant sinkhole engulfs parts of guatemala city,0,images/83s1wc.jpg
8j8cak,this youtuber made ryan reynolds play the deadpool video game,0,images/8j8cak.jpg
b59yri,polish armed forces defending warsaw,0,images/b59yri.jpg
7fh6jh,inspiring britain glasgows cheerful litterpicker on a mission to make a difference to his city,1,images/7fh6jh.jpg
bxjfrz,this new use for an old telephone box,1,images/bxjfrz.jpg
1wruiy,beast on the loose,1,images/1wruiy.jpg
39ofox,the bathroom of a amethyst kitchen counter top,0,images/39ofox.jpg
blwu6d,this ctrain what the transit is called in calgary car has a faded sticker from the olympics still on it,1,images/blwu6d.jpg
2z66am,this coffee cups lid is terrified of me,0,images/2z66am.jpg
2cyb51,laughing at their teammates drawing,1,images/2cyb51.jpg
auz85s,the founder of chivalry circa colourized,0,images/auz85s.jpg
1zfpeh,recipe for an arrest suspect uses newspaper clipping as an inspection sticker gets busted,1,images/1zfpeh.jpg
2y95zk,bear cub and salmon,1,images/2y95zk.jpg
zugjr,the real donnie brasco is coming to montreal to testify,1,images/zugjr.jpg
c6mmuk,the creation of jim crow law,0,images/c6mmuk.jpg
1oyc5r,mustachioed skull,0,images/1oyc5r.jpg
d0p9c7,ted cruz after his twitter account magically liked a pornographic tweet,0,images/d0p9c7.jpg
26ic25,camera on irish police van looks happy,0,images/26ic25.jpg
bvt7wr,one if the many awesome souvenirs at a local pub,1,images/bvt7wr.jpg
6ee8dp,katyn forest massacre poland nazi antisoviet,0,images/6ee8dp.jpg
1jejke,california porn maker to stop ben jerrys spoofs,1,images/1jejke.jpg
5fdb8a,fake news breaking trump says he wants recount in more states throws election up in the air details,0,images/5fdb8a.jpg
982yu9,it might seem like the world is getting worse and worse but psychologist steven pinker says that across the board data suggests weve made a lot of progress,1,images/982yu9.jpg
cncd1w,the color of the new note,1,images/cncd1w.jpg
2apkf9,on the set of madzilla yearold sees his monster wish come true lovely photos,1,images/2apkf9.jpg
6huyhw,sen harris questioning ag sessions at the senate intelligence committee hearing,0,images/6huyhw.jpg
6k035p,singing without sound this musician uses vibrations in the middle of the related section in their proper places,0,images/6k035p.jpg
78hhog,we tried the best cheap beers from the grocery store heres the only brand you should buy,0,images/78hhog.jpg
5y8fqu,my high school had a project i would love some feedback on what to work on,0,images/5y8fqu.jpg
91xq53,trump tape a turning point in legal game of catandmouse,1,images/91xq53.jpg
czeull,dropped my water bottle cap and it got stuck on the plastic wrapper of the bottle,1,images/czeull.jpg
928g1u,the guy im dating leveled up yesterday and i got bored waiting for his bus this morning picked up by tsmdaequan,0,images/928g1u.jpg
3oct15,expanding foam leaking,1,images/3oct15.jpg
cjt3yc,on our walk today these dogs managed to braid their leashes together,1,images/cjt3yc.jpg
7kxwy0,an angry fisherman forcefully searches inside a fish for his phone that fell into its mouth,0,images/7kxwy0.jpg
b5u38l,candle in my grandparents house in mexico,1,images/b5u38l.jpg
3l2hrr,i am a groomsman for my first job in a size bigger,0,images/3l2hrr.jpg
82ykbb,report average american walks less than one mile each year with pants around ankles,0,images/82ykbb.jpg
cud5km,the hallways of my norwegian high school,1,images/cud5km.jpg
bjp2ul,siouxsie the banshees hong kong garden,0,images/bjp2ul.jpg
dhqgqw,coastal red wood forrest visited this on my road trip and discovered its where the ewok scenes in the star wars series were filmed,1,images/dhqgqw.jpg
3jyufe,vodka treatment saves poisoned puppy,1,images/3jyufe.jpg
41qkz1,trump being kissed by two girls,1,images/41qkz1.jpg
39n6zj,brothers mow lawn to keep woman out of jail,1,images/39n6zj.jpg
c283iq,this helpful reminder on the back of a bathroom door,1,images/c283iq.jpg
94ity5,to confuse,0,images/94ity5.jpg
7xua2c,butt lady of auburn picks up million cigarette butts,1,images/7xua2c.jpg
dhilpe,this electronic check payer,1,images/dhilpe.jpg
3iq02q,fire hazard home burns as couple signs deed to purchase it,1,images/3iq02q.jpg
2yn2jm,oh gee em that looks just fabulous on you honey,0,images/2yn2jm.jpg
7ccm3o,man discovers fire million bc,0,images/7ccm3o.jpg
cgu4xy,lets playdd in prison,1,images/cgu4xy.jpg
dcf7hw,tree leaf colours apparently fade quicker the farther they are from a building,1,images/dcf7hw.jpg
c0wyoo,yearold uses own allowance to cover school lunch debts for his entire rd grade class,1,images/c0wyoo.jpg
70k6f8,this unimpressed doggo prepping early for halloween,1,images/70k6f8.jpg
5cf3wl,lady yells at horse,1,images/5cf3wl.jpg
1cvbjq,theres a face in my peanut butter,0,images/1cvbjq.jpg
5wtysa,ohio official finds noncitizens had cast votes illegally secretary of state jon husted on monday said his latest review of ohios voter registration rolls uncovered more noncitizens of whom have apparently cast illegal ballots,1,images/5wtysa.jpg
bim5xn,found this at cracker barrel,1,images/bim5xn.jpg
b2mowa,federal authorities raided trump fundraisers office in money laundering probe,1,images/b2mowa.jpg
d7mb8k,wall statue that comes out of the wall approximately feet tall,1,images/d7mb8k.jpg
casmec,i have these four old ass fortune cookies on my fridge the peeling one reads everyone agrees you are the best,1,images/casmec.jpg
c1rtjh,the door sign at this hotel,1,images/c1rtjh.jpg
9abg8n,this toilet paper dispenser is a monster,0,images/9abg8n.jpg
9eae9a,a russian soldier looks through his binoculars at a german supply convoy,0,images/9eae9a.jpg
16gi3h,what did vladimir putin say to scare young boy,1,images/16gi3h.jpg
1k6ku2,saw this happy guy the other day so happy when people look through him,0,images/1k6ku2.jpg
d7ctkw,lil gnar death note ft lil skies and craig xen,0,images/d7ctkw.jpg
3gy0d2,concerened kitty sitting upright on the couch,1,images/3gy0d2.jpg
6flpxg,i scream,0,images/6flpxg.jpg
b5q5m3,europeans using their last moments of browsing memes after article gets approved,0,images/b5q5m3.jpg
4egpgf,a morbidly obese dachshund,1,images/4egpgf.jpg
5faidi,why refugees are forced to drink diesel fuel,0,images/5faidi.jpg
5ykqzf,cat standing on deli glass,1,images/5ykqzf.jpg
7h5zvh,nevada rep ruben kihuen accused of sexual harassment,1,images/7h5zvh.jpg
6hn3x8,dj underground abduction,0,images/6hn3x8.jpg
86r66k,one startup is using phone calls and innovative packaging to save tb patients worldtbday,1,images/86r66k.jpg
bhn8f2,vw bus with atat legs,1,images/bhn8f2.jpg
9e6szi,opened my water bottle for a drink and found this guy glaring disapprovingly at me,0,images/9e6szi.jpg
b5i57f,the pattern the sun makes shining through the fence outside,1,images/b5i57f.jpg
9cyj5v,real id preverification begins in pennsylvania,1,images/9cyj5v.jpg
3dooxs,if sports drink commercials were honest,0,images/3dooxs.jpg
9i2pvw,absolute unit,0,images/9i2pvw.jpg
c0kzkt,does anyone else see a tiny dude with an afro in the paint on my wall,0,images/c0kzkt.jpg
49mho9,angry cat under umbrella,1,images/49mho9.jpg
bfchm3,this twisted carrot,1,images/bfchm3.jpg
lycee,it is dawn in spain civil war poster,0,images/lycee.jpg
7k9ubg,theres a face in there,0,images/7k9ubg.jpg
1krayc,exgay therapist tells televangelist i can tell if youre possessed by which crayons you use,1,images/1krayc.jpg
8axuvu,how vladimir lenin recruited new members for his party circa,0,images/8axuvu.jpg
4l2iu3,bat dog retrieving alex rodriguezs baseball bat,1,images/4l2iu3.jpg
4wlrhl,arrested trying to break into nc home while police inside investigating,1,images/4wlrhl.jpg
5soh0i,smile,0,images/5soh0i.jpg
3ljm3q,joe rogan getting lucrative,1,images/3ljm3q.jpg
264bqc,man finds moose calf so he takes it to tim hortons,1,images/264bqc.jpg
61s26q,from toilet to tap recycled water be new jerseys future,1,images/61s26q.jpg
colr8z,this zucchini that grew in my mums garden,1,images/colr8z.jpg
9d87sz,soviet scientist tests newly developed weapon prototypes,0,images/9d87sz.jpg
2qxh92,south korean to drop the interview in north by balloon,1,images/2qxh92.jpg
5atsp2,leaver face,0,images/5atsp2.jpg
6t8ijk,charlottesville remains on edge ahead of unite the right rally,1,images/6t8ijk.jpg
74w57p,steve bannons firing from the white house,0,images/74w57p.jpg
3p6qih,how to stop wearing cargo shorts were cool again,0,images/3p6qih.jpg
7u4qj6,tests link syrian government stockpile to largest sarin attack,1,images/7u4qj6.jpg
byf3wv,got packets in my pack crystal light were still stuck together,1,images/byf3wv.jpg
7bpu5z,a man with a glorious beard his trusty bird and a wee lass,1,images/7bpu5z.jpg
3edpqt,rfishing lunker,1,images/3edpqt.jpg
69zts6,abstract sculpture on a nyc street,1,images/69zts6.jpg
47eb60,terrorism stops here rhodesian army rhodesian bush war,0,images/47eb60.jpg
auw0g6,this perfect snowflake,1,images/auw0g6.jpg
csigmj,my kittens brother and sister have opposite black patches over their eye,1,images/csigmj.jpg
9bey1a,fire hydrant man go home youre drunk,0,images/9bey1a.jpg
b8bup5,the bar code on my pecan pie whiskey is apart of a pie,1,images/b8bup5.jpg
4n583f,a dog on a swing,1,images/4n583f.jpg
30psyv,this cosplay of dr beak photobombed by mini elvis,1,images/30psyv.jpg
22yslf,democratic kampuchea is moving forward cold war khmer rouge,0,images/22yslf.jpg
9byfdi,just noticed this after years,1,images/9byfdi.jpg
bp1skq,this outdoor backyard inside a shopping mall,1,images/bp1skq.jpg
cpkbss,these weirdly flirty baileys serving dishes i found at an antique store,1,images/cpkbss.jpg
410xz4,food cart selling sex toys in downtown evansville,1,images/410xz4.jpg
612sxs,is there a link between dinosaurs extinction and this martian volcano,0,images/612sxs.jpg
cfkh9n,immediately give first aid after electrical injury circa s,0,images/cfkh9n.jpg
8zlur4,people with this personality trait are more likely to cheat,0,images/8zlur4.jpg
1wgpux,woman reunited with her cat that went missing years ago,1,images/1wgpux.jpg
be3yf3,this winco wheat bread that is marbled with white bread dough,1,images/be3yf3.jpg
8wic87,after learning about anime american diplomats contemplate on what good a rd nuke have done to japan,0,images/8wic87.jpg
au5787,power nap was,0,images/au5787.jpg
4kibdf,zilje part of the system,0,images/4kibdf.jpg
2na37l,my yr old boys excitement at seeing the sun rise,1,images/2na37l.jpg
8zap45,russia removed from naughty list after successful world cup,0,images/8zap45.jpg
bajqbb,le profile,0,images/bajqbb.jpg
c1lu9y,a fly on a trashcan lid,1,images/c1lu9y.jpg
447w9r,walmart and lowwage america high expectations what a big pay rise at walmart means for the minimumwage debate,1,images/447w9r.jpg
d31cdp,opposite oatmeal,0,images/d31cdp.jpg
ci3gl2,thousands sign petition to move the date of halloween,1,images/ci3gl2.jpg
4dpn5c,prostitution in france made legal under new laws but paying for it ruled illegal,1,images/4dpn5c.jpg
c7mue9,lovely drop shaped larimar stone,1,images/c7mue9.jpg
cizs6e,odometer and trip meter hit all s at the same time,1,images/cizs6e.jpg
b1oys4,your teeth are so white does your toothpaste contain salt,0,images/b1oys4.jpg
4rix5m,woah sweet chair,0,images/4rix5m.jpg
c4t3uc,italy invades ethiopia,0,images/c4t3uc.jpg
42kubz,chinese police criticised for holding man over twowife policy fake news article,1,images/42kubz.jpg
2nxe6u,boobytrapped home for sale in new hampshire,1,images/2nxe6u.jpg
44bn4v,pope francis and raul castro in cuba,1,images/44bn4v.jpg
75hjgl,nose hair extensions are the next hot beauty trend,1,images/75hjgl.jpg
6ffgje,bernie sanders with a ventriloquist puppet of himself,0,images/6ffgje.jpg
ce5cf5w,other discussions,0,images/ce5cf5w.jpg
2x93bw,o,0,images/2x93bw.jpg
4wnn51,bill clinton gary johnson to speak at asianamerican forum in las vegas,1,images/4wnn51.jpg
bchk8f,the room bluray comes with a pic of tommy wiseau with an underwear ad on the back,1,images/bchk8f.jpg
c7y5ne,when my gecko leapord sheds his skin this is how his feet shed,1,images/c7y5ne.jpg
9cw0id,these bananas peeled themselves from their own weight,1,images/9cw0id.jpg
6cbfpv,playing out on the icy deck,0,images/6cbfpv.jpg
bntzi0,giant seaweed bulb,1,images/bntzi0.jpg
7z1mov,york regional police issue clarification after officer tells students smoking pot increases mens breast size,1,images/7z1mov.jpg
5zzvus,israels arrow antimissile system in first hit,1,images/5zzvus.jpg
6p3y3x,kid rock will win senate seat if he doesnt beat up a woman between now and says gop consultant,1,images/6p3y3x.jpg
6cgqcr,santa cruz county educators pioneering lgbtq history curriculum,1,images/6cgqcr.jpg
8feslr,seattle officials file motion to vacate marijuana convictions,1,images/8feslr.jpg
aw89ld,the shadow of my plant looks like a climbing squirrel,1,images/aw89ld.jpg
cayf18,this iced coffee i ordered,1,images/cayf18.jpg
550w6k,couple to celebrate th wedding anniversary th birthdays together,1,images/550w6k.jpg
2mkmdf,one happy vo meter,0,images/2mkmdf.jpg
1yh6lg,strength through beauty white rex russia national socialism nationalism,0,images/1yh6lg.jpg
bzjoro,boy at a lake,1,images/bzjoro.jpg
clum4h,this origami made of fabric backed plywood,0,images/clum4h.jpg
ckmxth,the seagull attack,1,images/ckmxth.jpg
d7ou11,a coral grown in a piece of plastic nature adapts to the destruction from humanity,1,images/d7ou11.jpg
689o0b,video oer the clouds,0,images/689o0b.jpg
argm5t,a differential from a s car,1,images/argm5t.jpg
5b0dy6,any lovely trolls would appreciate my new job learns what im doing,0,images/5b0dy6.jpg
6wvitg,stuck koala makes international headlines after hitching canoe ride to safety,1,images/6wvitg.jpg
cyatol,this czech apple keyboard that switched the z and y key positions,1,images/cyatol.jpg
89cwm9,environmental group is turning hawaiis ocean waste into energy since about tons of abandoned ocean gear has been burned and turned it into electricity enough to power homes in hawaii for a year,1,images/89cwm9.jpg
8o8l2g,a group of mexicans attempting to climb over trumps wall,0,images/8o8l2g.jpg
5e5pg3,cargo container ship entering port at nighttime,0,images/5e5pg3.jpg
b28z5l,cement bags left outside for too long now look like pillows made of stone,1,images/b28z5l.jpg
5bmtku,the outskirts of khe sanh,0,images/5bmtku.jpg
1uhc6a,road trip combat veteran helps other struggling soldiers at unique therapeutic farm,1,images/1uhc6a.jpg
7us4s0,evidence of the gender pay wage gap,0,images/7us4s0.jpg
5v1drj,report trumps lawyer handdelivered michael flynn a secret plan to lift sanctions on russia,1,images/5v1drj.jpg
cfnvum,the burn on my hand left a perfect mark of one of the screw heads,1,images/cfnvum.jpg
cxq1oh,this toothpaste looks like a tooth,1,images/cxq1oh.jpg
9g9y15,looks like a happy derp,0,images/9g9y15.jpg
bna66y,portable urinals installed in downtown victoria not everyone is a fan of the peeosk,1,images/bna66y.jpg
8kol12,royal wedding official photo st georges chapel,0,images/8kol12.jpg
2hdnk4,its time to tell your kids about the birds and the bees and aids,0,images/2hdnk4.jpg
bjuw7b,odah before us beneath,0,images/bjuw7b.jpg
9k1jta,shook the desk and the bottle landed like this does this fit,1,images/9k1jta.jpg
8ucmd7,families earning now qualify as low income in californias bay area,1,images/8ucmd7.jpg
8siy3e,protestors near the usmexico border,0,images/8siy3e.jpg
607b9j,chinese hackers break into the fbi database shangai,0,images/607b9j.jpg
7beimv,first post here this was for my tea tonight and i need to grow up,0,images/7beimv.jpg
5omfpl,had to redo a staple and found this timid guy,0,images/5omfpl.jpg
11g6i9,milk carton and pepsi cola promote and finance homosexuality,1,images/11g6i9.jpg
chj9l1,cowboy college station tx,1,images/chj9l1.jpg
5z2jgk,women hold cat up in the air,1,images/5z2jgk.jpg
98f80q,oc glitch vibes dense,0,images/98f80q.jpg
audaic,how the blade and soul launcher integrates into my wallpaper,1,images/audaic.jpg
98o97n,a couple wwii welding posters,0,images/98o97n.jpg
2g9n7a,finally a clock that understands how i feel in the morning,0,images/2g9n7a.jpg
60vj35,flying bee,1,images/60vj35.jpg
9ecb6f,the crucification of jesus christ circa ad,0,images/9ecb6f.jpg
7ancb0,houstons harvey hero mattress mack out m after offering refunds if astros won,1,images/7ancb0.jpg
c5rdhf,this bag is giving me serious side eye,0,images/c5rdhf.jpg
86n1gl,stupid communists on their daily exercise of trying to shoot down the god,0,images/86n1gl.jpg
cybdy5,found this urinal in an irish bar in oslo havent got a clue,1,images/cybdy5.jpg
b3uy65,in the name of peace detail iraklii toidze soviet space program,0,images/b3uy65.jpg
619x24,richard nixon shaking hands with carrie fisher,1,images/619x24.jpg
106wee,found while looking at a d view of dublin city,0,images/106wee.jpg
au2anw,satisfaction always kmart,0,images/au2anw.jpg
3283ck,lost wallet returned years later with more money,1,images/3283ck.jpg
1x9wxf,walked into the bathroom only to find that my showerhead had given up on life,0,images/1x9wxf.jpg
562nyk,catch of the day,0,images/562nyk.jpg
43uas5,hmb while ko hmb while i climb into this dumpster,0,images/43uas5.jpg
5fdekr,tube of black paint spilling out onto the countertop,0,images/5fdekr.jpg
1ruzag,a very happy looking car,0,images/1ruzag.jpg
bue17r,man on the moon paradise,0,images/bue17r.jpg
c8gmmb,this cherry has an unusual appendage,1,images/c8gmmb.jpg
ay4x7h,the lock on this restaurant bathroom has been broken for at least two years,1,images/ay4x7h.jpg
2t2fcb,this rabbit with a mullet,1,images/2t2fcb.jpg
5g93yn,woman battling cancer stunned by amazing act of kindness from waitress,1,images/5g93yn.jpg
8vta6f,gordon ramsays weight loss is all down to one simple trick,0,images/8vta6f.jpg
3zh9xr,nato north atlantic terrorist organisation italy,0,images/3zh9xr.jpg
1rq833,i bet you can hear your echosinging vagina x post rpussy,1,images/1rq833.jpg
cv3dyt,a fly got stuck and died behind my xbox logo,1,images/cv3dyt.jpg
5yqbd5,worries grow as top posts remain vacant at state department,1,images/5yqbd5.jpg
bmmdhg,the zbar kids face changes based off the type of bar,1,images/bmmdhg.jpg
asxg4c,a child playing with a huge red ball installation in marseilles france,1,images/asxg4c.jpg
ctby5j,penitentiary green screen,0,images/ctby5j.jpg
hmei1,germanys liberation nazi poster made shortly after the nazi party was outlawed in germany,0,images/hmei1.jpg
dkurff,interesting tag i saw today,1,images/dkurff.jpg
25d83m,fried chicken,0,images/25d83m.jpg
6i4khw,a picasso installation,0,images/6i4khw.jpg
4styka,transgender woman charged with filming teen girl in target dressing room hot air,1,images/4styka.jpg
coqa4r,my audio interface actually cranks up to,1,images/coqa4r.jpg
bn0vtl,car ride devoted to explaining what things will be different about grandma this visit,0,images/bn0vtl.jpg
buridd,this bird with a sunflower on its head,1,images/buridd.jpg
3uaywq,whats the deal with the two girls and the pieces strewn about the planet in a completely different place compared to historical lithuania,0,images/3uaywq.jpg
by9d9w,these mountain dew cans have different surfaces,1,images/by9d9w.jpg
2dereg,my angry one year old brother,1,images/2dereg.jpg
7qa3bz,painting of putin,0,images/7qa3bz.jpg
cs8wh4,i fit oddly well behind this log,1,images/cs8wh4.jpg
531ysm,heres why you should never upload your boarding pass to social media,0,images/531ysm.jpg
bsg179,booties with a scrub pad on the bottom,1,images/bsg179.jpg
7j1dc3,these trees in austria are fucking with my brain,0,images/7j1dc3.jpg
9dza74,random photo showed up on my phone,1,images/9dza74.jpg
7tzt59,michael vick begins a fight to the death between of his prized dogs,0,images/7tzt59.jpg
7jo2r3,carrie fisher meeting with harvey weinstein,0,images/7jo2r3.jpg
1pw5tm,this fan above us is feet in diameter its scary when turned on to high speed,1,images/1pw5tm.jpg
beobdf,et found in jelly baby packet,1,images/beobdf.jpg
b8qkx1,it looks completely cloudy and gray at first but you can see blue skies in the reflection of the building,1,images/b8qkx1.jpg
rrwtj,kdfwagen later known as vw kaferbeetle savings scheme late s,0,images/rrwtj.jpg
34qdic,mom calls police on disrespectful yearold,1,images/34qdic.jpg
8g5db0,this man proposing to his wife underwater,1,images/8g5db0.jpg
96dgmu,some speakers with a happy meal,0,images/96dgmu.jpg
38i77v,a story about an elderly jewish lady and her muslim neighbours who cared,1,images/38i77v.jpg
68fby6,south dakota lawmakers declare state of emergency to force suspects to unlock san bernardino terrorist suv chase staged,0,images/68fby6.jpg
8dgnwo,dad ready to forgive dixie chicks,0,images/8dgnwo.jpg
6d7hgt,bizarrely beautiful pyongyang metro music video circa,0,images/6d7hgt.jpg
bhluk7,my kitkat was pure chocolate,1,images/bhluk7.jpg
atg4sv,clouds covering a blue sky,0,images/atg4sv.jpg
7sqfjl,taxidermy foxes sitting in the snow,1,images/7sqfjl.jpg
7j3o00,texas teacher gets years in prison for sex witha students at same time,1,images/7j3o00.jpg
5xw78z,this photobomb fish,1,images/5xw78z.jpg
8iv64b,a picture of park benches,1,images/8iv64b.jpg
6fxntc,walked into this kitchen and the fridge looks like hes chillin,0,images/6fxntc.jpg
cvu3la,the shadow this crib makes,1,images/cvu3la.jpg
2rx6wy,a good friend of mine winning his marriage proposal video at link,1,images/2rx6wy.jpg
6zdj1j,you wont believe insane gifts saudi arabia gave trump,0,images/6zdj1j.jpg
1qkp7d,david cameron calls for permanent austerity while standing at a gold lectern,1,images/1qkp7d.jpg
clzi01,battle of kursk largest tank battle in history ussr,0,images/clzi01.jpg
7avkql,the worlds tallest and smallest men meet,0,images/7avkql.jpg
d9flg6,labeled kid snacker at my local produce store just think its a weird assortment,1,images/d9flg6.jpg
b9bmo3,made this thing while washing my phones screen protector looks like something from an art museum,1,images/b9bmo3.jpg
bqvv0c,cleisthenes invents democracy bce,0,images/bqvv0c.jpg
bdfudr,bond hearing for white suspect in black church fires,1,images/bdfudr.jpg
b9f2ms,this plumsized strawberry,1,images/b9f2ms.jpg
brue2i,black conservatives support candidate whose religion believes black people bear mark of cain,0,images/brue2i.jpg
d7vu52,artificial not intelligent scanning,0,images/d7vu52.jpg
2zqkad,syrian tetris antiassad modern,0,images/2zqkad.jpg
bbd0m5,cat with white eyes,1,images/bbd0m5.jpg
8c7l7o,suzanne monkeyin around feat dj default cube,0,images/8c7l7o.jpg
cuw8su,my straw was closed at one end,1,images/cuw8su.jpg
cyt24a,this d worm picture,1,images/cyt24a.jpg
54pjcl,your son next american antiwar poster,0,images/54pjcl.jpg
12zzub,my cousin serving,1,images/12zzub.jpg
cbg590,protesters with baby coffins planning fuck all for tuam grave site,0,images/cbg590.jpg
1vst9m,the im not drunk guy,1,images/1vst9m.jpg
bgnxoz,hello pint of ice cream,0,images/bgnxoz.jpg
canmuz,i just realiz ive never seen an ice cream truck company before,1,images/canmuz.jpg
6mj26g,this cat laying down,1,images/6mj26g.jpg
c45hhd,close up shot of a yellow jacket on my window he would not leave for some reason,1,images/c45hhd.jpg
bb6e6g,mugabes cabinet in zimbabwe believed purified diesel not crude oil came from a rock,1,images/bb6e6g.jpg
191u51,did a crossdressing priest sex ring bring down benedict xvi,1,images/191u51.jpg
2o4aja,airplane safety how to open the emergency exit,1,images/2o4aja.jpg
2rnbky,hulk hogan is training riffraff to be a wwe wrestler,1,images/2rnbky.jpg
bvp40b,lil cuz summer daze,0,images/bvp40b.jpg
blockl,nature conservancy finalizes million glebe mountain purchase in vermont,1,images/blockl.jpg
1ef8pf,psy kicking a traffic cone,1,images/1ef8pf.jpg
6n6gem,trump still wants a solar wall and he wants it to be transparent,1,images/6n6gem.jpg
cdwx6o,hollywood gone crazy,1,images/cdwx6o.jpg
75sbrf,eating pizza,0,images/75sbrf.jpg
d0ohhj,are we still doing flat buildings,0,images/d0ohhj.jpg
9jncim,volunteer effort aims to make clark county park more accessible to public,1,images/9jncim.jpg
28ynfx,just say noto the war on drugs modern,0,images/28ynfx.jpg
7l4ybg,shoal irresistible,0,images/7l4ybg.jpg
bs89cb,et the extraterrestrial,0,images/bs89cb.jpg
4c88iu,girl scout delivers basket and note to new parents who cant go home for easter,1,images/4c88iu.jpg
b0oera,gov gavin newsom to stop death penalty in california giving reprieves to death row inmates,1,images/b0oera.jpg
bth321,french farright shows renewed strength in blow for macron,1,images/bth321.jpg
5ku4ej,debbie reynolds dead at,1,images/5ku4ej.jpg
5q8701,eric cartman lens flare,0,images/5q8701.jpg
1dvsmy,mentally disabled couple sues to live together,1,images/1dvsmy.jpg
6eyfhf,leo varadkar to become irelands youngest first openly gay prime minister,1,images/6eyfhf.jpg
6p7vws,my eggs they mock me,0,images/6p7vws.jpg
5cxzb7,the onion looks back at beauty and the beast,0,images/5cxzb7.jpg
5k2q2s,olenyoksky district attempting colour,0,images/5k2q2s.jpg
6pm7zr,conan obrien with this cat,1,images/6pm7zr.jpg
c3mxnk,eating a pastry and it turned into a fish,0,images/c3mxnk.jpg
bbgm7p,stowaway cat survives weeks in shipping container from china to bc,1,images/bbgm7p.jpg
6blodh,doomsday clock trump tower,0,images/6blodh.jpg
cwng2j,this kitten sleeping,1,images/cwng2j.jpg
16le31,kid and dad under a blanket fort,1,images/16le31.jpg
b00tbt,a sign warning users not to wear crocs on an escallator,1,images/b00tbt.jpg
5plz05,french pilot pierre clostermann would finish the second world war with recorded victories,0,images/5plz05.jpg
38fif0,angry lawyerinventor reads stupid patent of the month files first lawsuit vs eff,1,images/38fif0.jpg
d6xsf6,fair act house passes a bill to ban mandatory arbitration,1,images/d6xsf6.jpg
93damh,german spies communicate through holes in the berlin wall ca,0,images/93damh.jpg
4dxwb9,the only good tory is a suppository uk,0,images/4dxwb9.jpg
3n6yiq,crying baby,1,images/3n6yiq.jpg
arzl7h,heartbreaking this man works for a website,0,images/arzl7h.jpg
7lqxnl,donald trumps approval rating at christmas makes him the least popular president ever,0,images/7lqxnl.jpg
8j7khn,jesuss final moments before crucifixion ad,0,images/8j7khn.jpg
c8pyro,hungry for carrots,0,images/c8pyro.jpg
8c0hn8,sad robot audio meters,0,images/8c0hn8.jpg
8uyh39,man charged with threatening to kill ajit pais family,1,images/8uyh39.jpg
552cfk,commuter train crashes into station in hoboken nj,1,images/552cfk.jpg
b260hs,this long abandoned and forgotten road from roman empire era,1,images/b260hs.jpg
6nflh6,guy with a lot of hair,1,images/6nflh6.jpg
7x1b28,happy beer,0,images/7x1b28.jpg
5uf1n5,fat cat slouching around,1,images/5uf1n5.jpg
dcw3a8,different caterpillars i saw while camping,1,images/dcw3a8.jpg
6n2bi4,federal government denies nds request for reimbursement related to dapl protest costs,1,images/6n2bi4.jpg
7u103s,a surgeon is still performing hundreds of operations a year despite reaching the age of,1,images/7u103s.jpg
3geic8,feed meee,0,images/3geic8.jpg
6ljnpx,three baseball players midcelebration,1,images/6ljnpx.jpg
9cabpw,abortion looms over senate fight on supreme court nominee,1,images/9cabpw.jpg
80lyhu,johnson city tn girls birthday wish is for donations to niswongers childrens hospital radiothon,1,images/80lyhu.jpg
3mprqf,feed me,0,images/3mprqf.jpg
951lgm,you wont believe how many eagles fans attended practice sunday night,0,images/951lgm.jpg
1lbg0w,kim jong un orders execution of music star exgirlfriend,1,images/1lbg0w.jpg
2bjb5p,kid jumping from rock to rock,1,images/2bjb5p.jpg
ccrkgk,adolf hitler giving orders to the third reich,0,images/ccrkgk.jpg
9i25zo,ocean grove the little people,0,images/9i25zo.jpg
74abeb,us winter forecast la nina to fuel abundant snow in rockies bitterly cold air to blast midwest,1,images/74abeb.jpg
48limm,japanese man in a giant pot for cooking miso soup,1,images/48limm.jpg
8467ye,this car is pouting at the mechanics,0,images/8467ye.jpg
6xwsec,you know what this looks like,0,images/6xwsec.jpg
avxg7l,this cartoon driver,1,images/avxg7l.jpg
bfrvb1,mineral spring with high iron content,1,images/bfrvb1.jpg
70hyw4,aerial photo of an insane chinese superhighway,0,images/70hyw4.jpg
98ki79,johning my last,0,images/98ki79.jpg
5okdmj,giggity,0,images/5okdmj.jpg
8ajb7q,just a dog his human and a pink lake,1,images/8ajb7q.jpg
3zgv23,sad coffee happy coffee,0,images/3zgv23.jpg
86msfn,field of tulips,0,images/86msfn.jpg
b68gb8,this bag of ruffles i bought in mexico came with a hot sauce packet,1,images/b68gb8.jpg
7q8j5s,which way is up,0,images/7q8j5s.jpg
6nm45o,margaret the last countess of tyrol,1,images/6nm45o.jpg
8b8zfk,netflixs black mirror,0,images/8b8zfk.jpg
194s3u,arrested in egypt for harlem shake,1,images/194s3u.jpg
crctj0,this jackets tag has a stitched circle around the size,1,images/crctj0.jpg
3ycrhy,instead of getting gifts denver girl gives,1,images/3ycrhy.jpg
592edm,grizzly misses the catch,1,images/592edm.jpg
7bkws6,this image of robert mueller being really happy,1,images/7bkws6.jpg
2xpw3r,spocking laurier on not illegal says bank of canada,1,images/2xpw3r.jpg
irify,congress passes daylight savings bill pic,0,images/irify.jpg
2kekdn,smart ass watch,1,images/2kekdn.jpg
5clh9r,cat with cape,1,images/5clh9r.jpg
catlhd,kids see ghosts kids see ghosts,0,images/catlhd.jpg
8vpo48,having faked his death joffrey baratheon continues to live his life disguised as a woman,0,images/8vpo48.jpg
9csn6m,bastogne self titled,0,images/9csn6m.jpg
1mm5qx,power hungry nsa chief has his office modeled to look like star trek enterprise,1,images/1mm5qx.jpg
cxf9mu,three buildings in valencia hemisferic museum of science and a bridge form a cool fish from this angle,1,images/cxf9mu.jpg
44oaz9,this dog making a weird face,1,images/44oaz9.jpg
55uds1,heaviest baby in england born in hull and you wont believe how much it weighed,0,images/55uds1.jpg
6kul9k,we sent a millennial to mcdonalds to try her firstever big mac what happened was sad,0,images/6kul9k.jpg
2fqjq2,concrete et,0,images/2fqjq2.jpg
4zrbfs,winking kitty,1,images/4zrbfs.jpg
dh25ua,a banana paper journal made of otherwise discarded banana stems,1,images/dh25ua.jpg
7hzj3y,japanese man from internment camps has his first taste of food since he was captured,0,images/7hzj3y.jpg
cz9pv4,mr rogers preparing to storm the beach at normandy to spread kindness throughout europe,0,images/cz9pv4.jpg
cbexsz,migrant kids in overcrowded arizona border station allege sex assault retaliation from us agents,1,images/cbexsz.jpg
ai2h58,this up that went out of date in,1,images/ai2h58.jpg
bxpesu,slavery advert,0,images/bxpesu.jpg
998ezl,dried rice snack on an empty oz and this,0,images/998ezl.jpg
5zejty,a teen slipping on steps outside the jefferson memorial,1,images/5zejty.jpg
cmrng8,our campfire looked like a dragon,1,images/cmrng8.jpg
d1qn6l,this plant that planted itself,1,images/d1qn6l.jpg
585vda,this cute little guy loves smiling at the drivers behind him,0,images/585vda.jpg
btrhea,gum looks like banksy bear silhouette at starbucks in lax,1,images/btrhea.jpg
9h5jnk,molotovribbentrop pact,0,images/9h5jnk.jpg
cxmts6,this sink had a hand dryer built in that projects dry on your hand,1,images/cxmts6.jpg
7sq74o,seeing other people standard operating procedure,0,images/7sq74o.jpg
5390qw,found this surprised little guy while zip lining,0,images/5390qw.jpg
7250wm,oh dear i dont know if we know why were here,0,images/7250wm.jpg
4znvkz,frog riding a snail,1,images/4znvkz.jpg
4t9yso,naked man charged for seeking courtship with neighbor,1,images/4t9yso.jpg
6kas0q,rickmobile in the wild,1,images/6kas0q.jpg
938j78,deadstock in flames,0,images/938j78.jpg
2pfdn9,an angry alien taking a bath,0,images/2pfdn9.jpg
5n28c7,ship and sun,1,images/5n28c7.jpg
bxym13,a restaurant the sea shanty for those interested i ate in has jars of sand from beaches across the world,1,images/bxym13.jpg
36gucv,a wooden toilet seat,0,images/36gucv.jpg
82unaq,yearold dressed up as a california deputy then he began responding to crimes video shows,1,images/82unaq.jpg
8f7mau,mean absolute averagestargazerz,0,images/8f7mau.jpg
5i69ui,tips for hosting a potluck,0,images/5i69ui.jpg
2w8x0b,ebaystyle online courts could resolve smaller claims,1,images/2w8x0b.jpg
cnkc3t,this broken fake brick which appears to be textured by hand,1,images/cnkc3t.jpg
3gqc8a,isis leader abu bakr albaghdadi orders more familyfriendly execution videos,0,images/3gqc8a.jpg
8c1vp8,the earliest recorded use of a snapchat filter s,0,images/8c1vp8.jpg
5wwq78,chinese man bites the nose,1,images/5wwq78.jpg
5r49gw,dismayed bunny,1,images/5r49gw.jpg
9c5t75,this car has stitches where it was damaged,1,images/9c5t75.jpg
bi3wvm,this billboard in vilnius lithuania,1,images/bi3wvm.jpg
4vqc4j,many women are putting engagement rings on their pinkiesheres what it means,0,images/4vqc4j.jpg
axv82z,medusa modern day,0,images/axv82z.jpg
c3v26y,this weird human stain on the side of this building milwaukee wi,0,images/c3v26y.jpg
6kunq2,saudi arabias king salman orders newspaper to suspend columnist who praised him too much,1,images/6kunq2.jpg
arrrzv,at work we had a power outage worth of ice cream fits in one dumpster,1,images/arrrzv.jpg
3180di,goat rentals take off in seattle on first day of amazon home services,1,images/3180di.jpg
7mpolf,an american soldier tortures a captured terrorists family member while he watches guantanamo bay,0,images/7mpolf.jpg
8gkq0s,space jam shit,0,images/8gkq0s.jpg
4ak3h6,cohost forced to tranquilize pat robertson during club taping again,0,images/4ak3h6.jpg
54wsx0,the blob fish has been considered the ugliest fish in the ocean marine biologists recently discovered a new possible competitor the scarecrow grouper,0,images/54wsx0.jpg
bd807u,crying ghostface,0,images/bd807u.jpg
29i5ui,is it okay to come out yet,0,images/29i5ui.jpg
ax8e5m,this sunset who looks like trump,1,images/ax8e5m.jpg
83poc7,a drugfree lance armstrong finally finishes the tour de france paris,0,images/83poc7.jpg
bxg2vc,nuclear family the trips,0,images/bxg2vc.jpg
d4r93w,halsey manic,0,images/d4r93w.jpg
3hdy4v,hey you guys d,0,images/3hdy4v.jpg
c698oc,my bag of pretzels has plastic velcro instead of ziplock,1,images/c698oc.jpg
1axjxz,einstein on a bike,1,images/1axjxz.jpg
3gbwep,pornhub tries to beat off competition,1,images/3gbwep.jpg
2gir9t,some girl on instagram posted a picture of a huge shit she took,0,images/2gir9t.jpg
40qu3x,candidate obama vs president obama who would survive,0,images/40qu3x.jpg
b1x53a,the doorknobs at my gym are square,1,images/b1x53a.jpg
4zzhjk,antimasturbation cross,1,images/4zzhjk.jpg
3dfyn1,nasa scientists seeing the pictures from new horizon for the first time,1,images/3dfyn1.jpg
5nh24s,kremlins a small comic about trump and russia oc,0,images/5nh24s.jpg
22fihn,fish tank rawr,0,images/22fihn.jpg
48xwi5,donald trump stares forlornly at tiny aged penis in mirror before putting on clothes beginning day,0,images/48xwi5.jpg
b55ci5,a bookshelf of all the national geographics dating back to the s looks like a bookshelf with little belongings,0,images/b55ci5.jpg
dgjmxo,my local caseys has a credit card machine in the lower half of the pump for physically handicapped people,1,images/dgjmxo.jpg
c7h3wx,this dog on this persons shoulder credits thedogist on instagram,1,images/c7h3wx.jpg
2ww36z,sleeping with jeff bridges has become a nightmare,1,images/2ww36z.jpg
7dkal6,cat sitting oddly,1,images/7dkal6.jpg
avb9gc,the elephant is so big and he can win the the competition of persons together,1,images/avb9gc.jpg
d8c0mi,i have had this listerine bottle for weeks and i just now noticed its printed in some other language,1,images/d8c0mi.jpg
bzkxqn,the closedoor button on my buildings elevator is more worn out than the opendoor one,1,images/bzkxqn.jpg
6gilf7,trump sees comeys testimony as complete vindication and his fans agree,1,images/6gilf7.jpg
deime3,this duck crossing sign in england,1,images/deime3.jpg
1s4b9i,a guy playing disc golf,1,images/1s4b9i.jpg
6bzghk,i never thought i was on a global platform,0,images/6bzghk.jpg
4zl1k2,his eyes are too close together and his teeth look a bit off,0,images/4zl1k2.jpg
46bay0,some communities arming officers with credit card machines,1,images/46bay0.jpg
ax70va,my allergy back look like a world map,1,images/ax70va.jpg
b3qfp8,the british empire claiming yet another colony ca colorised,0,images/b3qfp8.jpg
3w72cs,this is in the heart of further change to come into the world views us as biggest danger rogue state,0,images/3w72cs.jpg
109gtn,pedaling hard,1,images/109gtn.jpg
7rqlv7,portrait of william iii of england,0,images/7rqlv7.jpg
304ouk,guilty verdict overturned after judge consults google street view,1,images/304ouk.jpg
9cngqb,i feel the same way buddy,0,images/9cngqb.jpg
bky901,this yawning cat,1,images/bky901.jpg
bbnomg,this living tree that was repaired with bricks,1,images/bbnomg.jpg
3at8nl,f tomcat landing onboard an aircraft carrier,1,images/3at8nl.jpg
3anr3c,my friends belly is not impressed,0,images/3anr3c.jpg
335cwt,person sitting down with knees up,0,images/335cwt.jpg
1ihj88,dry asparagus prompts questions about racial discrimination in university city,1,images/1ihj88.jpg
dgrx31,the name of this purse store in rome,1,images/dgrx31.jpg
ch37vd,things grow strained in hawaii after captain cook is forced to return,0,images/ch37vd.jpg
38hkxt,google is sorry that indias prime minister appeared in a top list of criminals,1,images/38hkxt.jpg
ckf6o2,happiness scrambled,1,images/ckf6o2.jpg
7e6stk,four aligned airplanes,0,images/7e6stk.jpg
cwv0tt,got an interesting noodle today,1,images/cwv0tt.jpg
7ckbp7,helicopter about to crash into skyscraper,0,images/7ckbp7.jpg
bqu7su,trump threatens to start businesses in china if they dont agree to trade deal,0,images/bqu7su.jpg
8qw8gr,microways transphat,0,images/8qw8gr.jpg
6yrcq,no matter how well you perform pic,1,images/6yrcq.jpg
7b51mg,thilak the last romantic,0,images/7b51mg.jpg
9f7jyh,this eagle in the water,1,images/9f7jyh.jpg
co563d,earth is,0,images/co563d.jpg
7y8x94,crumble all according to plan,0,images/7y8x94.jpg
99zn6a,its really too much wine last night to refer to international students as imports,0,images/99zn6a.jpg
tl0bo,a republican poster from william mckinleys presidential campaign of promises prosperity at home and prestige abroad it shows mckinley being supported by men of different classes happy about their burden,0,images/tl0bo.jpg
b9utbv,by definition they are right but,1,images/b9utbv.jpg
cio4h2,i have a little tin of vicks that expired years ago,1,images/cio4h2.jpg
5yete3,a mass grave full of dead italian soldiers,0,images/5yete3.jpg
9burvs,my date stamp at work now has terms and conditions,1,images/9burvs.jpg
4swwvf,kids playing at the beach,1,images/4swwvf.jpg
2bb0ba,nothin to see here,0,images/2bb0ba.jpg
bnbosn,elderly man drives scooter down kmh freeway,1,images/bnbosn.jpg
8qlldb,kim jongun and donald trump meeting for the trailer of httyd,0,images/8qlldb.jpg
avkqdi,mammoth complex function and orbital,0,images/avkqdi.jpg
d6c97j,the luminaries we never sleep,0,images/d6c97j.jpg
coldc3,googooga,0,images/coldc3.jpg
wsrpr,friend made this streetart recently probably in quito ecuador labor of hercules,0,images/wsrpr.jpg
7nq3od,the lamp in my inlaws guest bedroom casts a scary shadow,0,images/7nq3od.jpg
6imdc5,video heartbreaking man looks under couch for missing daughter and then gives up,0,images/6imdc5.jpg
6xu1ji,a vantablack towel,0,images/6xu1ji.jpg
55j0vi,drummer sees himself on the big screen for the first time,1,images/55j0vi.jpg
43wfdj,this unhappy cell,0,images/43wfdj.jpg
9e57pc,i wonder what he lied about,0,images/9e57pc.jpg
5580i5,a straw you can see my dog from daycare meirl,0,images/5580i5.jpg
7ngtpk,semitruck crashes into the lake,0,images/7ngtpk.jpg
djdfq9,something about the dash caught my eye today,1,images/djdfq9.jpg
9ejlzt,this pencil case that looks like a pringles tube,1,images/9ejlzt.jpg
6ekmfr,diagnosed on the autism spectrum at ethan over comes to become a world champion,1,images/6ekmfr.jpg
66i6uq,christian yelich crashing into the center field wall after making a catch,1,images/66i6uq.jpg
9d7f0n,the handle of my coffee cup stops exactly where i left it if i use the second button go try it,1,images/9d7f0n.jpg
73e6dc,another day another cute baby prince harry meets an adorable little fan celebrating usas win at the invictus games,1,images/73e6dc.jpg
c1rxoi,rosa barks begins the montgomery bus boycott,0,images/c1rxoi.jpg
3zaz71,tailgater covered in ketchup and mustard,1,images/3zaz71.jpg
3gutss,til that in wadsworth illinois there is a town by any character in star trek iv the voyage home,0,images/3gutss.jpg
8o077o,surprised amused curtain rod fixture,0,images/8o077o.jpg
9js9ef,jeff flake learns steve carell is leaving the office circa,0,images/9js9ef.jpg
cv3tot,tuna wrapped in golden puff pastry atop a bed of mayonnaise sweet mustard and a whole new meaning kielbasa peppers and onions,0,images/cv3tot.jpg
cg2wpn,tiny jeep on a jeep cherokee windshield,1,images/cg2wpn.jpg
9f2fvx,australian vietnamese community knows what its like to be a refugee thats why theyre still helping others,1,images/9f2fvx.jpg
azvmu8,boy and pigeons,1,images/azvmu8.jpg
3uhh1e,trump float enters parade,0,images/3uhh1e.jpg
2zwfp9,weird al yankovic to pursue serious music career,0,images/2zwfp9.jpg
84541l,news someones getting fired some hapless bozo at this opioid company accidentally implemented a business model that incentivizes profit over public safety,0,images/84541l.jpg
c007o2,this business has a kennel out front for your pets,1,images/c007o2.jpg
drz0pq8,this pretty smiling seal,0,images/drz0pq8.jpg
bxvxvl,this bug i found had a heart on its back,1,images/bxvxvl.jpg
60ajvx,two men seen in london celebrating the allied victory in europe,0,images/60ajvx.jpg
5q9hrw,hundreds of students affected by mumps outbreak,1,images/5q9hrw.jpg
c2hs8x,woman shows off legs,0,images/c2hs8x.jpg
cmzg2q,boy who frequently greets sanitation workers is gifted a toy recycling truck,1,images/cmzg2q.jpg
cxkqh6,this lobster claw machine in las vegas,1,images/cxkqh6.jpg
6zowk5,high low terror of the thirties,0,images/6zowk5.jpg
bemj90,my grandfather and grandmother at the scene new york city on,0,images/bemj90.jpg
846o9y,he cant wait to go down the slopes,0,images/846o9y.jpg
7igzhv,former nbc employee matt lauer in his office,0,images/7igzhv.jpg
74no34,egypt mass arrests amid lgbt media blackout,1,images/74no34.jpg
3denii,i know this will keep me going at home when i declined,0,images/3denii.jpg
4k1uww,puthenthope follow,0,images/4k1uww.jpg
184puv,fast fast faster,1,images/184puv.jpg
25jbdo,germany sets new record generating percent of energy needs from renewable energy with wind and solar in particular filling such a huge portion of the countrys power demand electricity prices actually dipped into the negative for much of the afternoon,1,images/25jbdo.jpg
6zhcfx,rac apparently surreptitious,0,images/6zhcfx.jpg
bypj2l,the reids groovin,0,images/bypj2l.jpg
81sgqq,my uncle on a secret mission in vietnam to rescue forgotten pows he passed away in from agent orange and we had to fight the va to get his records and this picture released,0,images/81sgqq.jpg
2d74w3,kim kardashian to release book of selfies,1,images/2d74w3.jpg
5deofs,what is in the ocean,0,images/5deofs.jpg
5gb32d,led zepellins robert plant in,0,images/5gb32d.jpg
8ncq4m,airplane carpet,0,images/8ncq4m.jpg
991pz5,a mountain,0,images/991pz5.jpg
ba4qeo,sosnovka bridge incident,0,images/ba4qeo.jpg
5jkxn9,tuxedo cat,1,images/5jkxn9.jpg
5nwyy2,guy with a skull in front of a green screen,1,images/5nwyy2.jpg
apln8j,napoleon bonaparte returning from exile,0,images/apln8j.jpg
55gar3,happy frog backpack,0,images/55gar3.jpg
7qe8l0,elvis presley having a drugfueled hallucination while eating a cake,0,images/7qe8l0.jpg
6attb9,china visafraud scheme in so california hmmmm didnt ivanka trump just host something like this in china lately,1,images/6attb9.jpg
619hce,life the end of an era after years the hells angels have all gotten carsick and are going home,0,images/619hce.jpg
4kqrfz,man turning the corner on a track,1,images/4kqrfz.jpg
7tocic,chrissy teigen and john legend donated to times up in the name of usa gymnasts heroism,1,images/7tocic.jpg
chs7zd,the carbonation in my beer only following one path,1,images/chs7zd.jpg
2q6tfy,uk cinema calls police on kids with iphones over piracy concerns,1,images/2q6tfy.jpg
70agl6,it can happen here usa or,0,images/70agl6.jpg
ck14k0,i see your potato slice but this unit of a chicken sammy,1,images/ck14k0.jpg
9cskuc,the bear in the cloud is pointing at something,1,images/9cskuc.jpg
2bf0xb,i know its been done before but drunken octopus still cracks me up,0,images/2bf0xb.jpg
2t907p,ovula ovum familiar feeling,0,images/2t907p.jpg
courzq,these sachets of sauce have different numbers on the tear area regardless of the variety,1,images/courzq.jpg
dp3rh5p,baboorn devouring his son,0,images/dp3rh5p.jpg
dcb2rc,the way my keychain ended up in my pocket,1,images/dcb2rc.jpg
3dn0vh,vladimir putin at a press panel,1,images/3dn0vh.jpg
5o0vlo,yawny cat squashing drone,1,images/5o0vlo.jpg
7hiatp,americans of all creeds take a stand against neonazis at the violent charlottesville protest,0,images/7hiatp.jpg
co531i,i heard you guys like driftwood i drug this one out with a canoe,1,images/co531i.jpg
2a0z21,google makes sure its founders will survive a terminator assault,1,images/2a0z21.jpg
6fu3p6,this idyllic little cave at the seaside,0,images/6fu3p6.jpg
8n1cjl,roseann barr stress eats after losing her tv show for her racist remarks,0,images/8n1cjl.jpg
d3y2ke,this old house ad that i found,0,images/d3y2ke.jpg
5sxu6x,president donald trump and steven bannon circa,0,images/5sxu6x.jpg
2elo1j,fox contributor michael brown shouldnt be described as unarmed because he was so big,1,images/2elo1j.jpg
9abpor,cool,0,images/9abpor.jpg
3l2342,canada white students union students for western civilization white supremacists contemporary,0,images/3l2342.jpg
77nwov,happy frog pepper,0,images/77nwov.jpg
65hbam,provo teen raises money to buy nearly wheelchairs for those in need passes tradition on to sister,1,images/65hbam.jpg
bwliph,manatee potato,0,images/bwliph.jpg
4fcaez,blaze hits firestarter business,1,images/4fcaez.jpg
558q6c,a girl encounters a bear in the woods,1,images/558q6c.jpg
bzbl7a,keanu reeves defeats sean connery in gameshow jeopardy,0,images/bzbl7a.jpg
82qsjt,helena the pitbull returned to shelter for being too nice,1,images/82qsjt.jpg
dj86fv,my parents found a mummified rat under the floor of their new house,1,images/dj86fv.jpg
9dj2ce,police detain suspected shooter in cincinnatis fountain square dispatcher says,1,images/9dj2ce.jpg
caejw5,a smiley face on a peeled potato,1,images/caejw5.jpg
cx416e,the toothpaste in my sink kinda looks like an octopus,1,images/cx416e.jpg
b2rhsy,william shakespeare attempting to ad lib another play,0,images/b2rhsy.jpg
bivm0k,deputy attorney general rod rosenstein resigns will leave post,1,images/bivm0k.jpg
d9elua,this reeses cup had wrappers,1,images/d9elua.jpg
aspx84,lester holt hosting this jury orientation video,1,images/aspx84.jpg
3idgxc,still on a roll baton rouge man continues to skate miles a day despite age eyesight,1,images/3idgxc.jpg
7ric5f,well hey there kiddo,0,images/7ric5f.jpg
2n1p39,having the best time,0,images/2n1p39.jpg
1j6fob,neil degrasse tyson photobombing,1,images/1j6fob.jpg
6xnylp,just some raw chicken,0,images/6xnylp.jpg
8r4d5f,elon musk admires his new creation the falcon heavy,0,images/8r4d5f.jpg
crfiwj6,bowie,0,images/crfiwj6.jpg
ceof31,this picture i took in my house looks like a painting,1,images/ceof31.jpg
3vzucv,mrw my gf with a catchy beat,0,images/3vzucv.jpg
6h1df7,i dropped out of college twice and it didnt matter heres why,0,images/6h1df7.jpg
9edtok,fingie the ghost,0,images/9edtok.jpg
bc5afk,i crystalized a daffodil,1,images/bc5afk.jpg
6ab6aj,roger stone about to celebrate the firing of fbi director james comey,0,images/6ab6aj.jpg
c0gvdv,a lone worker in a chemical plant construction site akchalak karakalpakstan uzbekistan,1,images/c0gvdv.jpg
358ccq,americas poor are envy of the world says richest congressman,1,images/358ccq.jpg
c78l6k,suicide squad,0,images/c78l6k.jpg
d0okn2,a new born baby literally has more wrinkles on his fingers than me,1,images/d0okn2.jpg
cfydvc,this eggplant was winking at me,1,images/cfydvc.jpg
780xkc,put the power back on the shelf wonder warthog us counterculture s,0,images/780xkc.jpg
88x0vg,life avoid these common mistakes when applying to secret harvard,0,images/88x0vg.jpg
df6r4p,these mushrooms look vaguely like popcorn,1,images/df6r4p.jpg
6bulia,new special counsel robert mueller has history of standing up to the white house,1,images/6bulia.jpg
6pgxak,pres trump just cursed in front of boy scout children in unhinged speech,0,images/6pgxak.jpg
657o3m,christopher walken getting patted down by tsa,1,images/657o3m.jpg
czoe7h,the proportions on this design,1,images/czoe7h.jpg
9fdnz9,leonardo da vinci invents a helmet to protect against strong winds,0,images/9fdnz9.jpg
b1ylxt,bird poop in the shape of a bird skull,0,images/b1ylxt.jpg
3itzvs,miss italy in the national costume portion of this years miss universe,1,images/3itzvs.jpg
2wbmec,boko haram and isis might be racist,1,images/2wbmec.jpg
6w05do,muslim refugee pictured seconds before raping young swedish man january,0,images/6w05do.jpg
avhmze,the length of this cvs receipt for items ream of paper for scale,1,images/avhmze.jpg
by1gnk,after i spent an hour sorting coins my yr old cat decided my fingers were delicious,1,images/by1gnk.jpg
63l3zj,every single school in the ivy league wants this girl,1,images/63l3zj.jpg
44s4wy,mass cop helps homeless woman get food shelter before storm,1,images/44s4wy.jpg
d2bm2q,this shadow looking like a face,0,images/d2bm2q.jpg
3gt9bc,chelsea manning face solitary confinement for having jenner vanity fair issue,1,images/3gt9bc.jpg
c9uamn,kadokowa corporation airs the hit crossover anime isekai quartet,0,images/c9uamn.jpg
1bb5ci,batman charged with obstructing michigan police,1,images/1bb5ci.jpg
834q7t,nuclear arms legs the cold war,0,images/834q7t.jpg
99tjdq,germany suffers hyperinflation,0,images/99tjdq.jpg
dji6bc,ukranian woman reviews potential marriage and dating candidates in the aftermath of chernobyl,0,images/dji6bc.jpg
c15cjs,man who thought he bought first house furious after it turns out to be cm strip of land,1,images/c15cjs.jpg
byezfo,this dollar coin i got for change the other day,1,images/byezfo.jpg
7fosgp,speculo reflections,0,images/7fosgp.jpg
c851c2,i dropped a rubber band and it looks like an ampersand,1,images/c851c2.jpg
42vyn7,grow hemp for the war us department of agriculture to promote hemp production for the war effort,0,images/42vyn7.jpg
b72euh,i just started working in this old building and saw this nail marks from flushing this urinal over the years,1,images/b72euh.jpg
8u31ki,television in thailand you cant hide the memories,0,images/8u31ki.jpg
4x1xnp,yearold woman buys new cellphone with k lottery win i dont want to be one of these people that has my thumb stuck on my phone all the time but i want to be able to look up the weather and be able to send a photo,1,images/4x1xnp.jpg
d404tb,swedish mcdonalds opens bee hotels in latest environmental initiative,1,images/d404tb.jpg
7ct4mz,roy moore hitting on teenage girls at the gadsden mall,0,images/7ct4mz.jpg
b8xhe4,two ps preparing to dock with the iss above a flat earth circa,0,images/b8xhe4.jpg
brhnwh,crowd playing rock paper scissors against auctioneer at a tuna auction winner gets first choice of the fish,1,images/brhnwh.jpg
618b1u,mindwar hollow oc illustrated this and thought this belonged here,0,images/618b1u.jpg
c31r7j,my dom nsfw,0,images/c31r7j.jpg
clrrls,these misshaped gobstoppers in my packet,1,images/clrrls.jpg
c1dvji,the label on my plastic storage container lists exactly when it was manufactured,1,images/c1dvji.jpg
50zj24,heres all times hillary clinton told the fbi she couldnt remember something,1,images/50zj24.jpg
7dwi77,this lever on our labstools is lying i think,0,images/7dwi77.jpg
bo7vvb,flyt hawke self titled hair metal,0,images/bo7vvb.jpg
812rmi,trump take the guns first go through due process second,1,images/812rmi.jpg
avykvj,some nice movie popcorn,0,images/avykvj.jpg
78sj6r,realism by ni comhstri,0,images/78sj6r.jpg
84imoi,hawkings supanova,0,images/84imoi.jpg
9a6szz,the wonder music emporium,0,images/9a6szz.jpg
6p4yqo,mans bestfriend god spelt backwards,0,images/6p4yqo.jpg
e1fjk6d,available here,0,images/e1fjk6d.jpg
21nw2t,map of a city,0,images/21nw2t.jpg
162pjg,lonely older gentleman on the beach,1,images/162pjg.jpg
awu897,a man thought he saw a distressed beaver in the mud but what he actually found would change his life forever,0,images/awu897.jpg
5ou3bh,the day reagan was shot,0,images/5ou3bh.jpg
4tve6f,they said what find out what jared leto meryl streep and stephen curry have to say,0,images/4tve6f.jpg
1i3xed,one in five young adults admit to using smartphone during sex,1,images/1i3xed.jpg
1q258n,kidnapped teen freed though freedom is its own kind of prison is it not,0,images/1q258n.jpg
32sls0,dog catching toy,1,images/32sls0.jpg
9cntub,circuit diagram for a rolling hot dog cooker,1,images/9cntub.jpg
783ahy,unexpected geysir eruption,1,images/783ahy.jpg
8nso6j,this cactus has been eyeing me during my break,0,images/8nso6j.jpg
2fx92e,a wallet,0,images/2fx92e.jpg
1z8bl2,squirrel steals a sip,1,images/1z8bl2.jpg
4c3obd,this airborne child,1,images/4c3obd.jpg
9gl2nq,a tree cozy with climbing loops,1,images/9gl2nq.jpg
5v1vp1,spacex launches and lands another rocket,1,images/5v1vp1.jpg
aww6rc,astronomy domine interstellar overdrive,0,images/aww6rc.jpg
ccwrqf,sometimes you have to settle for finding waldos car instead,1,images/ccwrqf.jpg
731b6d,is it ethical for prenatal testing to tell you if your baby will be too annoying to love,0,images/731b6d.jpg
cskuxs,elephant made of tires,1,images/cskuxs.jpg
9iy07s,carrot crossing its legs,1,images/9iy07s.jpg
5gbumb,our space heater has had enough of our shit,0,images/5gbumb.jpg
2dl890,this piece of driftwood looks like a baby dragon,0,images/2dl890.jpg
76uwxp,the only remaining footage of david spade and jack black doing a live performance in of a duet they had recorded that remains unreleased,0,images/76uwxp.jpg
az6xgy,howard schultz tells sxsw to disrupt the system with a centrist approach,1,images/az6xgy.jpg
bnevfv,a chip with an air bubble in it,1,images/bnevfv.jpg
22mg71,a pig chilling out,1,images/22mg71.jpg
de9gm9,coffee being made in hot sand,1,images/de9gm9.jpg
9ex40t,was just bitten by a green mosquito if comics have taught me anything its that i now possess some kind of mosquito powers call me mosquitoman or doctor buzzkill,1,images/9ex40t.jpg
dd9irq,my hook fell of the wall and i dont even mind,0,images/dd9irq.jpg
97arj2,cracking an egg in my morning coffee,0,images/97arj2.jpg
cpqj7v,robert downey jr with some fans,1,images/cpqj7v.jpg
1fkjh4,a part from my ink toner looks like a smile,0,images/1fkjh4.jpg
bocnti,the giant eagle invading the planet earth,0,images/bocnti.jpg
53u725,girl scared of bubbles,1,images/53u725.jpg
cmg203,this little tree growing out of a rock i spotted hiking up pass creek trail near silverton co,1,images/cmg203.jpg
1u3oed,for all you whipped little boys out there,1,images/1u3oed.jpg
73ilwe,nsa warned white house against using personal email,1,images/73ilwe.jpg
d73rqp,the beatles before crossing abbey road,1,images/d73rqp.jpg
5999qc,this happy little guy under a bench,0,images/5999qc.jpg
ckb67s,from the number of rides on the counting meter this little boat has made at a nickel a ride,1,images/ckb67s.jpg
bmg6bq,cat leaning through the hole of the ceiling,1,images/bmg6bq.jpg
b69ywx,new details emerge in jussie smollet case after police release files,1,images/b69ywx.jpg
4idcn2,they also have a set time span,0,images/4idcn2.jpg
1dygb0,helping those living in poverty with footpowered washing machine,1,images/1dygb0.jpg
c2zrar,ink cartridge super stoked to get in his new home,0,images/c2zrar.jpg
9ahzwn,this man and this giant squid,1,images/9ahzwn.jpg
842hns,this north korean,1,images/842hns.jpg
9ak5hf,mgmt little dark age,0,images/9ak5hf.jpg
8jhxmz,goat and dog,1,images/8jhxmz.jpg
6d9q0m,to confront trump as uk police stop sharing attack information with us,1,images/6d9q0m.jpg
24sh66,a friends boxer making a crazy face,1,images/24sh66.jpg
bshfkq,theresa speaks to the nation following the devastating grenfell tower fire,0,images/bshfkq.jpg
65euis,wyd after smoking this,0,images/65euis.jpg
15b9gh,saddam hussein was forced to watch the south park movie repeatedly after he was captured,1,images/15b9gh.jpg
78uwwd,metric stream who killed john woodford,0,images/78uwwd.jpg
5nzwr8,these images were broadcast around the world,0,images/5nzwr8.jpg
39wiwj,chiquita introduces easygrip banana,0,images/39wiwj.jpg
1eglo6,king kong,0,images/1eglo6.jpg
6woowp,first albums sorry if bad,0,images/6woowp.jpg
8a5etu,pharaoh ramses ii arrives for daily prayer at the temple dressed in traditional royal prayer garb c bce,0,images/8a5etu.jpg
94l69l,louisiana grocery store worker befriends teen with autism kindly shows him how to stock shelves,1,images/94l69l.jpg
cgk3n8,a book to log all of the tacos you have eaten on the inside you have one page to document toppings slickness crunch etc as well as one page to draw the taco on,1,images/cgk3n8.jpg
b5332j,san antonio officer previously fired over feces sandwich wins appeal,1,images/b5332j.jpg
atcb4s,a heart shaped leaf i found in my hometown,1,images/atcb4s.jpg
92ij95,forbidden fried chicken,0,images/92ij95.jpg
7hneh4,this raccoon in a storm drain,1,images/7hneh4.jpg
72453y,im at a loss of words,0,images/72453y.jpg
cvg2kx,an acousticelectrice bass,1,images/cvg2kx.jpg
89krgb,trump somehow making republicans more ignorant,0,images/89krgb.jpg
8cb07s,a fearless vietcong soldier saves woman from a savage panda attack,0,images/8cb07s.jpg
48y1az,roadkill,0,images/48y1az.jpg
2lhnac,family fun,1,images/2lhnac.jpg
6mu5r7,scientists design solar cell that captures sunlight with up to efficiency potentially making it the most efficient solar cell yet,0,images/6mu5r7.jpg
exwrgzg,available here,0,images/exwrgzg.jpg
b3eo3j,hitler and stalin make a deal c,0,images/b3eo3j.jpg
1l2p5e,dog of steel pug wearing superman costume,1,images/1l2p5e.jpg
6dtg2y,after three years of building it scientists have now turned on the worlds most sensitive dark matter detector,1,images/6dtg2y.jpg
ddzroy,the lid on my yogurt sauce looks like a panda,1,images/ddzroy.jpg
icc1b,go ahead please take day off,0,images/icc1b.jpg
54w5al,my grumpy carrot,0,images/54w5al.jpg
bnjttg,leaked security cam footage from reddits headquarters,0,images/bnjttg.jpg
862fqy,the austin bomber has been identified as mark anthony conditt,1,images/862fqy.jpg
b6ogms,this big ol bubble in the bottom of my wine glass,1,images/b6ogms.jpg
30hp8s,one dog flipping her shit while the other looks skeptical,1,images/30hp8s.jpg
azdixm,a cookie my mum baked turned out with a smiley face,1,images/azdixm.jpg
byehna,the album cover for the non explicit vs explicit version,1,images/byehna.jpg
cwjq44,a girl in a dress underwater,1,images/cwjq44.jpg
b4lntm,we disassembled a ps today it was headed to the junkyard,1,images/b4lntm.jpg
1bzdqo,zombie saves terrified times square cat,1,images/1bzdqo.jpg
d21keg,this unusually pessimistic graduation card,1,images/d21keg.jpg
c5qb53,butterflies have some of the coolest eyes,1,images/c5qb53.jpg
csg065,my hand cream came out looking like a little slug,1,images/csg065.jpg
1jl579,plotting against the potting soil,0,images/1jl579.jpg
78x1e0,ken kissinger devils in the details,0,images/78x1e0.jpg
7p0m4e,stable genius,0,images/7p0m4e.jpg
c1hs0k,my neighborhood after a harsh storm that makes it look somewhat purple,1,images/c1hs0k.jpg
df6fj5,the controversial scene that took the beverly hillbillies off the air,0,images/df6fj5.jpg
6wx0bj,th president personally delivers relief supplies to those in need after hurricane,0,images/6wx0bj.jpg
dhrgqhb,source image,0,images/dhrgqhb.jpg
ceu0qe,sheldon meets a jew boy in auschwitz circa,0,images/ceu0qe.jpg
18wyn2,pikachu character that has really let him self go taking pictures with children,1,images/18wyn2.jpg
6wbcga,grandpas posing,1,images/6wbcga.jpg
6345tz,neil degrasse tyson says he wont be a spacex customer until elon musk does this,0,images/6345tz.jpg
6hh7zb,paranoid killed for jealousy,0,images/6hh7zb.jpg
3h072n,residents white in winton terrace probably buying drugs,1,images/3h072n.jpg
38k8v2,illinois man backs suv through garage door a longtime wish,1,images/38k8v2.jpg
czm4h0,this guy in a inflatable unicorn,1,images/czm4h0.jpg
2czoqe,what are you staring at bag,0,images/2czoqe.jpg
bafgmy,my swordfish bill swords,1,images/bafgmy.jpg
bd9r2r,while driving around in my ancient truck today i glanced down just in time to catch this palindrome,1,images/bd9r2r.jpg
873nlz,prolific quilter donates many of her creations to those in need,1,images/873nlz.jpg
5a8tbt,president for life homeless man sleeps under mural of francois duvalier haiti,0,images/5a8tbt.jpg
dp1rmfe,maryland,0,images/dp1rmfe.jpg
1rxn1x,underwater picture of a surfer on a wave,0,images/1rxn1x.jpg
c833m1,legs,0,images/c833m1.jpg
5qvwnl,fake news is about to get even scarier than you ever dreamed,0,images/5qvwnl.jpg
2gc35n,paris hilton drops to buy worlds smallest pomeranian,1,images/2gc35n.jpg
6umhku,isleworth mona lisa it wont be cinematic,0,images/6umhku.jpg
4snzxh,japanese emperor akihito wishes to abdicate bbc news,1,images/4snzxh.jpg
61sxcd,a kansas man shot while intervening in an attack that killed one indian man and wounded another has received a big thank you and for his efforts,1,images/61sxcd.jpg
9fyboi,you know youre in a dodgy area when the meat is security protected,1,images/9fyboi.jpg
bqparc,my town was filled with old cars yesterday morning,1,images/bqparc.jpg
36j971,your badge is mine now,0,images/36j971.jpg
cje2ba,the way my kitkat was made,1,images/cje2ba.jpg
c43zui,fence holder,0,images/c43zui.jpg
5f64tf,this guy keeps staring at me like i did something wrong,0,images/5f64tf.jpg
cupm1e,mini bananas at the great uncles,1,images/cupm1e.jpg
2ysie3,judge orders dc man to stop smoking in own home,1,images/2ysie3.jpg
c8eg7c,california cops are withholding public records despite new law saying they cant,1,images/c8eg7c.jpg
1g3c99,poster memorializing the stono rebellion of text and stencil by russell howze artwork by mark cort edited by josh macphee poster,0,images/1g3c99.jpg
ceivwj,this onion from the back of my fridge was there for so long it sprouted but the sprout didnt manage to break the plastic wrap,1,images/ceivwj.jpg
2vhwbx,attention college students you have earned a degree without knowing it,1,images/2vhwbx.jpg
1jqpw7,police man drove miles in flaming truck that had no front tires,1,images/1jqpw7.jpg
c1bewq,soccer player kdb throwing his kid,1,images/c1bewq.jpg
b32hc3,this clear bottle of sprite,1,images/b32hc3.jpg
57v6y3,giant pillsbury doughboy balloon,1,images/57v6y3.jpg
ayddif,heartwarming these brands are celebrating women to make money,0,images/ayddif.jpg
6cqizw,the fall of the berlin wall recolorized,0,images/6cqizw.jpg
b663eu,metrolink plans cancelled in favour of tds reelection,0,images/b663eu.jpg
da99cz,assassination of leon trotsky in mexico colourized,0,images/da99cz.jpg
tryzg,the guys from hot fuzz are chasing something but what,1,images/tryzg.jpg
8dtkdt,this duck my child made in preschool,0,images/8dtkdt.jpg
8lv6mz,skin we did not create humans,0,images/8lv6mz.jpg
axdo06,both my cousin and the lengths you will go to get the hang of making jellyfish marbles this is what happens when link goes off his medication,0,images/axdo06.jpg
1jfqnp,us student abandoned in san diego jail gets m in compensation,1,images/1jfqnp.jpg
1nanh5,overly excited blonde girl,1,images/1nanh5.jpg
5slyls,a terrifying new kind of warfare,0,images/5slyls.jpg
d9wnsh,the northernmost lenin statue in the world pyramiden svalbard,1,images/d9wnsh.jpg
2ltz8l,msnbcs sharpton invited to white house to discuss how to work with gop no really,1,images/2ltz8l.jpg
dgx99v,california bans private prisons and immigrate detention centers,1,images/dgx99v.jpg
c8uxtg,my indian coworker presented me with this plate of spicy deliciousness cant quite put my finger on why but im a bit hesitant to dive right in,1,images/c8uxtg.jpg
9jgt2k,water flavoring in a part frozen bottle,1,images/9jgt2k.jpg
cxe6jj,this is what graffiti at a buddhist nunnery looks like,1,images/cxe6jj.jpg
cpouvm,this really reflective lake that wouldve been perfect if it wasnt windy,1,images/cpouvm.jpg
8qlwly,us government posts billion deficit in,1,images/8qlwly.jpg
d7rv3k,tropical storm karen upgraded to category i demand to speak to the manager hurricane,0,images/d7rv3k.jpg
c6oi04,this cheezit is alot bigger than the rest,1,images/c6oi04.jpg
2idjbn,salmon people pray for sacred fish to return to historic home,1,images/2idjbn.jpg
2jnb38,derp town pupulation,1,images/2jnb38.jpg
bbdgen,swae lee post malone sunflower,0,images/bbdgen.jpg
ddro7s,when marie antoinette said let them eat cake and they did french revolution,0,images/ddro7s.jpg
9j4g59,unknowingly drank mexican cocacola today,1,images/9j4g59.jpg
cxo5hc,my grocery store teases you for not bringing reusable bags,1,images/cxo5hc.jpg
d3x8pa,this pergola is built out of ladders,1,images/d3x8pa.jpg
7209ra,harvard professors debate the genealogy of postcolumbian central american civilizations captioned,0,images/7209ra.jpg
7iiunn,a black swan took a stroll through my yard today,0,images/7iiunn.jpg
xu0gi,bane at the football stadium,1,images/xu0gi.jpg
2hf626,man divorces wife for not closing car door,1,images/2hf626.jpg
4lrfqb,why you will marry the wrong person,0,images/4lrfqb.jpg
2mynqk,french man quits isis because it was too hard to stop smoking,1,images/2mynqk.jpg
6yf57e,this time up to berlin belgium,0,images/6yf57e.jpg
8ydrr2,back in my day,0,images/8ydrr2.jpg
d63c50,this starburst i got,1,images/d63c50.jpg
5a17zs,microagressor unconscious bias,0,images/5a17zs.jpg
d44zth,the way this beer has a magic crown,1,images/d44zth.jpg
7llfd2,himmler and hitler celebrate the rise of the nazi party,0,images/7llfd2.jpg
4bnaxv,unity for socialism united to fight in the service of the people unity for socialism catalonia,0,images/4bnaxv.jpg
bbvfd7,the pathway to universal health care bill is passing with bipartisan support in washington state,1,images/bbvfd7.jpg
2tdqu0,gatineau que thieves steal worth of hockey sticks,1,images/2tdqu0.jpg
7xs7x2,what will fire crackers do in gasoline,0,images/7xs7x2.jpg
2zhpg3,elves make compromise with road administration,1,images/2zhpg3.jpg
awh1zx,usa sends aid to britain circa,0,images/awh1zx.jpg
9y8j30,a whitetail deer heart,1,images/9y8j30.jpg
57fuak,this old space heater at my work is always happy to see you,0,images/57fuak.jpg
6x1q8s,soccer player action shot,1,images/6x1q8s.jpg
55p83h,korean communications zone kill film,0,images/55p83h.jpg
4xoelp,the media provides perfect clarity,1,images/4xoelp.jpg
5c4mqp,bernie sanders doing community service,1,images/5c4mqp.jpg
bk1b19,boston tea party colourized,0,images/bk1b19.jpg
cs63bt,extrump campaign chief lewandowski says happy to testify before congress,1,images/cs63bt.jpg
92fk73,mickey mouse acquires the last infinity brand,0,images/92fk73.jpg
cx33rz,this modified vw beetle has lanterns for tail lights,1,images/cx33rz.jpg
by0t91,a dollar was included with this piece of junk mail,1,images/by0t91.jpg
8nhg2u,sandcrawler drendering,0,images/8nhg2u.jpg
ba03ak,cat rug,0,images/ba03ak.jpg
b5twmz,little girl gets a birthday present from a small arms dealer,0,images/b5twmz.jpg
8riypn,supreme court in roe v wade legalise abortion in the us,0,images/8riypn.jpg
dg8v4i,toddler raising eyebrow,1,images/dg8v4i.jpg
bqua9h,execution of the french monarchs,0,images/bqua9h.jpg
w6j7q,new record for faking data set by japanese researcher anesthesiologist published papers only fraudfree will set a new record for the most retractions ever more than doubling his closest competitor,1,images/w6j7q.jpg
3yz1nu,protecto the ass gasket dispensing robot,0,images/3yz1nu.jpg
25aivu,this beautiful picture of the island tobacco caye,1,images/25aivu.jpg
bn3g6l,used stone on stone to create the most spherical stone possible using no other tools,1,images/bn3g6l.jpg
9jazdu,there are no poop signs in iceland,1,images/9jazdu.jpg
1walo7,smoking just what the doctor ordered,0,images/1walo7.jpg
2d0zzg,w n,0,images/2d0zzg.jpg
66w5em,adblocking just might save the ad industry,1,images/66w5em.jpg
6ssf1m,polish villagers hold jewish wedding without jews,1,images/6ssf1m.jpg
adk4wl,no love om rwoah dude so here is my inverted nebula tattoo,1,images/adk4wl.jpg
18hb16,sneaky hippo says pssst need a tampon,0,images/18hb16.jpg
bvp0lu,this german cardgame manufacturers logo looks like an ass,1,images/bvp0lu.jpg
axo9d9,what cauliflower looks like when you harvest too late,1,images/axo9d9.jpg
9fr822,the suns reflection looks like a double helix,1,images/9fr822.jpg
1ksim7,the onion encourages israel and palestine not to give a single goddamn inch,0,images/1ksim7.jpg
64iod5,when did people start questioning the shape of the terrorist attack in egypt its time to develop,0,images/64iod5.jpg
bzyl8v,aneurysm survivor donates blood at every opportunity,1,images/bzyl8v.jpg
59x1jk,a man and then an ass in underpants,0,images/59x1jk.jpg
65wu3i,when does fargo season start on channel uk,0,images/65wu3i.jpg
c71v8g,found my dads old phone on our shelf and it blends in perfectly with the shelf,1,images/c71v8g.jpg
4t48dk,gumball popsicle sonic cosplay,1,images/4t48dk.jpg
3cj8kc,racially vilified frozen fan meets her idol queen elsa,1,images/3cj8kc.jpg
bai23v,woman with big tits,0,images/bai23v.jpg
cug9ha,jesus sends david koch to somewhere even worse than hell,0,images/cug9ha.jpg
6t8cpm,hear me and obey,0,images/6t8cpm.jpg
5lzwkc,mean mugging spotted towhee,1,images/5lzwkc.jpg
c3dwmw,this leaf skeleton after a storm blew through,1,images/c3dwmw.jpg
ai3qtn,this submarine shaped concrete stain,1,images/ai3qtn.jpg
4yri89,toddler found floating in air pocket under flipped boat hour after crash,1,images/4yri89.jpg
7iszqs,hiiiiiiiii d,0,images/7iszqs.jpg
6b81ip,donald trump saluting,1,images/6b81ip.jpg
as2gzc,moon cult deg requested by yetieggs,0,images/as2gzc.jpg
392kvo,kkk ask african americans to help them get rid of illegal immigrants,1,images/392kvo.jpg
9i4ffy,this crayon is double sided,1,images/9i4ffy.jpg
2dp0ju,olympic wrestler accused of deer hunting in lexus dealership lot,1,images/2dp0ju.jpg
31xn7v,teenagers in seattle are volunteering their time to build tiny houses for the local homeless,1,images/31xn7v.jpg
bpm8fi,this new painting in the waiting room of my psychiatrists office,1,images/bpm8fi.jpg
c800b1,the way my cats front and back right paws are when he sits in the window,1,images/c800b1.jpg
7x6n16,trump accepting gop nomination circa,0,images/7x6n16.jpg
8j7e6k,thencandidate donald trump moments before being rushed off stage during a false assassination scare at reno nv campaign rally circa,0,images/8j7e6k.jpg
19ei66,mum in penis suit was very emotional for keha,1,images/19ei66.jpg
cet2bg,amazon accidentally sold camera gear for on prime day the items are being shipped said amazon customer support,1,images/cet2bg.jpg
cv9h3o,slice of bread looks like a face,1,images/cv9h3o.jpg
7xdn5v,hospital staff gave a touching th wedding anniversary surprise for a patient in coma and her devoted husband,1,images/7xdn5v.jpg
2a70k9,lonely guy on a disneyland ride,1,images/2a70k9.jpg
ckz9gcj,well this is my first edit but i didnt see it so i had to make it,0,images/ckz9gcj.jpg
2p5zxo,russias monuments keep getting graffitied with ukrainian flags,1,images/2p5zxo.jpg
7fokzl,this bin that looks like a combine,0,images/7fokzl.jpg
34dbt0,horseshoe bend page az,1,images/34dbt0.jpg
be48bd,oregon foster care system targeted in federal lawsuit,1,images/be48bd.jpg
1arm4q,paint scrapers are easily startled,0,images/1arm4q.jpg
c1erza,just another photo of thousands of protesters on the streets in hong kong,0,images/c1erza.jpg
axajb9,paintedover spot on public bathroom wall must conceal some really fuckedup graffiti,0,images/axajb9.jpg
7069uv,woman laughing hysterically at husband who fainted,1,images/7069uv.jpg
4rr19n,little guy has seen some shit,0,images/4rr19n.jpg
bd66p8,mo salah gets excited after scoring,0,images/bd66p8.jpg
8z4zo6,and we have a lift off,0,images/8z4zo6.jpg
45hnui,sea lion shows off habitat using selfie stick,1,images/45hnui.jpg
51dgqj,help me obiwan kenobi youre my only hope,0,images/51dgqj.jpg
1k5nbk,the united states marines issue victory at gavutu first of comic books published by the us marine corps and magazine enterprises pages wwii,0,images/1k5nbk.jpg
czgolc,when dr disrespect met belle delphine,0,images/czgolc.jpg
5l1alp,scopes monkey trial,0,images/5l1alp.jpg
60mhg6,swimmer emerging from water,1,images/60mhg6.jpg
23v22c,king jonun squatting in a patch of grass,1,images/23v22c.jpg
bm8iqy,found a five leaf clover the other day,1,images/bm8iqy.jpg
cfw34x,lets product more plains tanks antitank rifles and guns artillery guns mortars rifles machine guns and ammo all for front all for victory by el lisitsky,0,images/cfw34x.jpg
51lyjz,britain to build ft high wall in calais to block refugees from entering the uk,1,images/51lyjz.jpg
auvm98,is my porch flirting with me,0,images/auvm98.jpg
9d7gnz,my dogs ear looks like his own face,1,images/9d7gnz.jpg
866pbg,marvel fans fighting over tickets for infinity war c,0,images/866pbg.jpg
cfapj1,me and my best friends tattoos two stick men with dixie cup phones,1,images/cfapj1.jpg
c5lezuu,why if it isnt my old friend mr mcgreg with a leg for an arm and an arm for a leg,0,images/c5lezuu.jpg
7ngnrz,tenth whiskey all kinds of ways from roldschoolcool,0,images/7ngnrz.jpg
96a8af,balloon boy,1,images/96a8af.jpg
6ol33z,reptile zoo self entitled,0,images/6ol33z.jpg
5sbsie,for the sicherheitspolizei,0,images/5sbsie.jpg
4z0wy5,woman using mini humidifier for iphone,1,images/4z0wy5.jpg
28iwhu,this cat on her post with a rifle,1,images/28iwhu.jpg
7wd443,kitten does an attac,1,images/7wd443.jpg
2ledeb,madonna buys chance the rapper a razor scooter hints at collaboration,1,images/2ledeb.jpg
5jqyut,remember the black church and sprayed vote trump on the side in fluorescent paint,0,images/5jqyut.jpg
6eummz,abc to air ariana grande benefit concert,1,images/6eummz.jpg
6ku53c,this kid falling backwards,1,images/6ku53c.jpg
7y5ui0,america the greatest and most powerful nation in the left is viewed as a single one yet,0,images/7y5ui0.jpg
65qoh4,trump privately signs antiplanned parenthood law,1,images/65qoh4.jpg
awbqvd,light perception,0,images/awbqvd.jpg
c0h5ek,mitch mcconnell for the first time in my memory i agree with nancy pelosi,1,images/c0h5ek.jpg
4m7ei3,ronaldo donates his k champions league bonus to un charity,1,images/4m7ei3.jpg
b5206o,sigmund smile,0,images/b5206o.jpg
7hzdzy,extremely rare footage of legendary sniper simo hayha,0,images/7hzdzy.jpg
cp3c1o,old axe head stuck in tree,1,images/cp3c1o.jpg
78im91,jesus meets a man dying of leprosy ad,0,images/78im91.jpg
3v6kx0,exxon hires deflategate lawyer for climate investigation,1,images/3v6kx0.jpg
292nwr,a little boy with a chronic disability wanted to be a national park ranger makeawish and yosemite gave him a shot,1,images/292nwr.jpg
93lzw4,coach z straight outta crampton,0,images/93lzw4.jpg
c802k6,this business phone number,1,images/c802k6.jpg
bw09ec,steve jobs believed this was the thing that made the difference between selling and failing its just been revealed,0,images/bw09ec.jpg
6ucokv,nextlevel gaming the new call of duty will penalize players for shooting nazis who are actually very fine people,0,images/6ucokv.jpg
2hie9s,people forget to breathe while using pc experts,1,images/2hie9s.jpg
94bbho,last nasa spacewalk of the shuttle era repairing broken imaging equipment for the bsb deep dish panopticon,0,images/94bbho.jpg
6sl5iz,the arcane and littleknown year old jones act makes americans commute miserable and the cost of the stuff they buy more expensive quartz,1,images/6sl5iz.jpg
3vs3sd,politician uses this picture of his son sulking for christmas card,1,images/3vs3sd.jpg
822dyy,news awkward margot robbie and saoirse ronan wore the exact same cursed amulet to the oscars and now theyre both floating above the audience speaking a forgotten language,0,images/822dyy.jpg
3myw94,these sisters chasing each other,1,images/3myw94.jpg
46260d,bboy headspin,1,images/46260d.jpg
9cl36e,hitler escaping to south america,0,images/9cl36e.jpg
5pe22z,heet wall happy face,0,images/5pe22z.jpg
d1e0t7,someone said something about a perfect apple so i give you huge apple my hand is not tiny the things massive,1,images/d1e0t7.jpg
255od8,new tardis console from doctor who,0,images/255od8.jpg
bcs1e8,dan is rather shocked,0,images/bcs1e8.jpg
diwtcx,havent seen one of these in years found in captivity outside the mens room at the oyster bar at grand central station in nyc,1,images/diwtcx.jpg
2hutdd,ow my nose,0,images/2hutdd.jpg
c6zc4o,i found fourleaf clovers next to each other,1,images/c6zc4o.jpg
dgqknf,found this calendar in a locker at my school,1,images/dgqknf.jpg
2nwoiy,this dude kept me nice and warm,0,images/2nwoiy.jpg
2zcong,no estamos solos mexican poster of the world war ii,0,images/2zcong.jpg
46iapv,an unsliced slab of bacon straight from the butcher,0,images/46iapv.jpg
creeus,this image of john lithgow from cliffhanger looks like jason statham,1,images/creeus.jpg
6k0feh,scamorza cheese that looks like a pig,0,images/6k0feh.jpg
bgdfx0,kanye west sunday service,0,images/bgdfx0.jpg
10brqb,old man problems,1,images/10brqb.jpg
49iee8,swedish police banned from describing criminals anymore in case they sound racist,1,images/49iee8.jpg
7fbges,these seemingly happy group of barricades,0,images/7fbges.jpg
5z2qgl,til chris benoit was booked to win an emmy for an eu type organisation called the rhythmicon was invented by the length of a feature film set to be deployed over a decade and has done time for visitors is three years,0,images/5z2qgl.jpg
6wvdjl,nomad coming home,0,images/6wvdjl.jpg
5q0gbn,stopping in rain is the yes part,0,images/5q0gbn.jpg
4vkwhj,what has someone said to you that you could get these racist shirts at the eagles game using an exo suite,0,images/4vkwhj.jpg
c0lx1a,iran tries to redeploy failed oil tanker mine high res satellite photo,0,images/c0lx1a.jpg
1vrf99,a dog looking out in the air while wearing a hat,1,images/1vrf99.jpg
1m4pal,set of americas immortals liberty loan series raymond perry ish poster war bonds,0,images/1m4pal.jpg
chvi9y,cummins diesel injector spray pattern,1,images/chvi9y.jpg
349r46,masterchief,0,images/349r46.jpg
4k0s4j,looking for feedback on my latest painting,0,images/4k0s4j.jpg
7xxl92,the spacex falcon heavy rocket plunging into the sun ca,0,images/7xxl92.jpg
arbu46,you can see where the dogs pee,1,images/arbu46.jpg
1y01u6,cat with jet on his back,1,images/1y01u6.jpg
261jpy,cat bath,1,images/261jpy.jpg
7y7ijd,this feathered creature,1,images/7y7ijd.jpg
1p3czm,david ortiz world series slide,1,images/1p3czm.jpg
41p3cy,meet barbie adorable amputee poodle teaches herself to walk on hind legs after motorcycle crash,1,images/41p3cy.jpg
3lw9oa,cartoon from warning about the dangers of socialism catholicism sexual liberation and free blacks,0,images/3lw9oa.jpg
b89acs,made funnel cakes with my husband and one of the crumbles came out looking like a snail,1,images/b89acs.jpg
7rb41y,bill nye confronts young flatearther,0,images/7rb41y.jpg
clxyo6,a bear enjoying the view and contemplating life,0,images/clxyo6.jpg
48s64e,gorgeous black slip dress,0,images/48s64e.jpg
cc1lnu,street performer in downtown denver is just chilling midair while holding a staff i had to do a double take no idea whats going on here,1,images/cc1lnu.jpg
3ajnpq,carolina panthers donate to south carolina shooting victims families and church,1,images/3ajnpq.jpg
bh6ykr,a camera on this bus shows you the luggage compartment,1,images/bh6ykr.jpg
1me7h9,windy day on top mammoth mountain,1,images/1me7h9.jpg
5qqhou,you no longer allowed to disagree with is literally the worst things to have a new code of conduct,0,images/5qqhou.jpg
bq8o8w,the leafyishere era of youtube,0,images/bq8o8w.jpg
bbhz86,google and goodwill ramp up effort to provide job seekers with digital skills,1,images/bbhz86.jpg
65cz7a,battleship leaving port,0,images/65cz7a.jpg
51vz17,police video shows slaying suspect breaking cuffs escaping,1,images/51vz17.jpg
5q19ot,donald trump meets a fedex courier a single father who worked on his campaign offers him,1,images/5q19ot.jpg
cu7aam,study reveals one pickup line guaranteed to seal the deal on dating sites,0,images/cu7aam.jpg
1od7nq,happy robot,0,images/1od7nq.jpg
3da9xw,fluffy dog from raww,1,images/3da9xw.jpg
bnislg,this thanos card from,1,images/bnislg.jpg
5mdr6u,pigeon with bread on its wings,1,images/5mdr6u.jpg
8zhpbt,was self titled,0,images/8zhpbt.jpg
2qllbd,an aerial screenshot in a video game,0,images/2qllbd.jpg
dh0gqi,hong kong,0,images/dh0gqi.jpg
6oug4a,yu can nvr escape mr skltl dt dt d,0,images/6oug4a.jpg
67wobh,nazi officer harassing jewish boy in the ghetto of warzaw,0,images/67wobh.jpg
2nk7jh,this dog catching a snowball midair,1,images/2nk7jh.jpg
78a9ll,us navy forces prepare for operation underlord and the liberation of atlantis from sea hitler,0,images/78a9ll.jpg
1mxthh,british navy mistook whales for submarines and torpedoed them killing three during falklands war,1,images/1mxthh.jpg
6e3qqt,piraro american gotham,0,images/6e3qqt.jpg
7j0z97,an interracial couple celebrates the repeal of antimiscegenation laws usa,0,images/7j0z97.jpg
as0kpb,deus vult god left the light on,0,images/as0kpb.jpg
b8w3rl,the residents blindness,0,images/b8w3rl.jpg
6h3its,dusty sandy best friends,0,images/6h3its.jpg
bm4rgy,this bike rack with a bike shaped into it,1,images/bm4rgy.jpg
9i2m1b,this lego cathedral uses battle droids as gargoyles,1,images/9i2m1b.jpg
7zu2nc,scripted controversy cnn releases emails of correspondence with florida student washington post,1,images/7zu2nc.jpg
divvls,happy little drink holder just waiting to be folded and help you out,0,images/divvls.jpg
1ii932,mystery tree slo county ca,0,images/1ii932.jpg
31v2lj,dalai lama with japanese students,1,images/31v2lj.jpg
ajshl7,for the love of god were not supposed to be in here,0,images/ajshl7.jpg
10bbvt,mcdonalds calls police on man dressed up as the burger king,1,images/10bbvt.jpg
5g0r3s,trump wants james mattis for secretary of defense,1,images/5g0r3s.jpg
9dq3hf,the ice block in my freezer came out in one piece,1,images/9dq3hf.jpg
bzfwuv,animals i just thought up right now off the top of my head,0,images/bzfwuv.jpg
2cmeoq,im wearing big kid clothes,0,images/2cmeoq.jpg
1bpk0b,maori battalion,1,images/1bpk0b.jpg
d3rfxq,this prickly cucumber grown in my garden,1,images/d3rfxq.jpg
bl0jzs,this car with three wheels,1,images/bl0jzs.jpg
63yi4i,wwe wrestler daniel bryan wearing a helmet,1,images/63yi4i.jpg
1b2vh0,high steaks addicts swap meat for drugs,1,images/1b2vh0.jpg
803833,hes so excited,0,images/803833.jpg
awlvzl,long straw is long,1,images/awlvzl.jpg
13eblu,the british colonial empire one of a series of posters featuring different colonial regiments of the british army,0,images/13eblu.jpg
8tn275,nazi soldier performing live experimentation on the human brain circa,0,images/8tn275.jpg
cyzrrz,watermelon in the wild out of context,1,images/cyzrrz.jpg
bcyr4p,a c in the clark memorial bridge,0,images/bcyr4p.jpg
b0mc1n,my jobs fire extinguisher simulator,1,images/b0mc1n.jpg
9gvhcj,a random chili plant grew in one of my pots,1,images/9gvhcj.jpg
c6e10f,this pub had a creative way to fix the bathroom door,1,images/c6e10f.jpg
7fwvx3,nearly skipped over the second link looks uncannily similar to the other two,0,images/7fwvx3.jpg
blk1ft,shiba inu with a bowtie,1,images/blk1ft.jpg
565s3m,this praying mantis watches me shower,0,images/565s3m.jpg
q16pz,pay for our work,1,images/q16pz.jpg
8cmeft,hmb and ill open your beer and watch this cool science trick i learned,0,images/8cmeft.jpg
4o42cj,terrorism suspect uses facebook live to threaten attacks on euro,1,images/4o42cj.jpg
bylry1,the patterns over the slabs i worked on,1,images/bylry1.jpg
3ox525,rihanna trying to swim in peace,1,images/3ox525.jpg
9h6d8w,top chef season,0,images/9h6d8w.jpg
4sn3g7,in first us judge throws out cell phone stingray evidence,1,images/4sn3g7.jpg
2gddfj,this crossing guard,1,images/2gddfj.jpg
4d5jge,not only did they lose but the court found a koi pond and japanese maples and a small thrift store and asked to explain why trump is going to hell,0,images/4d5jge.jpg
201sa9,ansel adams party trick s,1,images/201sa9.jpg
8tkmw3,us president donald trump calling for expelling immigrants without court,0,images/8tkmw3.jpg
8v2owu,bust the shoulders of giants,0,images/8v2owu.jpg
ckyccg,canada adds square kms to its marine protected areas,1,images/ckyccg.jpg
3q36xh,booze and sweets officially found in nearby comet for first time,1,images/3q36xh.jpg
cvs2tb,a manhole in front of the aquarium in toronto,1,images/cvs2tb.jpg
c1grz2,nero watches as a playwright battles him to the death,0,images/c1grz2.jpg
26wfa2,teen is struck and injured pushing his friend out of the way of an oncoming truck,1,images/26wfa2.jpg
c0eyua,an interesting ice cooler at a gas station,1,images/c0eyua.jpg
35q2qj,kid jumping mid air before race,1,images/35q2qj.jpg
9eoxx0,nipple looking mushroom,1,images/9eoxx0.jpg
53idrb,the monkey god rises,0,images/53idrb.jpg
1zqozm,southwest passenger screams for booze throws gang signs for jesus forces pdx landing,1,images/1zqozm.jpg
cuz0w9,this old two hole outhouse,1,images/cuz0w9.jpg
djkqwn,these reindeer head cookies are made from upside down ginger bread men,1,images/djkqwn.jpg
c6tf95,washing sheets and this happens,1,images/c6tf95.jpg
csqxpd,my cat has huge thumbs,1,images/csqxpd.jpg
12xfzz,republican soul searching probably mostly pointless,1,images/12xfzz.jpg
1rjd05,footballer knocking over the corner flag,1,images/1rjd05.jpg
1s9l9c,just a guy and his cymbal,1,images/1s9l9c.jpg
7k1bt3,red hot chili peppers anthony kiedis says this is what he spends the most money on,0,images/7k1bt3.jpg
daklpi,ringo starr meeting sgt pepper,0,images/daklpi.jpg
8oti84,nipples in a jar the benefits of arkivet a tribute,0,images/8oti84.jpg
6dl2ec,like a fish out of water,0,images/6dl2ec.jpg
86ybyf,meta the kaleidoscope leopard visceral happiness,0,images/86ybyf.jpg
cynan4,man who took his tent home from festival expecting nobel prize,0,images/cynan4.jpg
hbobk,norwegian pronaziss poster,0,images/hbobk.jpg
5rx16i,nfl loses rights to super bowl,0,images/5rx16i.jpg
6f5oya,this is a red pepper off improperly at work and some asshole left this on the ground,0,images/6f5oya.jpg
69rrqg,richie samboras new celeb photo charity app takes your images from selfies to selfless,1,images/69rrqg.jpg
718rza,a fire breathing dragon,0,images/718rza.jpg
6jvw8a,this person does not laugh at your fall but instead relies on the power of jazz hands,0,images/6jvw8a.jpg
cjgmja,this model of the melting clock,1,images/cjgmja.jpg
2rpkdb,my daughter about to give a pinata a beat down,1,images/2rpkdb.jpg
6q1j5i,dick pick,0,images/6q1j5i.jpg
6blh57,ice vii strangler fig,0,images/6blh57.jpg
39pb1i,if you really want to know how to lose his virginity,0,images/39pb1i.jpg
5vh9rv,cats dont cause mental illness study finds,1,images/5vh9rv.jpg
2juj6e,ugh im so tired of this,0,images/2juj6e.jpg
cw5ot9,this coffee shop by my work uses raw pasta as stir sticks instead of plastic,1,images/cw5ot9.jpg
99ech1,unicorn buttplug on a fishnet stockings,0,images/99ech1.jpg
8jrduk,they cut their dog,0,images/8jrduk.jpg
28j4yt,a rescued grumpy cat,1,images/28j4yt.jpg
88jgh9,asd censored,0,images/88jgh9.jpg
3g4jw3,moss covered forest,1,images/3g4jw3.jpg
csqoon,this dog on a boat,1,images/csqoon.jpg
1iksdc,radio dj outs panhandler who was lying about being a homeless veteran takes his corner raises over for local home for veterans,1,images/1iksdc.jpg
6t7tl6,hairdressers refuse to shave depressed teens matted hair,1,images/6t7tl6.jpg
1jo0ga,porkchop dispute ends with man fatally shooting roommate cops say,1,images/1jo0ga.jpg
8wu4v5,this box,0,images/8wu4v5.jpg
26e9v1,richard renaldis touching strangers photos,1,images/26e9v1.jpg
2uo8cw,please feed me dishes,0,images/2uo8cw.jpg
5qamyy,my bin looks really nervous,0,images/5qamyy.jpg
2gevg9,creepy face in the cliff,0,images/2gevg9.jpg
cu9tp1,two hong kongers naruto running against the police too fast to be captured by then current technology,0,images/cu9tp1.jpg
33saz3,babies feel pain like adults,1,images/33saz3.jpg
5bn3of,this disease affects of chinese cresteds is your pup silently suffering,0,images/5bn3of.jpg
av89bp,you can see the framing and lathe through the never painted plaster in this house i just bought,1,images/av89bp.jpg
azembq,a baby corgi in a move that is the best title,0,images/azembq.jpg
2jroao,man steals la fire department ambulance sent to help him,1,images/2jroao.jpg
7svwpq,this dog wearing a jacket and sunglasses,1,images/7svwpq.jpg
7u5hnn,this table cannot believe you would eat that,0,images/7u5hnn.jpg
6f2xyy,wedding gone wrong,1,images/6f2xyy.jpg
cguugg,mark left by v battery on oak desktop,1,images/cguugg.jpg
6rmyl9,nasser alkhelaifi with the most expensive footballer ever,1,images/6rmyl9.jpg
7o49hy,two dogs eating dinner,1,images/7o49hy.jpg
b6mw4p,the visibility of the pavement difference between the netherlands left and germany right,1,images/b6mw4p.jpg
2dsntw,confused man wearing only a tablecloth found in cupboard in malvern restaurant,1,images/2dsntw.jpg
cgnxfc,this perfectly matched double carrot during lunch,1,images/cgnxfc.jpg
55c3wk,man posing as wizard,1,images/55c3wk.jpg
6qjjnu,how game of thrones helped save a farm in northern ireland,1,images/6qjjnu.jpg
7lggac,ji manipulation,0,images/7lggac.jpg
bqwwiy,jurassic bark draw me like one of your french poodles,0,images/bqwwiy.jpg
4d5377,a rocket,1,images/4d5377.jpg
dzkhezc,good as new,0,images/dzkhezc.jpg
6zjphj,italian east africa aoi africa orientale italiana fascist italy,0,images/6zjphj.jpg
3i0pir,ted cruz criticizes jimmy carter a day after his cancer admission,1,images/3i0pir.jpg
7j1vli,a pirate bays coowner in his room,1,images/7j1vli.jpg
9jhrix,i burned calories in minutes today,1,images/9jhrix.jpg
d3uy4o,this spinning top collection,1,images/d3uy4o.jpg
bqw7ot,this birdhouse i saw today,1,images/bqw7ot.jpg
bmj0db,hi im dennis and im here to eat your trash,0,images/bmj0db.jpg
9j6bx6,this ship in the distance looks like a spaceship,1,images/9j6bx6.jpg
539814,device explodes at marine race on jersey shore police,1,images/539814.jpg
8sy91g,man with gun face tattoo arrested for unlawful possession of a firearm,1,images/8sy91g.jpg
8u3jml,maradona celebrating an argentina goal,1,images/8u3jml.jpg
6crqvn,i dont like the smug creepy look on this cloths face,0,images/6crqvn.jpg
bw1hmh,enjoy the t r a i n,0,images/bw1hmh.jpg
c3uef4,same model different authors side by side at cvs,1,images/c3uef4.jpg
7jivsr,the cast of stranger things playing dungeons and dragons on set circa,0,images/7jivsr.jpg
cfebzv,the liquor store around the corner from me has a bitcoin atm now,1,images/cfebzv.jpg
8e3ebk,still frame from the movie adaptation of the hitchhikers guide to the galaxy,0,images/8e3ebk.jpg
bth6zr,this armor spotted at our local renaissance fair,1,images/bth6zr.jpg
6giptk,mid operation,0,images/6giptk.jpg
d91dgh,record number of children whose firefighter parents were killed by join the fdny,1,images/d91dgh.jpg
47p42u,mrw playing wow and the professor says we learned it the next president,0,images/47p42u.jpg
6589jb,gasoline alley knows all about the reddit sync app,0,images/6589jb.jpg
2tw796,triebellizorkin space routinely forgotten or swept under the rug,0,images/2tw796.jpg
495zsa,this kid shredding at the beach,1,images/495zsa.jpg
99z4p9,ballinskelligs castle ireland,1,images/99z4p9.jpg
8w2u3f,biz gotti qubed,0,images/8w2u3f.jpg
36ktxc,area man first in his family to coast through college,0,images/36ktxc.jpg
72l4lr,marines congratulate first female infantry officer graduate,1,images/72l4lr.jpg
7s3e2e,indian police dog rose to level of senior officer buried with traditional guard of honor rip to a hero,1,images/7s3e2e.jpg
74cwj6,this water tower,1,images/74cwj6.jpg
6utj0c,old people pointing at a pole,1,images/6utj0c.jpg
9d4idi,prosecutors decline to charge kevin spacey and steven seagal in sex abuse cases,1,images/9d4idi.jpg
c3056m,construction of look alike venice italy in hungary,0,images/c3056m.jpg
71ry1z,this geyser erupting,1,images/71ry1z.jpg
co8qsm,frog prints on the window,1,images/co8qsm.jpg
4v2r4w,birds oc,1,images/4v2r4w.jpg
3y37r8,taylor swifts cat meredith grey,1,images/3y37r8.jpg
7i8tli,a united states army paratrooper descends to the ground at rivolto air base in udine italy on,1,images/7i8tli.jpg
7uyi8m,united airlines cracking down on emotional support spouses,0,images/7uyi8m.jpg
7xcwza,battling with a korean korean war circa,0,images/7xcwza.jpg
5qy65h,trump staring at ted cruz,1,images/5qy65h.jpg
uy3io,east liverpool ohio was the pottery capital of the nation before it suffered economic collapse now things are looking up again after starbucks makes an investment in domestic pottery production,1,images/uy3io.jpg
3cwzix,louis van gaal and bastian schweinsteiger embrace,1,images/3cwzix.jpg
7mmqgz,english bulldog dressed as the pope,1,images/7mmqgz.jpg
1pj0yn,pair of zebra fish larvae making funny faces,1,images/1pj0yn.jpg
cj4uqj,double rainbow and god rays in my home town albuquerque new mexico,1,images/cj4uqj.jpg
c19ui8,you know what you saw,0,images/c19ui8.jpg
d10eoh,mordecai and the rigbys party tonight,0,images/d10eoh.jpg
cm1eky,this can of whoop ass flavor of the united states chilies hot,1,images/cm1eky.jpg
75jhei,our army brazilian army recruitment poster,0,images/75jhei.jpg
1rym1u,idiots cleared of endangering pia plane,1,images/1rym1u.jpg
59a50j,mosul offensive enters second week all you need to know,1,images/59a50j.jpg
19emw3,roy hibberts mom upset with son after his scuffle with warriors,1,images/19emw3.jpg
c5reff,the tis are missing from this art placard,1,images/c5reff.jpg
2h8e5o,sex guns and jesus inside americas manliest church,1,images/2h8e5o.jpg
8bpky4,australian paedophile on the highway in a swimming pool live,0,images/8bpky4.jpg
1mws9z,how halloumi took over the uk,1,images/1mws9z.jpg
8emn4i,miley cyrus training for the wrecking ball video th,0,images/8emn4i.jpg
db5466,health secretary looking seriously at compulsory vaccines for schoolchildren,1,images/db5466.jpg
byflkr,the ceiling decoration in the toilet of a brewery,1,images/byflkr.jpg
dddf90,my neighbors dog chases cars here so much the grass doesnt grow back,1,images/dddf90.jpg
c21ggy,rinse paint in clogged sink,1,images/c21ggy.jpg
9h7s1g,grandfathers unofficial navy awards for different naval milestones no clue what the two on the bottom are,1,images/9h7s1g.jpg
6hpio0,longsilenced songs of holocaust survivors are rediscovered,1,images/6hpio0.jpg
cgeggz,my ear pods case and plug adapter make a fun little tank,1,images/cgeggz.jpg
2z20uo,the nypd be editing the wikipedia pages of people it killed,1,images/2z20uo.jpg
8i5m7m,this is america music video by childish gambino,0,images/8i5m7m.jpg
blx7lg,new wireless airpods charge through unwrapped packaging,1,images/blx7lg.jpg
ckqj77,this tiny fan at work,1,images/ckqj77.jpg
brmkoy,my stapler looks a bit pissed,0,images/brmkoy.jpg
cftfxl,mark fischbach mark,0,images/cftfxl.jpg
51tv1r,got some new keys on my rgb keyboard,0,images/51tv1r.jpg
atmrej,an unnecessary door and double stacked pallets that specifically warn not to double stack,1,images/atmrej.jpg
2uvxi7,cat eating a snow cone,1,images/2uvxi7.jpg
d0nkbl,the way this chamfering tool broke at work this week was something none of us have ever seen,1,images/d0nkbl.jpg
b7ej7x,canadian woman shares dozens of roll up prizes with strangers she shares the winning prizes with first responders and people in need in an effort to pay it forward,1,images/b7ej7x.jpg
66zf5a,antisepticdenying doctor bliss treats us president james garfield after getting shot by charles guiteau,0,images/66zf5a.jpg
bu4sm0,my peace lily grew a sideways flower,1,images/bu4sm0.jpg
demfmy,there is a target ad on the back of my walmart receipt,1,images/demfmy.jpg
b7t8j6,this tiny avocado seed,1,images/b7t8j6.jpg
ca1ykr,my cat has toes,1,images/ca1ykr.jpg
di1b4f,o how simple the receipts were back then,1,images/di1b4f.jpg
671evs,ed grothus id rather be a pig than a fascist,0,images/671evs.jpg
8qgjri,rare security camera footage of workers inside a mcdonalds kitchen,0,images/8qgjri.jpg
74tnzr,media give trump most negative presidential coverage in years only percent of news reports are positive according to pew research center,1,images/74tnzr.jpg
50aj1l,xray video shows exactly how much can hide in the wild the small hippo is listed as an extra limb when traversing gaps,0,images/50aj1l.jpg
ardsxb,this gas pump where you have to pull in and then reverse to get out,1,images/ardsxb.jpg
lgjar,happily going to his new home,0,images/lgjar.jpg
1wu4zm,girl pulling her pants down from behind,0,images/1wu4zm.jpg
4bk6qd,this future research vessel,1,images/4bk6qd.jpg
9ivp59,while drizzling chocolate this perfect little duck showed up,1,images/9ivp59.jpg
b1drq6,barista promises youre totally going to love the star wars latte art you totally didnt ask for,0,images/b1drq6.jpg
9hkkrs,this bottle has a cap with braille on it which spells body lotion,1,images/9hkkrs.jpg
1lqu1s,brett gardener giving eduardo nunez a gatorade bath,1,images/1lqu1s.jpg
ddtxws,this cactus looks like its covered in zip ties,1,images/ddtxws.jpg
6cpn5u,maybe a child gave this gun and other tribes,0,images/6cpn5u.jpg
2agzhl,gene simmons stepping on a security guards head,1,images/2agzhl.jpg
6yg5p4,game of thrones fan notices something odd in the way characters die,0,images/6yg5p4.jpg
c34frj,trump says alabamas roy moore cant win but moore is running again anyway,1,images/c34frj.jpg
bq4sbt,west point is about to graduate its largest class of black women,1,images/bq4sbt.jpg
6vdb0l,antiusa poster italian social republic ca,0,images/6vdb0l.jpg
5a3w09,last known picture of a renowned nazi doctor circa,0,images/5a3w09.jpg
8pgeib,president clinton conducting sexual affair with al gore,0,images/8pgeib.jpg
703l7f,maria sharapova taking it all in,1,images/703l7f.jpg
5vdaa8,elephant mary the death of red eldridge,0,images/5vdaa8.jpg
4yaqzi,afghan fighters who previously tried to kill each other reunite as family,1,images/4yaqzi.jpg
dhpk1k,from two tragedies a miracle child is born,1,images/dhpk1k.jpg
b0psiw,ukraine kicks out russia after wwii,0,images/b0psiw.jpg
bji56u,cofounder of sundance film festival pleads guilty to child sex abuse,1,images/bji56u.jpg
5w0iyv,google is donating million to racial justice causes,1,images/5w0iyv.jpg
d2u177,scanning the new old,0,images/d2u177.jpg
cgw1tv,tarmac got so hot it stuck to the tire,1,images/cgw1tv.jpg
381dxc,a ginger cat yawns,1,images/381dxc.jpg
3m535d,happy dogs on a train ride,1,images/3m535d.jpg
2vr3aj,lack of snow on house leads to drug bust in the netherlands,1,images/2vr3aj.jpg
2shv2t,this bird is a scallywag turn him into some real pirate material,1,images/2shv2t.jpg
2atpd6,understanding the israelipalestinian conflict,0,images/2atpd6.jpg
5owosd,what did five fingers say to the beat of the upcoming seal team show,0,images/5owosd.jpg
bb3l2b,secret service director out less than hours after dhs secretary resigns,1,images/bb3l2b.jpg
7h6zio,abc news suspends brian ross over serious error in flynn report,1,images/7h6zio.jpg
aven92,the reichstag fire,0,images/aven92.jpg
1uww7l,pregnant woman attacked roommate over butter deputies say,1,images/1uww7l.jpg
2uj2jb,jouyenjosas the birth of de sade,0,images/2uj2jb.jpg
5m99ju,trump says toyota will face tariffs on cars made in mexico,1,images/5m99ju.jpg
cexrww,this old sink for sluicing cloth nappies at blackpool pleasure beach,1,images/cexrww.jpg
d1hktp,this cat sitting on a chair,1,images/d1hktp.jpg
7ij6oz,the destruction of the berlin wall th,0,images/7ij6oz.jpg
1z28ct,vets seeing more dogs eating edible marijuana,1,images/1z28ct.jpg
diazjc,all grey stuff in this grey pouch,1,images/diazjc.jpg
b0p23h,our work uses a company called neopost which im pretty sure uses the neopets font,1,images/b0p23h.jpg
7ceg02,neoliberalism oversold imf economists think we should deal with in this article to see homeless in dirty clothing sitting next to useless,0,images/7ceg02.jpg
ca18oa,they serve sticky rice dumplings at kfc in china,1,images/ca18oa.jpg
6a58ju,man with downs retires from mcdonalds after years of loyal service,1,images/6a58ju.jpg
9ithby,jesus christ receives the crown of thorns circa ad,0,images/9ithby.jpg
6jd8pw,this angry fella i see on my way to work everyday,0,images/6jd8pw.jpg
81kd8u,report donald trump misled the public about freeing ucla basketball players,1,images/81kd8u.jpg
6o2bd4,the top of this can is surprised,0,images/6o2bd4.jpg
d14ufa,man embracing atlantic ocean,1,images/d14ufa.jpg
1iwoqy,barack obama with a baseball bat,1,images/1iwoqy.jpg
d6h7gw,this seed sprouting inside an apple,1,images/d6h7gw.jpg
11ee24,smug tree,0,images/11ee24.jpg
b017m8,jojo fan project blood sun vendetta has anyone seen this yet how are japanese fans reacting to this,0,images/b017m8.jpg
dkq9ev,finding my old wet floor signs heres the magikarp one,1,images/dkq9ev.jpg
b1gc4x,i found this golden dime silver dime next to it for comparison,1,images/b1gc4x.jpg
1yljag,blind man acquitted in fatal shooting gets guns back,1,images/1yljag.jpg
7l7y6f,here comes the meat tax,0,images/7l7y6f.jpg
5e4lm6,the week in pictures week of,0,images/5e4lm6.jpg
b17bsz,live in georgia pollen left what looks like an upside down dick on my car window,1,images/b17bsz.jpg
c5mj6t,a dam i went to when we picked up a trailer,1,images/c5mj6t.jpg
by08hu,this slanted crosswalk,1,images/by08hu.jpg
bf03se,at first glance this laundry basket looks kinda like a giant vat or tank in a warehouse,0,images/bf03se.jpg
bvj7lk,this yearold man is restoring faith in humanity by reviving dead lakes in india,1,images/bvj7lk.jpg
7nojzd,a tourist casually paying respect the ukrainian blarney stone,0,images/7nojzd.jpg
capcrj,king leonidas leading the into the pass of thermopylae to fend of the persian armies circa bc,0,images/capcrj.jpg
3v9hgm,schonbrunn palace in vienna austria,1,images/3v9hgm.jpg
3rr0wn,this is not out for a long hour shift,0,images/3rr0wn.jpg
6i4oh1,harambe payback,0,images/6i4oh1.jpg
1q4ccf,evil looking snow near aldeyjarfoss iceland,0,images/1q4ccf.jpg
bnjt7c,found a misprinted sign at walmart,1,images/bnjt7c.jpg
1nkknx,federal inmates go on strike to protest pay cuts,1,images/1nkknx.jpg
bxc9yh,something the reds havent got western electric,0,images/bxc9yh.jpg
cibr1e,a could i saw this morning,1,images/cibr1e.jpg
bxi06p,my burn looks like ansfw,1,images/bxi06p.jpg
6p6jfp,fears of tainted alcohol at mexican resorts after deaths,1,images/6p6jfp.jpg
d7rt5g,the unique slogan of this restaurant,1,images/d7rt5g.jpg
oaey6,shopping cart thinks the field goal is good,0,images/oaey6.jpg
cne27e,this branch which developed around the gates spikes,1,images/cne27e.jpg
1p7rdp,triumphant hunter atop his noble steed,1,images/1p7rdp.jpg
b97xiu,older performance cars slower than a toyota prius in the figure eight,0,images/b97xiu.jpg
55jwvd,woman rescued by firefighters after becoming trapped in trolley child seat at wolstanton asda store,1,images/55jwvd.jpg
4jwp17,onward to an european future vs together with russia two electoral posters showcasing the geopolitical fracture in moldova parliamentary election of,0,images/4jwp17.jpg
y47tx,cleaning the antenna of the empire state building,1,images/y47tx.jpg
21d4n5,a very long tongue,1,images/21d4n5.jpg
6eqino,these two dogs on a jail break,1,images/6eqino.jpg
40pht8,visit iran,0,images/40pht8.jpg
cuvk6x,street jamz vol various cat artist,0,images/cuvk6x.jpg
2esf3l,sister of accused boston marathon bombers arrested after bomb threat,1,images/2esf3l.jpg
46dpsv,apple set to square off with us government over user privacy,1,images/46dpsv.jpg
c1ss88,juice box,0,images/c1ss88.jpg
cogrda,the growth on this tomato not sure if its happy to see me or flipping me off,1,images/cogrda.jpg
whprz,pouch pooch,1,images/whprz.jpg
6wjm5s,night terror melon,0,images/6wjm5s.jpg
cbcths,the unstirred paint makes the paint can look empty,0,images/cbcths.jpg
9hrsad,giant pencil compared to little pencil,1,images/9hrsad.jpg
3e3ieo,beer bubbles,1,images/3e3ieo.jpg
92lxjm,davy crocketts last stand,0,images/92lxjm.jpg
9dq4gz,chipotle gave me half an avocado when i asked for guacomole,1,images/9dq4gz.jpg
cpgap8,mufasa,0,images/cpgap8.jpg
d7bhdj,brazilian bank used the couple from the meme in and ad,1,images/d7bhdj.jpg
cutfrp,the giant spores on the underside of this fern look like they were painted on,1,images/cutfrp.jpg
t074k,door latch is amused,0,images/t074k.jpg
5ojkab,very funny montage with dancing maxes,0,images/5ojkab.jpg
66sbuu,the columbus blue jackets have been killed by an illegal alien,0,images/66sbuu.jpg
8gqcu8,president lincoln surveys the troops circa,0,images/8gqcu8.jpg
9e5p77,jesus carries the cross to his crucifixion jerusalem ad,0,images/9e5p77.jpg
dayn4m,this cat in a costume talking to a goku cosplayer,0,images/dayn4m.jpg
9i5ldt,finger,0,images/9i5ldt.jpg
cpcl12,i found this old school car,1,images/cpcl12.jpg
3bga0w,gorilla skull,0,images/3bga0w.jpg
2ox6xy,ebola fighter so happy with person of the year honor,1,images/2ox6xy.jpg
bp01ab,i got a double yolk today,1,images/bp01ab.jpg
cfgzay,this empty tin i found in a bush in sydney,1,images/cfgzay.jpg
zy3jj,determined vacuum cleaner is prepared to fight filth,0,images/zy3jj.jpg
4vydtc,woman hugging a ditto pillow,1,images/4vydtc.jpg
5cj67i,of sludge in the shop this morning when suddenly,0,images/5cj67i.jpg
bnua3c,so the algorithm in deeplcom was able to find out that exited was misspelled,1,images/bnua3c.jpg
cq0jhq,security guards walk in on jeffrey epsteins suicide,0,images/cq0jhq.jpg
4mjfo4,youll never guess who wrote mcdonalds im lovin it jingle,0,images/4mjfo4.jpg
c15s2j,this weird tree branch in colorado,1,images/c15s2j.jpg
26xf2m,im so thirsty d,0,images/26xf2m.jpg
20ga8y,american automobile association street safety posters late s usa,0,images/20ga8y.jpg
2fp5pa,my hairless rat eating some doritos,1,images/2fp5pa.jpg
de4edf,this rastafari ghost pepper,1,images/de4edf.jpg
3f2qf0,ss ss recruiting poster from belgium,0,images/3f2qf0.jpg
cxso2p,this wet spot that hasnt dried up outside my apartment looks like a face,1,images/cxso2p.jpg
1abtxs,website shows foster kids their wishes are worthwhile,1,images/1abtxs.jpg
b1jsxw,found a north korean bank note in my dads old book,1,images/b1jsxw.jpg
bwgj09,the back up camera lines on my rental look like they were drawn in ms paint,1,images/bwgj09.jpg
6mg4yk,quincy jones day dreaming while still asleep,0,images/6mg4yk.jpg
19w029,gareth bale going for the hole,1,images/19w029.jpg
62fuyp,popping corn in slow motion,0,images/62fuyp.jpg
bxi5nt,she missed her prom years ago at she finally went and was crowned queen,1,images/bxi5nt.jpg
2n3nyx,abbas accuses israel of using wild boars against palestinians,1,images/2n3nyx.jpg
8t15vq,super excited for summer,0,images/8t15vq.jpg
1rk1na,photobama,1,images/1rk1na.jpg
4g36jo,sergio aguero warming up for manchester city,1,images/4g36jo.jpg
1fby2i,boy scout finds cat buried in tornado rubble for six day,1,images/1fby2i.jpg
bltua1,something i made for my album of burned john mayer instagram jams john mayer live on instagram,0,images/bltua1.jpg
8mwi0a,a little girl and a python,1,images/8mwi0a.jpg
4owl72,us to release partial transcripts of florida club gunmans calls,1,images/4owl72.jpg
1ofrf2,wwi austrian poster fourth war bond drive,0,images/1ofrf2.jpg
5i0g63,gingerbread man with a gun,1,images/5i0g63.jpg
2kcxue,lets go forward destroy german invaders and throw them out from our motherland,0,images/2kcxue.jpg
66u6s2,justice department warns sanctuary cities with grant money at risk,1,images/66u6s2.jpg
e6lbqc6,available here,0,images/e6lbqc6.jpg
cigzcy,these are actually opaque granite dividers but it looks like theyre transparent due to the reflections,1,images/cigzcy.jpg
3uy486,hey bender you ever kill a man with a sock,0,images/3uy486.jpg
7plmzs,satanic protest at republican national convention,0,images/7plmzs.jpg
bghmbx,all the trees on campus dropped their fluffy seeds today all of them,1,images/bghmbx.jpg
3ed37c,hello friends,0,images/3ed37c.jpg
jzmzo,wait what,1,images/jzmzo.jpg
4m4oop,teen hacks into north korean facebook using the password password,1,images/4m4oop.jpg
b7rl05,i was told you guys would appreciate my chimney knight,0,images/b7rl05.jpg
6gpwjb,when you realize everything around you is alive,0,images/6gpwjb.jpg
6qgewo,two kittens sleeping in a bowl,1,images/6qgewo.jpg
cln89x,someone down my road repaired their wing mirror with a broken piece of it,1,images/cln89x.jpg
cwfst8,bear in the woods,1,images/cwfst8.jpg
763ewq,moms spaghetti,0,images/763ewq.jpg
9hvjv9,this log telling me where to split it,1,images/9hvjv9.jpg
3n4w2k,antimuslim protests scheduled nationwide global rally for humanity calls on demonstrations in front of mosques across us cities,1,images/3n4w2k.jpg
2r7orj,side by side britannia by james montgomery flagg,0,images/2r7orj.jpg
35lfoe,kingpin at senior prom,1,images/35lfoe.jpg
8s236x,max verstappen on a jet ski,1,images/8s236x.jpg
cde1rp,saw this on rmeme thought it belongs here as well,0,images/cde1rp.jpg
bpsd86,this fuggler doll,1,images/bpsd86.jpg
2aiima,wounded warrior quadruple amputee travis mills im not a sob story,1,images/2aiima.jpg
ddw901,this lollipop my mom got from a business trip half of it is transparent with an edible logo on the inside,1,images/ddw901.jpg
b7hw4v,this smoke detector doesnt say it anywhere on the package,1,images/b7hw4v.jpg
2ffreo,hairy vagina,0,images/2ffreo.jpg
2tts1l,looking up from the bottom of a tomo or sinkhole nz karst country,0,images/2tts1l.jpg
7bqs0s,proudhon opens the first mutual bank,0,images/7bqs0s.jpg
cg3dlb,the difference between a face card and a joker in a old deck of cards,1,images/cg3dlb.jpg
7b83f6,sleeping dog,1,images/7b83f6.jpg
5w56le,chicago pregnant woman among fatally shot in one day,1,images/5w56le.jpg
beqvkp,flexing fox,0,images/beqvkp.jpg
2ef5yb,my cousin hanging off of a ledge,1,images/2ef5yb.jpg
26gcta,smiling happily over the fields,0,images/26gcta.jpg
c7kfp7,nsfw this porn movie came with a nonsex cut of the film so you can watch for the plot,1,images/c7kfp7.jpg
d3en6t,vr therapy helping people with ptsd and other mental health issues,1,images/d3en6t.jpg
awflkz,a public toilets at a shopping centre in the outer suburbs of melbourne has both fire safety and gambling assistance signs in both english and arabic,1,images/awflkz.jpg
8yj47p,a rescue operative leading a stranded thai boy out of the tham luang cave colourized,0,images/8yj47p.jpg
7kkrzj,i went with my gopro during our trip last fall,0,images/7kkrzj.jpg
7repca,acid wash bump in the night,0,images/7repca.jpg
b70a6j,back him up,0,images/b70a6j.jpg
6a8lji,president trump fires fbi director james comey,0,images/6a8lji.jpg
939fsr,til there is a temporary swelling distortion of the contest rule that all texas longhorns can be taught to speak with him then he got a phd in mathematics by years,0,images/939fsr.jpg
ld7m3,spidey the strawberry,0,images/ld7m3.jpg
698jxw,life coolest rock star ever sting just gave one lucky fan a minute head start into the woods before beginning his relentless hunt,0,images/698jxw.jpg
9g7lnc,ceiling of the british museum,1,images/9g7lnc.jpg
awcgbj,art nemesis see hear,0,images/awcgbj.jpg
7wqvk8,found a pic of the higher rate for dolls because they are not human but actually part of a window and catch him with a blanket,0,images/7wqvk8.jpg
b84stp,friends sharpie had the wrong ink cartridge,1,images/b84stp.jpg
1ucnos,met this derp at the zoo,1,images/1ucnos.jpg
7fvfdn,fall sunset,0,images/7fvfdn.jpg
bqwinj,found this at the airport,1,images/bqwinj.jpg
3verbl,when ndgrader john was diagnosed whiv in his principal made sure he was accepted,1,images/3verbl.jpg
atio9h,photograph of the last meeting of the confederate cabinet,0,images/atio9h.jpg
6xmbja,of britons proud of their work whilst enjoy going to work most days,1,images/6xmbja.jpg
69fcel,dracula stepping out of the shadows,0,images/69fcel.jpg
8cg6un,joe biden comforting a visibly nervous mark zuckerberg moments before his senate testimony,0,images/8cg6un.jpg
bbtgh2,jurassic bark bath salty,0,images/bbtgh2.jpg
92dq6i,the united nations fight for freedom,0,images/92dq6i.jpg
8azf6w,operation crossroads luscious isotope,0,images/8azf6w.jpg
bn44a9,my grandpas handwriting practice from,1,images/bn44a9.jpg
8diduk,foamy eyeball,0,images/8diduk.jpg
5y1inv,a man in a suit that doesnt know what to do with his hands,1,images/5y1inv.jpg
clvrw4c,this is an actual thing,0,images/clvrw4c.jpg
87dj7t,chunk of snow,0,images/87dj7t.jpg
cl050f,this chicken tender shaped like a seahorse,1,images/cl050f.jpg
3ila28,bottlenose dolphins spotted for the first time in the baltic since th century,1,images/3ila28.jpg
6zwajd,oh no no no no no no phewww,0,images/6zwajd.jpg
7cef1o,fireballhellcat,0,images/7cef1o.jpg
6n6o2f,google not liable for back taxes in france,1,images/6n6o2f.jpg
b723oi,turkey bacon is released with lackluster response from consumers,0,images/b723oi.jpg
b4dzq4,this pedestrian crossing button with mr t on it in portland or,1,images/b4dzq4.jpg
6h0o8l,marta santaolalla the cellar like swamp water,0,images/6h0o8l.jpg
ci9cms,sisqo and tom green whos holding a coffee machine,1,images/ci9cms.jpg
6exovm,montreal nurse makes tiny superman capes for intensive care babies,1,images/6exovm.jpg
557qxy,this loaded guy with a nose ring,0,images/557qxy.jpg
7qh9c8,against child labor early th century,0,images/7qh9c8.jpg
7d7c97,fox news shepherd smith debunks his networks hillary clinton uranium scandal story infuriates viewers,1,images/7d7c97.jpg
csalwv,found this green pepper that had a mini pepper growing inside of it,1,images/csalwv.jpg
493r5j,josh peck trying to touch the tip of the louvre,1,images/493r5j.jpg
37li9g,pa newspaper sorry we published letter calling for obamas execution,1,images/37li9g.jpg
xb4qh,random woman leads indian olympic team into london stadium,1,images/xb4qh.jpg
5q762r,an undeniably great leader,0,images/5q762r.jpg
c0munq,the wear on helen kellers burial plaque in the national cathedral,1,images/c0munq.jpg
64d5o9,another bon iver album,0,images/64d5o9.jpg
ca9sy5,these old school telephones carved into the limestone on an old s baby bell hq building in downtown cincinnati,1,images/ca9sy5.jpg
81efo0,year old virgin sues his former school for teaching him abstinence,0,images/81efo0.jpg
b82qtw,the amount of progress ive made in days,1,images/b82qtw.jpg
cudiw9,this poor sloth is stuck in a table,0,images/cudiw9.jpg
b4d0t8,my new plaid comforter,0,images/b4d0t8.jpg
2uyiln,worlds oldest man celebrates th birthday,1,images/2uyiln.jpg
8cpo7j,pentatomid bug,1,images/8cpo7j.jpg
6x0m25,guy who just got his balls kicked,1,images/6x0m25.jpg
aznuho,bill to make daylight saving time permanent in washington gains momentum,1,images/aznuho.jpg
aue192,not footprints in snow but snowprints in grass,1,images/aue192.jpg
1itc04,kissing doesnt kill greed and indifference do health poster,0,images/1itc04.jpg
b92oi2,space saved by putting cabinet upside down suspended from the roof in lisbon restaurant,1,images/b92oi2.jpg
1xfhk9,legitimate lincoln for presidency poster,0,images/1xfhk9.jpg
biv4ra,a palo verde blossom on my sunroof,1,images/biv4ra.jpg
4rzn99,targetfellow summon up the blood,0,images/4rzn99.jpg
auif64,it looks like you are looking at his back but then you notice the face,0,images/auif64.jpg
da42pk,my mums happy trouser press likes to stretch before it unpacks the surfboard,0,images/da42pk.jpg
5uyydy,a dj and a guy behind posing as an airplane,1,images/5uyydy.jpg
bqg0vp,yao ming in a crowd,1,images/bqg0vp.jpg
2wrh1w,young girl writes to dc in support of more female superheroes so dc turned her into one,1,images/2wrh1w.jpg
bay5wl,this road has lines in it,1,images/bay5wl.jpg
7ryouy,this is ruan of the chinese moonface guitar species,0,images/7ryouy.jpg
bwhhe9,an old intel circut board,0,images/bwhhe9.jpg
364jf7,cut open a pepper and found a smile,0,images/364jf7.jpg
bo33ap,australian homes are turning to solar power in record numbers,1,images/bo33ap.jpg
76iuxx,bebe gunnerman even the devil thinks youre a dick,0,images/76iuxx.jpg
7vwxs8,this great dane with his toy,1,images/7vwxs8.jpg
dhtx90,overweight pikachu,1,images/dhtx90.jpg
d1egr4,this mans car sheet makes it look like the car is watching me,1,images/d1egr4.jpg
64gaz7,fresh express recalls batch after dead bat found in prepackaged salad,1,images/64gaz7.jpg
7kvbf4,try our delicious new chocolate nut bars,0,images/7kvbf4.jpg
558eln,quiz how many of these rhyming couplets have you heard your plumber whisper into your shower drain,0,images/558eln.jpg
873bnj,mark zuckerburg apologizes for leaking your facebook data to cambridge analytica,0,images/873bnj.jpg
c06zkz,a piece of popcorn that looks like a butterfly,1,images/c06zkz.jpg
b1rvq2,for a stronger america fight crippling arthritis usa s artist unknown,0,images/b1rvq2.jpg
ca1um4,the way that mud dried on the inside of this bucket,1,images/ca1um4.jpg
96v2gh,the earths magnetic poles,0,images/96v2gh.jpg
1flpbi,observatory that looks like planet express hq,1,images/1flpbi.jpg
sq0io,robotic cat face or too much reddit,0,images/sq0io.jpg
as4sjd,a mccainpalin sticker in,1,images/as4sjd.jpg
2sq606,spider in a web,0,images/2sq606.jpg
3milfm,britishers youre needed come across now a rare and scarce ukcommisioned but usprinted poster encouraging and recruiting englishmen living in the us to go to europe to fight for britain maybe before the us entered ww united kingdom us world war i recruiting patriotism,0,images/3milfm.jpg
4j2i5u,honor at last former slaves reburied centuries later,1,images/4j2i5u.jpg
984yxp,this extra info on this package appears to be my friend didnt know he stepped in gum,0,images/984yxp.jpg
6lq64f,the real hurdle to singlepayer health care scared democrats,1,images/6lq64f.jpg
6vq1h8,google starting to prompt users with a quiz if it thinks theyre depressed,1,images/6vq1h8.jpg
6cr4rm,im drowning,0,images/6cr4rm.jpg
6m96dp,bryan cranston photobombing,1,images/6m96dp.jpg
cimhnp,this gorilla themed italian in wales have a pineapple corkage fee,1,images/cimhnp.jpg
6sbspf,sad air conditioner,0,images/6sbspf.jpg
6ak93j,humansized rat trap used to stop campaign sign thefts,1,images/6ak93j.jpg
18zgo2,penguin photographer,1,images/18zgo2.jpg
1sddxl,honeyim home,0,images/1sddxl.jpg
b19o33,one of my bruises is in the shape of a heart but if you look at all three it looks like a ghost too,1,images/b19o33.jpg
bec7nu,this giant cheeto i got ps controller for scale,1,images/bec7nu.jpg
1d3hn4,how the church has planted their religion in spain republican poster spanish civil war antifascism,0,images/1d3hn4.jpg
4i9sks,look at this tiny bunch of bananas,0,images/4i9sks.jpg
2hd494,guy jumping over fire at a spartan race,1,images/2hd494.jpg
bh5c5y,donald trump being elected president,0,images/bh5c5y.jpg
be8h99,very strange flavor combo carmel cheetos,1,images/be8h99.jpg
bsjryr,rare photo of the mass suicide at jonestown,0,images/bsjryr.jpg
6fmuz7,more than cities counties states universities and businesses pledge to hold to paris agreement standards on climate change despite trumps pull out,1,images/6fmuz7.jpg
5vf2os,obese man loses half his weight after excessive bullying,1,images/5vf2os.jpg
8tb8hx,a traditional brazilian capoeira dance happens in bahia brazil,0,images/8tb8hx.jpg
4w5tjo,philadelphia to its residents dont swim in dumpsters,1,images/4w5tjo.jpg
9bxtzh,apartments in hong kong,1,images/9bxtzh.jpg
9326qd,every time i get home from work i see your baby musk ox and i raise you a baby aardwolf,0,images/9326qd.jpg
60dml0,palestinian poster with a map of a united independent palestine date unknown,0,images/60dml0.jpg
5u94wl,if you wonder how trump got elected,0,images/5u94wl.jpg
8674ip,the wearable brain scanner that one can move around in,1,images/8674ip.jpg
7e1jfo,gop tax bill is the end of all economic sanity in washington,1,images/7e1jfo.jpg
24ja5r,kanye looks a little down,1,images/24ja5r.jpg
34bzne,look at this evil grin,0,images/34bzne.jpg
81zn5g,paul ryan resents humble midwestern stereotype i fcking hate the working class,0,images/81zn5g.jpg
bl1mxz,stoplights of mini are formed like union jack,1,images/bl1mxz.jpg
5fqvcr,msm admits soros donated million this week guess where it went,0,images/5fqvcr.jpg
cwumha,beyond nukes how scientists dream of killing hurricanes,1,images/cwumha.jpg
azt1i4,in maine usa the highway signs give distances in both miles and kilometers,1,images/azt1i4.jpg
5r3lsb,trump insists that now more than ever americans must stand strong in face of empathy,0,images/5r3lsb.jpg
d8djni,this roll of toilet paper has two small cardboard rolls instead of one,1,images/d8djni.jpg
5xrhkd,these faces at the inauguration,1,images/5xrhkd.jpg
czordt,this bisons face,1,images/czordt.jpg
30lmr0,sky lantern,1,images/30lmr0.jpg
896opb,imagine dragons breathe,0,images/896opb.jpg
2p5bwg,fire department gives back after fire,1,images/2p5bwg.jpg
cu2p7k,im i trippin or this whale looks like an albino charizard,1,images/cu2p7k.jpg
5z8q02,buttshroom,0,images/5z8q02.jpg
68qcb9,the horse that saved his own life by painting,1,images/68qcb9.jpg
beehkn,egg with a nipple,1,images/beehkn.jpg
6240l0,waterheater robot,0,images/6240l0.jpg
3jy5w4,this redditors mums puppy,1,images/3jy5w4.jpg
9hab6o,everyone must take part in protecting the environment vietnam date unknown,0,images/9hab6o.jpg
btflc3,drunk donkey with long dick at local restaurant oc,1,images/btflc3.jpg
ck7ah1,the manual of my new fridge shows what it normally sounds like by comparing it to other things,1,images/ck7ah1.jpg
5s20kq,fighting squirrels,1,images/5s20kq.jpg
cwp9r9,dildo package on the sidewalk,1,images/cwp9r9.jpg
cjpa8q,footage of a failed assassination attempt on hitler,0,images/cjpa8q.jpg
3l1dlh,rick perry megadonor wants his million back,1,images/3l1dlh.jpg
1dhs34,guy racing the tough mudder,1,images/1dhs34.jpg
auvhuj,this sign on my college campus,1,images/auvhuj.jpg
1jmf28,man holding fish with bear in background,1,images/1jmf28.jpg
7t1m39,chans the rapper chancid rap,0,images/7t1m39.jpg
3l58eq,adults go wild over latest in childrens picture book series,0,images/3l58eq.jpg
d9rya7,some tree graffiti i discovered today thought you might find it mildly well you know,1,images/d9rya7.jpg
cnbxml,sad clown,0,images/cnbxml.jpg
2nh3ed,giddy irishman dance moves,1,images/2nh3ed.jpg
1tyecu,woman inspecting products in a cheetos factory,0,images/1tyecu.jpg
cr8gll,this tony stark car i found,1,images/cr8gll.jpg
3kfmow,cereal banned from zimbabwe schools after pupils use it to brew beer,1,images/3kfmow.jpg
b4voma,this window reflection,1,images/b4voma.jpg
z0tin,the gate keeper,0,images/z0tin.jpg
bsv2a9,this mustached fellow watches the neighborhood for us,0,images/bsv2a9.jpg
17bq44,fireplace and pictures arehappy shocked sleepy,0,images/17bq44.jpg
87ilnh,this dog jumping towards his friend,1,images/87ilnh.jpg
8cvdjp,bed ridden for a simple tuna sandwich and marble loaf cake,0,images/8cvdjp.jpg
27k13j,its bedtime,1,images/27k13j.jpg
at5lim,arkansas couple drives homeless man thought to be dead miles to his family in illinois,1,images/at5lim.jpg
bghodl,leaning tower of lire made by a dumb construction worker all balance no glue,1,images/bghodl.jpg
413b2w,this large mess pulled from a sewer,1,images/413b2w.jpg
2f03q2,hello this is liberty speaking billions of dollars are needed and needed now,0,images/2f03q2.jpg
ca31hd,beef flavoured sausages,1,images/ca31hd.jpg
d148sd,asteroid warning esas chilling imminent earthstrike prediction millions to evacuate,0,images/d148sd.jpg
c64468,just a guy to hold this beer,0,images/c64468.jpg
6derhf,an ice cream melting on the floor,1,images/6derhf.jpg
56569a,firefox new fancy logo,0,images/56569a.jpg
9jbgds,kid playing with slime foam,1,images/9jbgds.jpg
8jurp0,two bridges,0,images/8jurp0.jpg
bni371,the elephant balancing on wineglasses logo on this glass,1,images/bni371.jpg
92abfv,cohen says trump knew about trump tower meeting with russians,1,images/92abfv.jpg
6hx82v,alien band with mullets,0,images/6hx82v.jpg
ar43am,the man who liked the dmv too much employees say stalker wouldnt stop buying pizzas,1,images/ar43am.jpg
cra0v5,i can almost each the plant,0,images/cra0v5.jpg
bhcvgb,crazy csection scar,0,images/bhcvgb.jpg
5zxf42,rare photo of ronald reagan meeting donald trump to discuss fiscal policy,0,images/5zxf42.jpg
9io2yt,extruded horse brick pattern on side of house,1,images/9io2yt.jpg
1yp8s9,boy with cancer who planned his own funeral faces his toughest testcoping with his recovery,1,images/1yp8s9.jpg
8wh9xi,coffee,0,images/8wh9xi.jpg
cpnphc,sufi dancer led lamps in costume,1,images/cpnphc.jpg
b603pc,chad x,0,images/b603pc.jpg
1k7iam,super happy homeless guy in downtown houston,1,images/1k7iam.jpg
d9apa5,my water is now holy water due to a reflection from my tv,1,images/d9apa5.jpg
d6ggmr,jesus is that you,0,images/d6ggmr.jpg
bgqqv1,new public restroom before the stalls are placed,1,images/bgqqv1.jpg
6imcrd,triple h posing in a london bobbys helmet,1,images/6imcrd.jpg
c9jy4l,the battle of baggage claim,0,images/c9jy4l.jpg
121xp3,big ol shark ready to munch on some goodies,1,images/121xp3.jpg
5egjmi,skydivers leg gets caught in a falling tree,0,images/5egjmi.jpg
1pp7ni,dell offers to fix laptops that smell like cat pee,1,images/1pp7ni.jpg
4niwkm,desperately trying to open android jelly bean,1,images/4niwkm.jpg
3ezzc6,affable antisemite thinks the jews are doing super job with the media,0,images/3ezzc6.jpg
6e6qvs,fireworks at navy pier chicago,1,images/6e6qvs.jpg
2g83t0,weve done it before lets do it again young cancer patient asks for mail on his th birthday sept,1,images/2g83t0.jpg
9ctzyh,my glass frame has made in usa written over made in china,1,images/9ctzyh.jpg
c7dzjwd,wat,0,images/c7dzjwd.jpg
32mjd4,why is your millennial crying,0,images/32mjd4.jpg
5te2hs,this cat in a squash,1,images/5te2hs.jpg
90ybiq,lake ontop of a cliff,0,images/90ybiq.jpg
di9wsw,hes found in the ocean,0,images/di9wsw.jpg
1wfgae,my son showing me his boo boo,1,images/1wfgae.jpg
7yyxc4,the underside of jupiter,1,images/7yyxc4.jpg
aw7rwg,shopping carts stuck in ice,1,images/aw7rwg.jpg
3hw4lj,alex rodriguez with a sheet of cookie dough,1,images/3hw4lj.jpg
clw6tk,the pattern on my coffee spoon this morning,1,images/clw6tk.jpg
44ep1b,best face swap of all time,0,images/44ep1b.jpg
8umi4f,dont feed the troll in the oval office,1,images/8umi4f.jpg
1ug02w,republican poster in support of the irish republican army ira s,0,images/1ug02w.jpg
atksr4,today on my way to work and saw these clouds they go in a full circles around the city,1,images/atksr4.jpg
1hpfl5,ice puppy,0,images/1hpfl5.jpg
bl4sff,i was looking at a giant map of my city and noticed we have an area known as blandtown exciting,1,images/bl4sff.jpg
c01snv,found a lizard trying to stay cool in our dogs water,1,images/c01snv.jpg
5v73la,german infantryman in the battle of kursk colorised,0,images/5v73la.jpg
bsr2ct,new herovillain of the upcoming obi wan series,1,images/bsr2ct.jpg
5ixf3f,cable box buddy,0,images/5ixf3f.jpg
8r1mv0,the rippling reflection of this crap and enough of the santorini caldera from the noclip documentary,0,images/8r1mv0.jpg
4by3vp,this is the best meme for this leek so they can find them,0,images/4by3vp.jpg
1rhkrx,sometimes the horror just cant be ignored,0,images/1rhkrx.jpg
c1gfpg,couple uses shopping spree win to stock up groceries for calgary food bank,1,images/c1gfpg.jpg
4ssiph,australian man admits to amateur testicle surgery,1,images/4ssiph.jpg
b27y0h,the green chicago river for st patricks day,1,images/b27y0h.jpg
8emkeo,hoax flat earth society,0,images/8emkeo.jpg
2yle1g,man throws baby to escape police,1,images/2yle1g.jpg
bnq8d2,my park has a dog water fountain,1,images/bnq8d2.jpg
9hmgvv,the way the bubbles lined up on the surface of soaked sprouts in a perfect circle,1,images/9hmgvv.jpg
92173y,face in a flower oc,0,images/92173y.jpg
bo84mv,pink floyd releases their th studio album atom heart mother,0,images/bo84mv.jpg
90d4ey,its an arm and a legand a stoned looking cat,0,images/90d4ey.jpg
75b2ip,a bunny standing up,1,images/75b2ip.jpg
bfs3de,easter bunny zombie,1,images/bfs3de.jpg
7l1e3w,texas elementary school flooded with blankets after girls plaintive letter to santa asks only for food a blanket and a ball for her brothers to play with,1,images/7l1e3w.jpg
4qqfe5,no engine and with the save,0,images/4qqfe5.jpg
931k0x,i just downloaded a bunch of books i might have to login twice any solution,0,images/931k0x.jpg
268tby,my competitive coworker playing ping pong,1,images/268tby.jpg
4szpg2,this eager cat,1,images/4szpg2.jpg
10mu9f,let me just get my books out of my gorilla,0,images/10mu9f.jpg
6q7c59,new grater feels great to have a new home,0,images/6q7c59.jpg
b2msk2,man bravely assassinates hitler,0,images/b2msk2.jpg
b7fwzn,prince charles with a blue iguana,1,images/b7fwzn.jpg
92bvbt,scientists confirm einsteins supermassive black hole theory,1,images/92bvbt.jpg
1yzjkd,aids cured says egypts military,1,images/1yzjkd.jpg
6umb9f,the russian election connection sokolnikov speaks,0,images/6umb9f.jpg
1b5k07,he has risen and just in time for easter too,0,images/1b5k07.jpg
7lw2cw,this neanderthal hiding in my candle,0,images/7lw2cw.jpg
d5zp0v,a water spot on my pants has its own electrons,1,images/d5zp0v.jpg
b23btd,vanta black memoirs to remember me by,0,images/b23btd.jpg
drz0orr,arnold schwarzenegger enjoying nature,0,images/drz0orr.jpg
9e2wzz,because theres more ad campaign circa s for kro a catholic broadcasting organisation on dutch public broadcasting,0,images/9e2wzz.jpg
cjz5aa,this mike and ike candy is a ball,1,images/cjz5aa.jpg
avd4ay,wifes makeup looks like the profile of a person wearing glasses,0,images/avd4ay.jpg
cvolg1,the way my binder rings open,1,images/cvolg1.jpg
chdhsl,peanut butter and jam sandwich moulds from the center,0,images/chdhsl.jpg
9dc2tt,president donald trump reacts to an anonymous oped piece published by the new york times,0,images/9dc2tt.jpg
cjmscl,a surprised frog in my grandparents garage,0,images/cjmscl.jpg
22pwf0,good morning,0,images/22pwf0.jpg
5odfd1,but the first time he talked about immigration as a stack of paper i had a look of pure joy,0,images/5odfd1.jpg
1x50fk,trailer hitch is ecstatic to meet you,0,images/1x50fk.jpg
by9cuu,popping out at mooney falls,0,images/by9cuu.jpg
90woxp,clouds,0,images/90woxp.jpg
1lynse,my radio is a koala,0,images/1lynse.jpg
bndu14,this texas magnet was made in canada,1,images/bndu14.jpg
8ofe8p,my dog is also long,0,images/8ofe8p.jpg
412g4a,father accused of murdering son because teenage girlfriend disliked children,1,images/412g4a.jpg
1ec24s,the annoying high schoolers from the show community,1,images/1ec24s.jpg
6zvpy1,one of hannibals elephants struggling to get over the alps ca bc,0,images/6zvpy1.jpg
2rcmy6,psychic girl tells man hell have dildo sex with his gran so he smashes up her car,1,images/2rcmy6.jpg
bn6t5k,plastic straws are out ron desantis vetoes prohibition of local straw bans,1,images/bn6t5k.jpg
2nahd3,my friend playing badminton,1,images/2nahd3.jpg
9b38yr,the hotel im staying at keeps bees on its roof,1,images/9b38yr.jpg
4zk3er,youll never be able to unlearn what figs are,0,images/4zk3er.jpg
8499s9,satisfactory progress deep end,0,images/8499s9.jpg
1q81z1,klingon warrior elected to ny town board,1,images/1q81z1.jpg
cuvn37,this cluster if roundabouts in my home town,1,images/cuvn37.jpg
8rogmh,when u experiment with different ways of mounting stored sockets,0,images/8rogmh.jpg
bwm25u,this cat with ehlersdanlos syndrome,1,images/bwm25u.jpg
c6mq4v,this rock i found on the beach looks like a fried egg,1,images/c6mq4v.jpg
s3bv2,the year was and a superhero costume was required,1,images/s3bv2.jpg
dktttp,my vanadinite specimen looks like sugar coated chicken,1,images/dktttp.jpg
1e3clf,hail the great creator,1,images/1e3clf.jpg
1wuyne,is it a bird is it a plane,0,images/1wuyne.jpg
7v65rs,vote in the streets antigop convention protest,0,images/7v65rs.jpg
3e4iyj,chief wana dubie promises to smoke blunt in senate race,1,images/3e4iyj.jpg
44ro0p,jackpot got a giant chunk of cookie in my cookies and cream ice cream,0,images/44ro0p.jpg
6itbpd,this picture i took of a headlamp in a cave looks like a person or the devil,0,images/6itbpd.jpg
2x7ze7,madonna holding up horns on stage,1,images/2x7ze7.jpg
5hgiz9,john glenn dead at,0,images/5hgiz9.jpg
995vju,a close up picture of a hummingbird,1,images/995vju.jpg
4fmqx0,spider web built between two strands of barbed wire covered in dew,1,images/4fmqx0.jpg
dhzyki,trial vaccine wipes out breast cancer in florida patient,1,images/dhzyki.jpg
5k4ox2,cat staring at lamp,1,images/5k4ox2.jpg
5rrtih,the freax nuclear winter wonderland,0,images/5rrtih.jpg
1bv4b3,carry out family planning implement the basic national policy by zhou yuwei,0,images/1bv4b3.jpg
69pg1p,ways to lower your restaurant bill straight from employees,0,images/69pg1p.jpg
dl4h7p,i have a toy yoda in my toyota,1,images/dl4h7p.jpg
42h4rh,what happened when the creepy antagonist has sex he takes off his shirt but when the sexy protagonist has sex they show him unzip his pants,0,images/42h4rh.jpg
6jekcm,this happy toothless toothbrush holder,0,images/6jekcm.jpg
44r025,swiss cheddar hot sauce all on a hotpocket youre missing out,0,images/44r025.jpg
d29z6j,this old keychain that chooses your lotto numbers for you,1,images/d29z6j.jpg
5ukcak,steve bannon and jared kushner,1,images/5ukcak.jpg
5ahaju,west urges key figures in libya to compromise as economic chaos looms,1,images/5ahaju.jpg
5lqfvy,ill delete this tomorrow,0,images/5lqfvy.jpg
5aj7l9,the tiniest towns in new jersey theyre really small,0,images/5aj7l9.jpg
90fq8k,the bride waterfall in peru,0,images/90fq8k.jpg
2mfekc,a robot in awe or the end of a milling vice,0,images/2mfekc.jpg
at1b5h,a video in my recommended feed says it was posted years ago,1,images/at1b5h.jpg
cipf4r,four leaf clovers in one spot,1,images/cipf4r.jpg
av6eil,house votes to block trumps border emergency declaration,1,images/av6eil.jpg
cortnr,a toilet in the center of a bathroom facing the window,1,images/cortnr.jpg
bxtdrq,an orioles coke bottle ive saved since,1,images/bxtdrq.jpg
30aewe,phil robertson slammed for imagined tale of an atheist familys rape and murder,1,images/30aewe.jpg
3cbi73,boat pier,1,images/3cbi73.jpg
bok8yv,vatican aide defies police to restore power to homeless shelter,1,images/bok8yv.jpg
d786h8,discussion on what christ the redeemer should look like circa,0,images/d786h8.jpg
cu8eo8,i made an iceberg made of caprisun,1,images/cu8eo8.jpg
8px6yg,serial poopers what makes people poo in public places,1,images/8px6yg.jpg
4cs32i,dog posing with his mixed family,1,images/4cs32i.jpg
5hddj2,a day in aliens who recognized us as the day when i noticed my neighbor propped her window open with some advice,0,images/5hddj2.jpg
cww9o1,i feel happy for this old woman,1,images/cww9o1.jpg
5bzs71,in mahabalipuram india a huge boulder named vaan irai kal or krishnas butterball or krishnas gigantic butterball,1,images/5bzs71.jpg
7fa4bu,schizophrenia angry avatars help people stop hearing voices by shouting at them,1,images/7fa4bu.jpg
76erpw,these girls,0,images/76erpw.jpg
3mczwj,an axe,0,images/3mczwj.jpg
7kwu85,tax bill moves to senate after house passage along party lines,1,images/7kwu85.jpg
1wssvt,a falling feather,0,images/1wssvt.jpg
5nvd80,the elephants on my glass were trying to summon demons,0,images/5nvd80.jpg
6p9r8w,twin basketball courts,1,images/6p9r8w.jpg
1fs7ub,leaked top secret document shows verizon is supplying phone call data to the nsa,1,images/1fs7ub.jpg
1ghzg2,raw sewage leak at oakland coliseum forces athletics mariners to share locker room,1,images/1ghzg2.jpg
5kx495,tiny usb plug with face tats,0,images/5kx495.jpg
bxvx72,scientist create a visualisation of what taking lsd is like,0,images/bxvx72.jpg
csog3a,this extra long cinnamon toast crunch i found in my cereal,1,images/csog3a.jpg
84z3em,stephen hawkings last television interview,0,images/84z3em.jpg
3wbj96,this kia dealership knows how to dress like the freshest kids,0,images/3wbj96.jpg
2srcnl,humble baronets doubt and pain and death x,0,images/2srcnl.jpg
8fsblq,chubby cats hill climbs takes her to hearts of kanagawa locals,1,images/8fsblq.jpg
8rtdyd,my kayak looks like its slightly happy to see me,0,images/8rtdyd.jpg
3g1loh,elmo and kate mara on despierta america,1,images/3g1loh.jpg
4ixww1,trump drops a sizzling new attack ad against hillary the last seconds is giving people chills,0,images/4ixww1.jpg
6htqvi,emerald squid,1,images/6htqvi.jpg
d0kcbq,how the hot metal powder packed together at the back of a miter saw,1,images/d0kcbq.jpg
1izhy6,just went grocery shopping,1,images/1izhy6.jpg
6ixntk,your pain is my bliss,0,images/6ixntk.jpg
b301c2,ants invade phone,0,images/b301c2.jpg
cyu900,this corgis butt shape,1,images/cyu900.jpg
18kdiz,my serious face picture on my halfmarathon event,1,images/18kdiz.jpg
i1m84,patooie heres your food,0,images/i1m84.jpg
1mmn22,this dude is shocked i want his innards napkins,0,images/1mmn22.jpg
7o4q09,this guy jumping off of a swing set,1,images/7o4q09.jpg
5cx2hw,new zealand builds tunnels below the roads for penguins to cross safely,1,images/5cx2hw.jpg
5hi88d,im hooked on this,0,images/5hi88d.jpg
eu9o76h,that be scary stuff going on,0,images/eu9o76h.jpg
9k9d4c,jersey shore from a plane,1,images/9k9d4c.jpg
cft96t,i just renewed my cars registration at a kiosk in a grocery store,1,images/cft96t.jpg
8671m5,police austin bomber left minute confession on phone,1,images/8671m5.jpg
8w4z11,crumb locket,0,images/8w4z11.jpg
3mgs7w,video of a dog trapped underground by russian workers being rescued,1,images/3mgs7w.jpg
b5wa79,the face just under the tail of an f phantom,0,images/b5wa79.jpg
asqm15,united arab republic,0,images/asqm15.jpg
5ritqp,ryan williams doing the front bike flip,1,images/5ritqp.jpg
986aog,tony robbins first speech,0,images/986aog.jpg
6j4ld2,san carlos foundation his intellect and his decency,0,images/6j4ld2.jpg
9j4jwa,i used all the ink in my pen,1,images/9j4jwa.jpg
608oew,dog pursin i am retardedorphangenius,0,images/608oew.jpg
u7guq,emotional bureau,0,images/u7guq.jpg
cbsobh,the british exploits the natives colourized,0,images/cbsobh.jpg
9hpdds,osama bin landen reacting to the news of his successful terror plot,0,images/9hpdds.jpg
2n4gdf,i am not a nazi explains virginia doctor who hung swastika outside his home,1,images/2n4gdf.jpg
9axs1f,are you naziphobic,0,images/9axs1f.jpg
5ccdr7,gorilla coffee,0,images/5ccdr7.jpg
bl0y11,i put a pill in water and it blew up,1,images/bl0y11.jpg
cr9l91,my chip cone has a sauce holder,1,images/cr9l91.jpg
5kjr4b,josef mengeles auschwitz laboratory bw,0,images/5kjr4b.jpg
bkfgz3,bald man burping,0,images/bkfgz3.jpg
8sn253,a giant,0,images/8sn253.jpg
83xg5p,malice til death do us part requested by ushurdi,0,images/83xg5p.jpg
bbyhao,the soap bubble stack in my air fryer when i went to soak it,1,images/bbyhao.jpg
888rox,satanists eat for free give my love to rock and roll chinese edition,0,images/888rox.jpg
5h64r9,belgian special forces hanging on a rope,1,images/5h64r9.jpg
8hfdz9,a pilots view flying over the atlantic amazing,0,images/8hfdz9.jpg
bu5tec,these pens at my sisters hairstylist,1,images/bu5tec.jpg
57fcrj,politician leaning to help with other politicians speech while another smiles at camera with mustache,1,images/57fcrj.jpg
1b8sbf,lil wayne is pretty chill about almost dying and tmz almost killing him,1,images/1b8sbf.jpg
cnbhho,i was riding my bike and i saw this can anyone explain lol,1,images/cnbhho.jpg
2skvdu,portlanders struggle to say goodbye to airport carpet,1,images/2skvdu.jpg
dhkdtg,artist ramdayo,0,images/dhkdtg.jpg
c8k2ed,wastelander ends of the earth,0,images/c8k2ed.jpg
bqwovq,ben shapiro shows how small his penis is,0,images/bqwovq.jpg
asjsra,moments before the death of tupac shakur,0,images/asjsra.jpg
cgiqgz,this was all that was in my bag of cheeto puffs and they were just chunks of cheese dust,1,images/cgiqgz.jpg
5c3ghp,crowning achievement donald trump has just accomplished his lifelong goal of kicking the nations most powerful black family out of their house,0,images/5c3ghp.jpg
8qax3t,request this painted globe,0,images/8qax3t.jpg
2ipi5d,white woman defends black man from us police,1,images/2ipi5d.jpg
cu23q9,my mileage when i got home from work was a palindrome,1,images/cu23q9.jpg
c1lta2,fec chair didnt think id need to clarify but taking foreign dirt is illegal,1,images/c1lta2.jpg
ask33j,the same photo on two different subreddits right next to each other,1,images/ask33j.jpg
cwkd5x,my friend found a ladybug with inverted colors,1,images/cwkd5x.jpg
ck7zpa,south jersey man making children battling cancers lives brighter with customized cars,1,images/ck7zpa.jpg
69ysmw,obama warned trump against hiring mike flynn say officials,1,images/69ysmw.jpg
5ye8on,f driver looking into camera while offtrack,1,images/5ye8on.jpg
58ha66,how do i go about mailing this to the top result when you search winner,0,images/58ha66.jpg
952wnu,police officer jumps off overpass to save boys life in daring new york rescue,1,images/952wnu.jpg
6otbvj,squirrel scratching itself,1,images/6otbvj.jpg
72gicc,white house trump attacking nfl players doesnt mean he doesnt care about hurricanestricken puerto rico,1,images/72gicc.jpg
8insz1,s y n t h drive,0,images/8insz1.jpg
djcf7c,judgmental church tower appalled by the partygoers below,0,images/djcf7c.jpg
2va8lb,hidden hotline only kids can see this lenticular message urging them to report abuse get help,1,images/2va8lb.jpg
b3rkn6,people playing uno while stuck in traffic in mexico,1,images/b3rkn6.jpg
5jggw7,no one knew who i was until i lost the mask,0,images/5jggw7.jpg
2h439d,no pplease i dont wanna get squashed,0,images/2h439d.jpg
6vi9mn,melania trump thanks chelsea clinton for defending barron trump after website bashes his clothes,1,images/6vi9mn.jpg
1rmyn4,italian politician ghedinis head on the window sill,1,images/1rmyn4.jpg
b52epz,found my original release tmnts,1,images/b52epz.jpg
4xlbw5,are lefties really more creative,0,images/4xlbw5.jpg
4gpf59,the ripples of the musculature on this hugh jackman ad,0,images/4gpf59.jpg
2auf8r,this gymnast on the beam,1,images/2auf8r.jpg
15elfu,girlfriends grumpy heater,0,images/15elfu.jpg
6fdz1c,a nazi soldier getting ready for battle,0,images/6fdz1c.jpg
3i996v,man competes during the high dive final in russia,1,images/3i996v.jpg
2n0ity,a bird just left me this lovely selfportrait,0,images/2n0ity.jpg
cygfns,shredded tiger doing a pushup,0,images/cygfns.jpg
1dmcuv,dash cams capture inspiring acts of human kindness,1,images/1dmcuv.jpg
75ea4c,my table is very happy,0,images/75ea4c.jpg
2au3mp,square watermelons are selling despite the price tag,1,images/2au3mp.jpg
2boplc,caught my blue moon mooning me,0,images/2boplc.jpg
532gvk,us house panel slams snowden for causing tremendous damage to us national security lying about his background and feuding with coworkers now with less inflammatory title,1,images/532gvk.jpg
57eycv,that boys got the bus this morning,0,images/57eycv.jpg
8dh7vx,mike pompeo defects to north korea after learning about kim jonguns torture program,0,images/8dh7vx.jpg
4vcs0y,police arkansan accused of recording woman in shower tells officers he intended to film himself urinating,1,images/4vcs0y.jpg
93itf3,homeless man gets hundreds of job offers after passing out his resume on highway median,1,images/93itf3.jpg
11c89a,undertaker sues german dominatrix for hurting him,1,images/11c89a.jpg
browwo,aliens attacking the un headquarters this is part of the broken chair sculpture in front,0,images/browwo.jpg
6ypd7t,customer at orlando lowes gives last generator to fellow shopper next in line to purchase one as the last unit was sold she needed it to help care for her sick father duringafter hurricane irma,1,images/6ypd7t.jpg
2ss5dx,intimate moment between obama and biden,1,images/2ss5dx.jpg
5b821s,am i really a visual learner,0,images/5b821s.jpg
1w2jq1,snap crackle pot new jersey man accused of selling rice krispies as marijuana,1,images/1w2jq1.jpg
aubg02,thought this picture of newcastles almiron belonged here,0,images/aubg02.jpg
9dtn5k,coin eater defender of the shopping cart,0,images/9dtn5k.jpg
9ej4hi,saw this on the upstairs escalator today at the galleria mall near fort lauderdale i guess those crocs arent immune to being sucked up by an escalator i hope the little girls toes didnt get hurt in the process and that she was able to get her toes out before the escalator ate up her crocs,1,images/9ej4hi.jpg
2dvn0o,you consider my job demeaning but i am perfectly satisfied,0,images/2dvn0o.jpg
bbwu6r,barr obliterates honest broker persona with spying comment,1,images/bbwu6r.jpg
2o802s,mckayla maroney with a bird,1,images/2o802s.jpg
9foxk1,fried chicken legs,0,images/9foxk1.jpg
ccm4s3,b discusses the nature of men,0,images/ccm4s3.jpg
2b7fxq,miss idaho wears an insulin pump on her bikini during a swimsuit competition and becomes a hero to the young type diabetes community,1,images/2b7fxq.jpg
8k8nok,not porn,0,images/8k8nok.jpg
7uzut7,disgusted,0,images/7uzut7.jpg
7dzoid,obscure footage of pastor joel osteen proselytizing to nonbelievers,0,images/7dzoid.jpg
1hle5e,water vapor map or dogs face,0,images/1hle5e.jpg
94asdu,nazi generals prepare for the battle of stalingrad,0,images/94asdu.jpg
bechr0,the american revolutionaries writing the declaration of independence to be sent to england,0,images/bechr0.jpg
97xzy6,karl marx radicalises a young child,0,images/97xzy6.jpg
akfipb,cleaning out my cupboard this afternoon realized this peanut butter i bought years ago expires today,1,images/akfipb.jpg
7clcsy,acid attack survivor who was blinded when she was doused by scorned admirer has found love with a man she met while recovering in hospital,1,images/7clcsy.jpg
8z34p1,antoine griezmann holding the match ball after winning the world cup for france circa very,0,images/8z34p1.jpg
cjpvgj,a soccer player kicking up a ball oh please tell me you see it too,0,images/cjpvgj.jpg
8bh0mx,the exclusive inside scoop on our secure borders now freedom is dover,0,images/8bh0mx.jpg
eh05mfb,available here,0,images/eh05mfb.jpg
47rzpz,you wont believe who just endorsed the donald trump,0,images/47rzpz.jpg
9yb5lw,reallife indiana jones tracks down a yearold mosaic stolen from cyprus,1,images/9yb5lw.jpg
da3hbh,a raccoon standing in from of a house,1,images/da3hbh.jpg
4kufne,fisherman with his fish catching bird,1,images/4kufne.jpg
bvqw7f,tatoosh range from camp muir mt rainier national park wa,1,images/bvqw7f.jpg
58yyi3,top lowest crowd times of the year at disney world,0,images/58yyi3.jpg
6a0nl3,the aussie the abandoned boy and chinas onechild policy,1,images/6a0nl3.jpg
29svop,a giant robot is attacking this bridge,0,images/29svop.jpg
b2pdqp,how thick these posters are on this pole,1,images/b2pdqp.jpg
b2bvhx,frozen beach stones taken in nelson bc,1,images/b2bvhx.jpg
2b0mxy,the cotton bowl is eating people,0,images/2b0mxy.jpg
73cy8j,hot takes and hatred knock yourself out,0,images/73cy8j.jpg
be8rcr,carls jr set to become first major fastfood chain to debut cbdinfused burger on,1,images/be8rcr.jpg
c1x70o,cheeto shaped like an upvote,1,images/c1x70o.jpg
3haqps,ticket to armistice japanese leaflet dropped on allied troops wwii,0,images/3haqps.jpg
cs5pap,bnp paribas says the party is over for oil companies the economics of oil for gasoline and diesel vehicles versus wind and solarpowered evs are now in relentless and irreversible decline,1,images/cs5pap.jpg
55l1qu,antonio brown getting ready for kickoff,1,images/55l1qu.jpg
d7g9gq,this small egg,1,images/d7g9gq.jpg
1oo2g0,my mom used to prank my brother and me but decided to stop because our retaliations were getting too intense,1,images/1oo2g0.jpg
1l53ef,spider with his hands up c,1,images/1l53ef.jpg
bcgnd7,new japanese currency format,1,images/bcgnd7.jpg
b6p1jq,postarticle pepe memes,0,images/b6p1jq.jpg
5adbro,fbi director james coney accused of breaking law as hillary clintons point lead wiped out monday us election briefing,1,images/5adbro.jpg
524r0p,disabled kitty sits attentively,1,images/524r0p.jpg
8d5ld1,dog in passenger seat giving a look,1,images/8d5ld1.jpg
7o7zjv,teenager after having porn magazine taken of him,0,images/7o7zjv.jpg
743hes,a diagram from a book about deepdish sicilian pizza vs the modern more traditional style of pizzamaking from my culinary textbook,0,images/743hes.jpg
9k5zwi,piotr coltu insymmetry,0,images/9k5zwi.jpg
431a0k,bats shovel and tricycle used in iowa city melee,1,images/431a0k.jpg
4jh09d,woof,0,images/4jh09d.jpg
7k7zbh,cape town aquarium releases its most iconic loggerhead turtle,1,images/7k7zbh.jpg
4yxma6,buffalo jump canada oc x px oc,0,images/4yxma6.jpg
2swzon,wiped my face on this napkin and it came out looking like some suspicious eyes,0,images/2swzon.jpg
5uu7li,mom finds mysterious fragrant lump in her bathroom then realizes something horrifying,0,images/5uu7li.jpg
cpwnw8,this piece of wood that looks photoshopped its on a window,1,images/cpwnw8.jpg
4o2zao,united states military remains skeptical amidst claims that isis leader albaghdadi was killed in an air strike,1,images/4o2zao.jpg
4hqa6q,when you go all out for a new alltime national league record for the no,0,images/4hqa6q.jpg
9bfg84,some vines started growing into my house,1,images/9bfg84.jpg
d6zj9w,this twig looking like an asian dragon,1,images/d6zj9w.jpg
dcj80g,i found a black cheezit in the bag,1,images/dcj80g.jpg
bxkcke,just noticed this book exchange whilst waiting for my train pretty good idea for people who commute and read,1,images/bxkcke.jpg
1hhmg0,us government declares hacking an act of war then hacks allies,1,images/1hhmg0.jpg
7gr77u,stoop kid dood,0,images/7gr77u.jpg
ci6kxq,just cut in to an apple from the store and the seeds are sprouting,1,images/ci6kxq.jpg
3y15av,fouryearold receives bravery award for call after pregnant mothers fall,1,images/3y15av.jpg
28gpnt,the duty free pilot,1,images/28gpnt.jpg
4kq3wk,donald trump takes poll lead over hillary clinton is it time to panic,0,images/4kq3wk.jpg
9e0ar4,theyre filling in this elevated walkway with giant blocks of styrofoam,1,images/9e0ar4.jpg
ck0rbh,this interesting hunting liscense,1,images/ck0rbh.jpg
cmtr39,cardboard straw saves plastic and unsurprisingly tastes like cardboard,1,images/cmtr39.jpg
dga92w,this mischievous catch pan,0,images/dga92w.jpg
1r5zun,professional ping pong player serving,1,images/1r5zun.jpg
7jp1yg,operation a holiday classic,1,images/7jp1yg.jpg
4tqg86,the gift that keeps on giving mother hears her daughters heart beat inside another child,1,images/4tqg86.jpg
7q6dyu,circa lush animal aggression,0,images/7q6dyu.jpg
47kewn,your letters helped challenger shuttle engineer shed years of guilt,1,images/47kewn.jpg
16x8ir,menacing red panda cub,1,images/16x8ir.jpg
90vr94,american tries to be asian circa,0,images/90vr94.jpg
9c85nh,this room service robot at vdara in las vegas,1,images/9c85nh.jpg
5ycelz,state street global advisors girl statue in front of wall street bull,1,images/5ycelz.jpg
5cf30g,james comey quickly reopens clinton email investigation for few more minutes,0,images/5cf30g.jpg
b1mlmy,wore my timberlands for the first time in years the soles came off and the shoes split open fifteen minutes in to the walk oc,1,images/b1mlmy.jpg
chw80o,italian bishops provide million in humanitarian aid to south sudan,1,images/chw80o.jpg
6rkpb3,half of detroits mayoral candidates are felons,1,images/6rkpb3.jpg
cfk8lr,right side of pole doesnt touch the ground,0,images/cfk8lr.jpg
8eu4ui,warden figures week in solitary ought to teach inmate not to be schizophrenic,0,images/8eu4ui.jpg
bvlh99,this american bulldog,1,images/bvlh99.jpg
6lbr9i,john kellum every thrilling moment,0,images/6lbr9i.jpg
8co8wm,wisconsin sheriffs deputy learns hes been working alongside a person who wrote to him when he was stationed in iraq years ago,1,images/8co8wm.jpg
8hzi41,rare footage of president trump driving rudy giuliani back to the white house after his first week as the presidents lawyer,0,images/8hzi41.jpg
5yh4x5,middle couch cushion has clearly had harder life,0,images/5yh4x5.jpg
cot6s7,this odd soap bubble pattern in my sink,1,images/cot6s7.jpg
1g0gzb,mr balls aka senior testicle goes to bat for cancer research,1,images/1g0gzb.jpg
8gjtdx,this shower valve looks like a horse,0,images/8gjtdx.jpg
9c1m0e,liquor in a bottle forms a skull,0,images/9c1m0e.jpg
9ftl2g,the picture of this butterfly i took looks as though its digital painted or uses a filter its just a bad camera,1,images/9ftl2g.jpg
erh50io,available here,0,images/erh50io.jpg
cgrzak,table tetris,1,images/cgrzak.jpg
8z2elw,group dynamics no crossing,0,images/8z2elw.jpg
8gvbq2,join the army air service be an american eagle usaas recruitment poster world war,0,images/8gvbq2.jpg
3nvh2o,watch a girl interrupt a troops homecoming ceremony to hug her dad,1,images/3nvh2o.jpg
baz2e0,this street sign,1,images/baz2e0.jpg
b5pszx,green tape roses gtr,0,images/b5pszx.jpg
1uwhoy,baby dragon,1,images/1uwhoy.jpg
88j61t,a cat on a chair,1,images/88j61t.jpg
cpjw7a,saw an amazingly clear bunny in the clouds,1,images/cpjw7a.jpg
chsoe7,this childrens museum latrine has four sinks at different heights,1,images/chsoe7.jpg
cvohwe,i saw a white wasp chow down on a dragonfly,1,images/cvohwe.jpg
b62n5k,in people died from natural disasters adjusted for global population its the fourth lowest death rate in history the lowest years have all come since,1,images/b62n5k.jpg
4vv65p,shameless proposal you wont believe the offer draymond greens dck pic got him,0,images/4vv65p.jpg
1778dr,hard drive magnets,0,images/1778dr.jpg
u39ow,the world cannot live half slave half free antigerman poster produced by the educational division of the us food administration x,0,images/u39ow.jpg
10ieif,inspiring photos from a wheelchair dance contest,1,images/10ieif.jpg
5cwqn7,emotional reunion between holocaust survivor and wwii veteran,1,images/5cwqn7.jpg
cw4esv,this barcode from a finnish crisp bread product that has the shape of a forest,1,images/cw4esv.jpg
9h4vvk,these two are the same but different color and washed in the dishwasher regularly for the past years,1,images/9h4vvk.jpg
bf2sg3,nation spooked after running into creepy old night watchman,0,images/bf2sg3.jpg
5eb6e3,top steeplechaser monbeg dude winner of welsh grand national retires to live on princess royals estate,1,images/5eb6e3.jpg
8b38f1,three members of the employees to be anglosaxon blankity,0,images/8b38f1.jpg
5hfudj,donald trump with an air gun,1,images/5hfudj.jpg
8n54e1,leon and the carpet souls other worldy,0,images/8n54e1.jpg
1bqdto,removed two urinals and found these guys,0,images/1bqdto.jpg
6n5amv,men at work danger,0,images/6n5amv.jpg
543y4e,under the sand,1,images/543y4e.jpg
c8qfsb,black hole the twilight zone,0,images/c8qfsb.jpg
4zzgjk,corsica italian land s,0,images/4zzgjk.jpg
cjm4sb,a youtuber named mrhomeless built the worlds smallest pc i think its the smallest im not sure and its inch,1,images/cjm4sb.jpg
bj3qsn,wwe star bray wyatt holding a chain saw,1,images/bj3qsn.jpg
bn84ha,took my son to see detective pikachu he pulled his favorite charmander,1,images/bn84ha.jpg
473wif,ted cruz holding up hands,1,images/473wif.jpg
cyw0ct,the land o lakes lady has a huge goiter on her neck,1,images/cyw0ct.jpg
bv9flg,these circles from all of the different hot mugs,1,images/bv9flg.jpg
bva7c3,george washington right before declaring the country will have states and taking the first knee,0,images/bva7c3.jpg
cs8p17,my trip counter,1,images/cs8p17.jpg
asukxr,portrait of the emperor napoleon circa,0,images/asukxr.jpg
c02c9e,pilot has hello kitty sun blocker,1,images/c02c9e.jpg
5m6ng8,none shall pass,0,images/5m6ng8.jpg
2q2f0u,crazy baby,1,images/2q2f0u.jpg
7bxae0,the year is and robots have become sentient overcoming our toughest defenses there is no hope for humanity,0,images/7bxae0.jpg
9bab29,is he looking towards or away,0,images/9bab29.jpg
37mf9k,this picture of madison keys at the french open,1,images/37mf9k.jpg
27mhn8,ceiling of the van im in sure is happy,0,images/27mhn8.jpg
98o1l6,todd howard it just works,0,images/98o1l6.jpg
9cxb1t,this bus has two different types of outlets,1,images/9cxb1t.jpg
8yt37g,us dropping the atomic bomb fat man on japan ww,0,images/8yt37g.jpg
d2xri3,a pencil perfectly split in half,1,images/d2xri3.jpg
9ezixj,my college has a vending machine for school supplies,1,images/9ezixj.jpg
86w2yv,this tree trying to sneak out of the shot,0,images/86w2yv.jpg
730h2r,us slaps hefty tariff on bombardier jets angering canada uk,1,images/730h2r.jpg
b3y3xj,trump signs executive free speech order for us colleges,1,images/b3y3xj.jpg
5vxuoo,two american soldiers enjoy their last night together before going to war at a local bar both soldiers would die two weeks later circa,0,images/5vxuoo.jpg
6jckee,reckless stock trading leaves congress rife with conflicts,1,images/6jckee.jpg
d79hxd,toilet paper without central tube,1,images/d79hxd.jpg
5sli9m,i live in the dust,0,images/5sli9m.jpg
1ydfsn,pooperoni babypoop bacteria help make healthy sausages,1,images/1ydfsn.jpg
4fg5om,this root nsfw,0,images/4fg5om.jpg
1jwo81,grumpy stapler,0,images/1jwo81.jpg
7ua4pq,peace,0,images/7ua4pq.jpg
1l5joj,hey there little fella,0,images/1l5joj.jpg
4kjc23,marijuana plants found at yearold congressional candidates home,1,images/4kjc23.jpg
4b0jsh,soccer coach and his pupils,1,images/4b0jsh.jpg
4le9al,youre years old can you acquire wine without getting arrested,0,images/4le9al.jpg
bwsloq,walmart extends debtfree college benefits to part time and full time high schoolers,1,images/bwsloq.jpg
33hs31,devoted owner paddles out into flood on surfboard to rescue trapped horses,1,images/33hs31.jpg
1tanxs,cool dude on the juice box,0,images/1tanxs.jpg
42crgo,jupiters new pictures from nasa,0,images/42crgo.jpg
14m7cd,over petition white house to build a death star,1,images/14m7cd.jpg
bxyp08,longtime linden minister used oral sex in exorcism ritual men claim,1,images/bxyp08.jpg
95oz4z,is there water in this or not,0,images/95oz4z.jpg
9gw9tg,kendrick lamar to pimp a butterfly,0,images/9gw9tg.jpg
37i4bw,there be worse things than this rap song for ted cruz but not many,1,images/37i4bw.jpg
cis5af,artichoke flower,1,images/cis5af.jpg
bxhikc,pumping heart patch ready for human use,1,images/bxhikc.jpg
1dipqh,westboro baptist church protests radically liberal questionably gay pomeranians funeral,0,images/1dipqh.jpg
az3yci,market stall in fuertoventura,0,images/az3yci.jpg
ceg6h7,this medical cream insert has the chemical structure diagram of the active ingredient,1,images/ceg6h7.jpg
89jrs5,blowing smoke out my window,0,images/89jrs5.jpg
3s65q8,soccer goalie reaching for a ball,1,images/3s65q8.jpg
3060v0,not so photogenic toddler,1,images/3060v0.jpg
6xq58g,illegal immigrant jumps border wall and is met by rednecks circa,0,images/6xq58g.jpg
cln0z9,this bathroom code from a coffee in chinatown ny the code was,1,images/cln0z9.jpg
7e0txe,this happy bluetooth speaker,0,images/7e0txe.jpg
7weoxs,the grossest food from every single us state,0,images/7weoxs.jpg
b7rdx2,my works bathroom has toilet paper for both kinds of people wrong and right,1,images/b7rdx2.jpg
chiz43,his jaw is gone,0,images/chiz43.jpg
5nmd8b,experts say youll outgrow ikea at this age,0,images/5nmd8b.jpg
342a6v,jerusalem hosts gynecology conference but no women allowed,1,images/342a6v.jpg
cwihrd,my nuggets had cooking directions with a crunch rating,1,images/cwihrd.jpg
7pfn6s,presidential dinner,0,images/7pfn6s.jpg
77binj,whats the matter pierce feel faint ha ha ha lord what a goose dont you wish you had my cock well goodbye pierce goodbye us whig party,0,images/77binj.jpg
bo1rpb,the pinkish color of this orange,1,images/bo1rpb.jpg
6bcyiw,dnc workers sue party for receiving subminimum wages no overtime washington free beacon,1,images/6bcyiw.jpg
1ubdj7,north koreas kim jongun had uncle killed by starving dogs,1,images/1ubdj7.jpg
3cwu9s,bow lake banff national park alberta canada,1,images/3cwu9s.jpg
706vn6,pol does it again figures out how to deal with this thing going around,0,images/706vn6.jpg
8yia3c,dday,0,images/8yia3c.jpg
2v8xuk,teaching frogs to sing,1,images/2v8xuk.jpg
48mqkw,injured woman found crocheting in crashed vehicle,1,images/48mqkw.jpg
71o9cb,take off my flesh by senarica art by emilio gomariz,0,images/71o9cb.jpg
2q2bbl,injured parrot in aberdeen was actually a christmas hat,1,images/2q2bbl.jpg
cxzpp2,too much to process,0,images/cxzpp2.jpg
1ft5zy,iss crew member karen nyberg using the new fundoscope,1,images/1ft5zy.jpg
aupy2g,russian state tv shows map of potential us nuclear targets,1,images/aupy2g.jpg
6n20au,raw puppy,0,images/6n20au.jpg
armk0c,whoever packaged this box of watermelon did it with love,1,images/armk0c.jpg
7ocyax,white noise video on youtube hit by five copyright claims,1,images/7ocyax.jpg
32y2q6,deaf baby hears his mom for the first time,1,images/32y2q6.jpg
bhsqiw,these ouija themed mints,1,images/bhsqiw.jpg
ad9h9y,my malls giant tree had a regular christmas tree as the point,1,images/ad9h9y.jpg
7lohxq,city skylines inhabitants with traffic flow,0,images/7lohxq.jpg
5or0ac,marine returns tolkiens the hobbit to tompkins library nearly years late,1,images/5or0ac.jpg
8kxocx,redditors lining up to repost a slice of an aloe leaf,0,images/8kxocx.jpg
858r7w,creation of the worlds first source of infinite energy c,0,images/858r7w.jpg
bx510e,purple cake icing looks like watercolor paint,1,images/bx510e.jpg
39g9ot,yet another isp exec admits broadband industry lied about net neutrality with a budget bill sneak attack,0,images/39g9ot.jpg
3zqdkk,newcastle enjoying the rain,1,images/3zqdkk.jpg
2prc7h,george r r martin offers his own theater to show the interview,1,images/2prc7h.jpg
2uzhxi,animal liberation front modern,0,images/2uzhxi.jpg
b6hsdn,theresa trying to convince british mps to vote,0,images/b6hsdn.jpg
61hwtm,aides wrestle drill from trumps hands as he tries to remove obama listening device from skull,0,images/61hwtm.jpg
ay4w26,the way the snow melted off of this bench looks kind of like a wave,1,images/ay4w26.jpg
b2c69a,my backpack looking like a happy blob this morning,0,images/b2c69a.jpg
dloaar,lightbulb burned out slightly abnormally,1,images/dloaar.jpg
5zd456,the starship enterprise,0,images/5zd456.jpg
az1kkq,this crystally rock i found on my hike,1,images/az1kkq.jpg
bkfr0h,tangerine darlings down the hatch,0,images/bkfr0h.jpg
4jkq11,this guy missing the frisbee,1,images/4jkq11.jpg
avbvr3,reflection,0,images/avbvr3.jpg
5xarnt,make america great again donald trump,0,images/5xarnt.jpg
2svfqr,pathan kot the basic weakness of the whole story x conscious hip hop by that one dude from the s,0,images/2svfqr.jpg
1vrpw1,miley cyrus slated for intimate mtv unplugged performance,1,images/1vrpw1.jpg
1ut632,players glitch video games raising money for the prevent cancer foundation in annual speedrun marathon,1,images/1ut632.jpg
1kkjhb,canadas military forced to accept fatter less educated recruits as demographics change audit reveals,1,images/1kkjhb.jpg
4jlulg,custodian picks up degree from college he cleaned for almost a decade,1,images/4jlulg.jpg
16xju4,displeased cat,1,images/16xju4.jpg
b1us1w,the letters on one of the signs shrunk and now looks like a different font,1,images/b1us1w.jpg
c5t1vk,coral fossil that we found in kentucky the other day,1,images/c5t1vk.jpg
34fziq,teen overcomes walking corpse syndrome thanks to disney movies,1,images/34fziq.jpg
6lekly,taking the edge off,0,images/6lekly.jpg
cgtmwp,the way this measuring cup that has been stuck has aged over the past decade,1,images/cgtmwp.jpg
7ofqj0,my neck my backmy neck and my,0,images/7ofqj0.jpg
6zof7r,dont push me back in man,0,images/6zof7r.jpg
414n6n,guy rocking out at a concert,1,images/414n6n.jpg
daa7c9,this elephant seal,1,images/daa7c9.jpg
8hczie,coachella was nuts this year,0,images/8hczie.jpg
klefv,at am today the us military policy of dont ask dont tell was repealed and this comic book from that provided instructions for homosexual conduct policy became obsolete,0,images/klefv.jpg
89a6c5,pruitt had a aday condo linked to lobbyists their clients project got approved,1,images/89a6c5.jpg
cgchp9,weekly cover contest picture by elizaveta porodina,0,images/cgchp9.jpg
c0si4c,this restaurant uses a lemongrass shoot instead of a straw for its cocktail drink,1,images/c0si4c.jpg
bvtomb,my honda at years old,1,images/bvtomb.jpg
2and6e,army sgt bowe bergdahl freed afghanistan prisoner of war will return to duty early as monday report,1,images/2and6e.jpg
50h6qd,poll clinton just as unpopular as trump with voters,1,images/50h6qd.jpg
bum498,this l shaped chicken strip,1,images/bum498.jpg
44kes9,walt disney riding a train,1,images/44kes9.jpg
5dvjjr,premature babies offered donated breastmilk in tasmanian first,1,images/5dvjjr.jpg
6muq3t,this little dongle looks very happy,0,images/6muq3t.jpg
1sptxi,prison inmate hacks prison pc to send email watch online videos,1,images/1sptxi.jpg
bac4vy,this is the toilet throne my brothers friend is making his fiancee as a wedding gift,1,images/bac4vy.jpg
bxgbd9,the barcode on my popchips is a field corn,1,images/bxgbd9.jpg
8iv0rh,this heater,0,images/8iv0rh.jpg
6sqp7e,tape tales from the flood,0,images/6sqp7e.jpg
ccd5ak,r kelly tipped for bright future in republican party after sex trafficking arrest,0,images/ccd5ak.jpg
1li5k8,porta potty peeper sentenced to years in prison,1,images/1li5k8.jpg
b902be,michael moore and amy schumer get married,0,images/b902be.jpg
5s9wko,saudi arabia holds first ever womens day event with no attempts to stop the event by any party,1,images/5s9wko.jpg
ckw3n7,this hotel room has two peepholes in it,1,images/ckw3n7.jpg
8bv8us,a blacksmith forges a suit if chain mail,0,images/8bv8us.jpg
98bira,dirty motherboard,0,images/98bira.jpg
30mdcj,whale with its mouth open,1,images/30mdcj.jpg
bkodi9,i dropped a skittle and it split right in half,1,images/bkodi9.jpg
523irg,hikers found this horse alone in the woods then they looked at his face,0,images/523irg.jpg
3lsirg,this smiling chair,1,images/3lsirg.jpg
26g7x8,the drunkards progress from the first glass to the grave temperance s,0,images/26g7x8.jpg
1441ts,i waited an windy hour atop the empire state building in near freezing temperatures it was worth it,1,images/1441ts.jpg
atqwg2,snow melted and re froze making the top layer shiny as if it were made of plastic,1,images/atqwg2.jpg
o3bze,atlas,0,images/o3bze.jpg
62gosk,kandi fault zone the other way around,0,images/62gosk.jpg
1ezd9j,mystery solved john kerry really ate turkey shwarma,1,images/1ezd9j.jpg
3twhww,hamilton dog gone years reunited with owner,1,images/3twhww.jpg
ct20y1,goergia slave owner keeping his slaves in line,0,images/ct20y1.jpg
bu4g5w,my reconstructed foot,1,images/bu4g5w.jpg
7yhix0,led zeppelin gone as the wind,0,images/7yhix0.jpg
d54urd,trenton councilwoman calls jew down a verb says it referred to negotiating and not hate,1,images/d54urd.jpg
cp3sq6,a big ravine in the ocean,0,images/cp3sq6.jpg
1l4lwp,study less time at the office doesnt make people happier,1,images/1l4lwp.jpg
dhtlrb,how to use the toilet this sticks on every toiletdoor at my work,1,images/dhtlrb.jpg
4oghgc,why no one knows how to eat avocado seeds,0,images/4oghgc.jpg
4ajli5,shared some jokes while waiting for the first time in his own neighborhood solar eclipse viewed from an airplane,0,images/4ajli5.jpg
38yayl,texas officer suspended after pool party video shows him pulling gun on teens,1,images/38yayl.jpg
5m1pev,once these surgical shoe covers were filled with the patients hair you wont believe what they do next,0,images/5m1pev.jpg
172fzg,sex with a donkey suspect arrested again,1,images/172fzg.jpg
9gzdy1,this oncedying succulent that has now created its own ecosystem,1,images/9gzdy1.jpg
coo70y,this cliff in cornwall has layers of rock at the same angle along the entire beach,1,images/coo70y.jpg
867iyy,lawmakers in kosovo release tear gas in parliament to prevent vote,1,images/867iyy.jpg
4kbkqg,pres obama with grandparents,1,images/4kbkqg.jpg
2llkp8,woman allegedly breaks into house hugs homeowner,1,images/2llkp8.jpg
2de19y,old ladys painting isnt up to par with the others,1,images/2de19y.jpg
ci6h77,zuckerborg mk ii prototype,0,images/ci6h77.jpg
bi5ceo,my bed sheet has tags on it to tell you which side is which,1,images/bi5ceo.jpg
b352f4,toussaint louverture introducing the interracial tag to pornhub,0,images/b352f4.jpg
12000u,gop senate candidate calls rape pregnancies a gift from god,1,images/12000u.jpg
6l4djk,another racist statement from trump administration,0,images/6l4djk.jpg
41iw6g,a pissed off bird,1,images/41iw6g.jpg
5z5kcp,nintendo explains why you should buy mario kart again,0,images/5z5kcp.jpg
bnkt4l,the way the building almost blends into the skyline,1,images/bnkt4l.jpg
9jplp1,these cranes look like giraffes,1,images/9jplp1.jpg
3bf5zu,final fantasy remake director didnt know he was in charge of project,1,images/3bf5zu.jpg
7eiiug,this surprised albino owl,1,images/7eiiug.jpg
5oo2y4,former us president george hw bush hospitalized media,1,images/5oo2y4.jpg
3bvut2,quebec bill calls animals sentient beings and includes jail time for cruelty animals in quebec will be considered sentient beings instead of property under a bill tabled in the national assembly friday,1,images/3bvut2.jpg
6tmfly,man keeps memory of dead teen alive by making her center of elaborate political conspiracy theory,0,images/6tmfly.jpg
3vdhhu,making sense of senseless violence freedundar w delphine halgand,1,images/3vdhhu.jpg
89z2jj,my dad has been doing some of its young,0,images/89z2jj.jpg
3cotrp,ruins of angkor,1,images/3cotrp.jpg
6mg9um,a yawning kitten,1,images/6mg9um.jpg
4nm6rs,football fan sulking in the middle of a riot,1,images/4nm6rs.jpg
cohl4c,this fluffy grey cay,1,images/cohl4c.jpg
artyy4,this cactus tree growing near a garbage dump,1,images/artyy4.jpg
b2v8iu,a white man discovering america,0,images/b2v8iu.jpg
zntc1,poll percent of ohio republicans think mitt romney killed osama bin laden,1,images/zntc1.jpg
33o6mx,xiaomi mi i launch eyebrows raised over skin whitening feature,1,images/33o6mx.jpg
5khfkg,moviegoers line up for rogue one,0,images/5khfkg.jpg
164kzn,borax filled lagoon where flamingos feed remote bolivia,1,images/164kzn.jpg
b11tbn,nasty office fridge sends workers to er,1,images/b11tbn.jpg
bn841f,pepper is merica in indonesian,1,images/bn841f.jpg
39yjjb,rachel dolezals brother faces child sex assault charges in colorado source says joshua dolezal is accused in clear creek county of child sex assault by one in a position of trust,1,images/39yjjb.jpg
cac2df,inspirational plaque found at a thrift store,1,images/cac2df.jpg
x2b7p,meet bobthe pipe smoking dude that sometimes shows up at the local pub,0,images/x2b7p.jpg
8lbgpm,i think this belongs here,0,images/8lbgpm.jpg
c1ny6m,these dock seats that look like lamp shades,1,images/c1ny6m.jpg
9fhlrl,adhd self titled,0,images/9fhlrl.jpg
6wp75c,golf tournament raises for nonprofit helping service members veterans,1,images/6wp75c.jpg
pytgj,knew there was a home for these cookies and a doorstop,0,images/pytgj.jpg
98l7hj,lenin a day before getting on the train colorised,0,images/98l7hj.jpg
as1nfg,this oversized disformed strawberry,1,images/as1nfg.jpg
2ufe2e,disney is getting its first latina princess,1,images/2ufe2e.jpg
c2i6oo,potatatee manatee,0,images/c2i6oo.jpg
5swkiw,cant tell if hes impressed or amused,0,images/5swkiw.jpg
21odim,this dog catching a cheetoh,1,images/21odim.jpg
97d13c,hillary clinton acid washing emails circa,0,images/97d13c.jpg
cryjme,why theres a seal playing with a ball or looking at the moon behind the expiration date sticker of my both in one sliced bread,1,images/cryjme.jpg
6ihwdu,soviet peace date unknown,0,images/6ihwdu.jpg
cikv6l,this popcorn shrimp that looks like a fried chicken leg,1,images/cikv6l.jpg
cumx3v,i slapped a mosquito and it left a perfect imprint on my hand,1,images/cumx3v.jpg
913055,thrash can what a mess,0,images/913055.jpg
8qtu66,adolf hitler salutes his troops as they past the reichstag on their way to poland,0,images/8qtu66.jpg
d5xmho,prosthetic arm,0,images/d5xmho.jpg
cr6h1n,my toothpaste is black,1,images/cr6h1n.jpg
bmnmau,look at these grapes theyre long hahahah,1,images/bmnmau.jpg
3h9fqp,intrepid spaghetti,0,images/3h9fqp.jpg
d2yvog,got gas today and the price and gallons were rounded this has never happened to me before,1,images/d2yvog.jpg
7k52cq,the bogdanovist the house that rage built black metal,0,images/7k52cq.jpg
525jd0,us halts construction on oil pipeline in north dakota after protests,1,images/525jd0.jpg
bylv55,this sand dragon i found in a florida beach,1,images/bylv55.jpg
9hr57z,my doctors office has framed pictures of its fire alarm next to its fire alarm,1,images/9hr57z.jpg
5gomoi,nazi ss soldier enjoys the spoils of war after the german victory in stalingrad,0,images/5gomoi.jpg
csjlke,i had two consecutive ps notes in my till today,1,images/csjlke.jpg
9umqx3,the first ever post on reddit,0,images/9umqx3.jpg
1m3to1,ca school district announces its doing roundtheclock monitoring of its students social media activities,1,images/1m3to1.jpg
137wow,my brother the wood throwing enthusiast,1,images/137wow.jpg
bidisd,un during the rwandan genocide,0,images/bidisd.jpg
6c6ca6,man saving dog from the world trade center attack,0,images/6c6ca6.jpg
23jjzm,angry cup tray is angry,0,images/23jjzm.jpg
8692we,picture i took of my school kinda looks like a pixel art corgi,0,images/8692we.jpg
7p8sji,talks with rebels in nomans land as russia eyes postwar role in syria,1,images/7p8sji.jpg
9k5xv0,thetatau and were not the only ones,0,images/9k5xv0.jpg
87ojc4,this ink splatter on the wall looks pike someone walking,0,images/87ojc4.jpg
1n18el,mars distances itself from deepfried chocolate bar saying fatty scottish treat is not in line with its healthy living ethos,1,images/1n18el.jpg
5f5ugu,one legged dog,0,images/5f5ugu.jpg
dgp2ch,this tree looks like a flame,0,images/dgp2ch.jpg
bqg08r,this kitkat i got thats all chocolate,1,images/bqg08r.jpg
90z044,artistic engagement ring shot,0,images/90z044.jpg
6af9gx,bird with shades,1,images/6af9gx.jpg
d9fvxdi,available here,0,images/d9fvxdi.jpg
boxi5i,this was explained to me as a bicycle that the amish use,1,images/boxi5i.jpg
5ciz0l,pretty sure she was about days til i see your fridge cat and raise you a dog toy while dog looks better in your glasses than you know,0,images/5ciz0l.jpg
chx34m,airport in france has integrated soap and air,1,images/chx34m.jpg
ayypt9,its amazing how even snow looks like many millennia of rock and sediment formations,1,images/ayypt9.jpg
1nxxwp,black sabbath,1,images/1nxxwp.jpg
3kemxh,mystery surrounds hallucinatory chaos at german homeopathy conference,1,images/3kemxh.jpg
bv8gbt,this curlingthemed toy vending machine,1,images/bv8gbt.jpg
bbld53,this coffee machine measures milk in seconds,1,images/bbld53.jpg
5nsw50,instafreebie instalaughtillyourtitsexplode its amazons charttopping in their shoes one size fits all the prequel to the hilarious british satire series chokingly funny stuff and eternal life could be yours for free and for a limited time only subject to availability,0,images/5nsw50.jpg
1618eq,flamethrower,1,images/1618eq.jpg
cnkdkj,the way in which my butter landed on the plate,1,images/cnkdkj.jpg
bj3rxb,senator marcus junius brutus stabs emperor julius caesar in rome on the ides of bce got se spoiler,0,images/bj3rxb.jpg
1791vr,the common buzzards buteo buteo in the fight or if you prefer in a dance,1,images/1791vr.jpg
6lrvjp,this guy is horrified,0,images/6lrvjp.jpg
242gd0,italian stache,0,images/242gd0.jpg
42z7wv,area surrounding levis stadium to be renamed san francisco,1,images/42z7wv.jpg
6uf43l,john williams obiwan kenobi a star wars story ost,0,images/6uf43l.jpg
b80yle,swedish researchers cut mri scan process to nearly a minute,1,images/b80yle.jpg
7mqrat,police photo of david carradine dead in his hotel room closet,0,images/7mqrat.jpg
dk3ban,yesterday when i got drunk someone dropped a cigarette on my shoe and it burned right through it,1,images/dk3ban.jpg
3860e6,missouri tv station airs country music show instead of playoff hockey,1,images/3860e6.jpg
7wuu4w,waiting to shoot the next person to walk through this door,0,images/7wuu4w.jpg
3d4n7s,didnt notice this guy was in the toilets with me,0,images/3d4n7s.jpg
b9zt3j,this sign has triangles so it shows a different message depending on the way you look at it,1,images/b9zt3j.jpg
9dwwsh,this longlashed beauty,0,images/9dwwsh.jpg
8j5vzl,childish gambinothis is america video circa,0,images/8j5vzl.jpg
1sakk6,footballer carlos tevez kicks ball with intensity,1,images/1sakk6.jpg
86tnbu,fidel castro enjoying a ride in a tank,0,images/86tnbu.jpg
8nth5z,busy bee honeycomb vol,0,images/8nth5z.jpg
2sjln5,svarov heart x,0,images/2sjln5.jpg
d9xn2,frightened toilet roll holder,0,images/d9xn2.jpg
22dbf2,shocked cucumber realizes his fate,0,images/22dbf2.jpg
91935k,expedophile shares tips on how to make your kids less attractive,0,images/91935k.jpg
chkf26,my bandaidr didnt have a pad,1,images/chkf26.jpg
2xph5o,lebron scaring white ladies with his dunks,1,images/2xph5o.jpg
9iumwh,upgrade to the server at facebook responsible for the sorting of search results,0,images/9iumwh.jpg
93ilpu,the tin man,0,images/93ilpu.jpg
7f26dg,text bot analyzes ajit pai,0,images/7f26dg.jpg
c0ahfp,dr seuss leaving the court room with audrey dimond after his infidelity led to the suicide of his cancerstricken wife helen geisel,0,images/c0ahfp.jpg
clxqfe,pretty selfexplanatory,1,images/clxqfe.jpg
bz75iu,in the small container category here is a tiny bottle of ketchup,1,images/bz75iu.jpg
7w1mik,the connoisseurs foul fowl,0,images/7w1mik.jpg
b1fxjo,a green spider,1,images/b1fxjo.jpg
4u30jv,prince george with his dog,1,images/4u30jv.jpg
4eugp6,the greenhouse conspiracy more than life itself,0,images/4eugp6.jpg
cdabrq,the refrigerator froze this egg,1,images/cdabrq.jpg
ax0ilj,this roofing companys logo shows a giant dog peeing on a house,1,images/ax0ilj.jpg
6gvhvp,this handsome pepper at death valley national park,1,images/6gvhvp.jpg
8jjjls,bbc announcing wwiii to the world,0,images/8jjjls.jpg
bk8zjp,a bee swarm on a lawn sign,1,images/bk8zjp.jpg
3hjgoe,is city of carmel indianas compromise a blueprint for state lgbt law,1,images/3hjgoe.jpg
73n8go,smokey the bear mascot doing training exercises with police trainees,0,images/73n8go.jpg
d8egh2,joseph stalin takes power,0,images/d8egh2.jpg
b1fdjt,logan native establishes scholarship for marshall university medical students,1,images/b1fdjt.jpg
1b8b1b,company releases new baconflavored condoms,1,images/1b8b1b.jpg
2z9k0h,oddly decald wiimote in unique case,0,images/2z9k0h.jpg
5p6acq,my favorite picture of trump at his inauguration today,0,images/5p6acq.jpg
cc4feo,german chancellor max von baden reacting to the treaty of versailles circa,0,images/cc4feo.jpg
bceknp,new ira launch counterfeit movie streaming service,0,images/bceknp.jpg
4m24ua,modern dancers celebrating the gotthard base tunnel opening in switzerland,1,images/4m24ua.jpg
clczlm,thicc strawberry,1,images/clczlm.jpg
3rtngk,the hickory horned devil the larval form of tiny bubbles that act as a peent,0,images/3rtngk.jpg
88kthk,when youre a year old brother asks if i quit being their baby sitter,0,images/88kthk.jpg
7lna17,are we the baddies,0,images/7lna17.jpg
b78fpm,trump cuts all direct assistance to northern triangle countries honduras el salvador guatemala,1,images/b78fpm.jpg
b6hglg,this girl in an aquarium,0,images/b6hglg.jpg
1gymqz,leutschenbach school in zurich,1,images/1gymqz.jpg
cnww7i,s coca cola vending machine i found in my dads shed,1,images/cnww7i.jpg
8h2jdi,holocaust survivor gets revenge on his former captors,0,images/8h2jdi.jpg
b8j7l2,dutch east indies poster s,0,images/b8j7l2.jpg
5gpic9,build readythis is my yo system need help making sure i dont miss anything,0,images/5gpic9.jpg
7j77bp,confirms sense of optimism actually means neverending sea of piss,0,images/7j77bp.jpg
cr7o00,this typewriter used by hellen keller,1,images/cr7o00.jpg
av6ghd,my egg today came out blood red,1,images/av6ghd.jpg
15kqw9,the peacock spider rwtf,1,images/15kqw9.jpg
3kjhn6,i am afraid the new star wars movie will let us down but not as afraid as i am of dying in a car crash,0,images/3kjhn6.jpg
cfhvzi,paper set up in a hotel,1,images/cfhvzi.jpg
c7e75e,allie x super sunset,0,images/c7e75e.jpg
8gxttw,user in rfountainpens receives an eagle by mistake,0,images/8gxttw.jpg
3x3huy,dog not sure it ready to tackle whatever happened to man at work today,0,images/3x3huy.jpg
8hxw4m,hitler declares war on the soviet union nd,0,images/8hxw4m.jpg
c9mwsn,durville island new zealand,1,images/c9mwsn.jpg
89l8wx,trumps campaign said it was better at facebook facebook agrees,1,images/89l8wx.jpg
448izh,heartbroken raccoon tries to wake up dead friend on toronto street,1,images/448izh.jpg
193974,a photo of high school girls playing soccer,1,images/193974.jpg
c2bbw1,i accidentally turned my chicken into chicken of the sea,1,images/c2bbw1.jpg
5hely9,news righting the ship the nfl is attempting to attract more viewers by handing out the vince lombardi trophy after every play,0,images/5hely9.jpg
b44gdz,veronica johnson becomes first woman to be cat called,0,images/b44gdz.jpg
4z33xz,this fish means business,0,images/4z33xz.jpg
c2scwa,voldemort model from hp,1,images/c2scwa.jpg
1oq1f8,me in the air pretending to jump off a cliff with the photographers hand extended from behind the camera,1,images/1oq1f8.jpg
7i9kph,outrage as philly pushes through ban on bulletproof glass in crimeplagued neighborhood shops,1,images/7i9kph.jpg
1b99w7,alan simpson rwyo men legislators shouldnt even vote on abortion,1,images/1b99w7.jpg
brmhjr,the handles on these petrol pumps contain disposable gloves,1,images/brmhjr.jpg
tnp0j,im going with the fancy sign,1,images/tnp0j.jpg
b0v8ia,we had conjoined bananas i didnt notice when we bought them my husband yells from the kitchen whats going on here,1,images/b0v8ia.jpg
7lhu27,the gop tax bill claiming its victims circa,0,images/7lhu27.jpg
3reazv,baseball player receives home run ball from a kid he visited in the hospital,1,images/3reazv.jpg
azab29,i found a dollar bill that was misaligned when it was cut,1,images/azab29.jpg
bdpuxb,the little caesars mascot has lc adorning the bottom of his toga,1,images/bdpuxb.jpg
9cygi9,spend your vacation in travels ussr,0,images/9cygi9.jpg
8x1m0c,my rental car had a face in the back seat,0,images/8x1m0c.jpg
577w9l,what exactly is the mystery dum dum flavor now you know,0,images/577w9l.jpg
7rcmfe,massacre in tivoli jamaica,0,images/7rcmfe.jpg
1xt7fu,just got some yeti coolers at work they make me uncomfortable,0,images/1xt7fu.jpg
5ffhmp,cyber monday scams targeting shoppers fbi warns,1,images/5ffhmp.jpg
b77cfc,this swamp creature at david bernhardts senate hearing,1,images/b77cfc.jpg
9jgvz1,german solider blitzing through france,0,images/9jgvz1.jpg
bb85i7,keep it clean like,1,images/bb85i7.jpg
2fmuo7,west hartford police bust hookah hooker,1,images/2fmuo7.jpg
2d3qtm,jabba the hutt victorian gentleman,0,images/2d3qtm.jpg
2ddxpy,comcast its insulting to think theres anything shady about us paying to honor an fcc commissioner,1,images/2ddxpy.jpg
3w9wcp,flexible redditor,1,images/3w9wcp.jpg
dl6ae4,a swing with a waterfall in front,1,images/dl6ae4.jpg
409fly,eat healthier you fat schmucks paraphrased modern,0,images/409fly.jpg
auxuie,mercedes enlists quantum computing to build a better electric vehicle battery,1,images/auxuie.jpg
4e692t,someone riding a dinosaur statue,1,images/4e692t.jpg
2kcgmp,goober ghost face,0,images/2kcgmp.jpg
65d9c1,terrorism stops here recruiting poster for the rhodesian army s,0,images/65d9c1.jpg
4zw63v,penguin fishing for onions,1,images/4zw63v.jpg
cbte4e,the air bubble on this chocolate cupcake is shaped like a heart,1,images/cbte4e.jpg
boqgfu,this big carrot in my bag of baby carrots,1,images/boqgfu.jpg
bzy1vo,man struggles to eat applesauce without looking like a giant baby breakfast journal,0,images/bzy1vo.jpg
1kbmt3,photographer gets toddlers to suck on lemons then photographs their reactions,1,images/1kbmt3.jpg
2hwsgz,lions joseph fauria injured while trying to stop his dog from urinating in his house,1,images/2hwsgz.jpg
3g0spe,man overhears kids mocking an elderly mans house rounds up people to help repaint it and build a new porch,1,images/3g0spe.jpg
6jfy9p,congress ratifies st amendment to the us constitution ending prohibition,0,images/6jfy9p.jpg
8n9mbu,nbcs version of the show will feature a smiling al roker as the body at every crime scene everything you need to know about brooklyn ninenine,0,images/8n9mbu.jpg
2nk0pi,buccaneers stadium caught selling colored water as alcohol,1,images/2nk0pi.jpg
7svbgb,perry us not just exporting energy were exporting freedom,1,images/7svbgb.jpg
6qrsza,man has intriguing theory for why trump tweets certain words in quotes,0,images/6qrsza.jpg
7z8t1w,the hitchcocks not today,0,images/7z8t1w.jpg
brtsfa,tough gang,0,images/brtsfa.jpg
97k4b1,modern renaissance,1,images/97k4b1.jpg
61a31d,stoned extraterrestrial stumbles across hidden message after listening to golden record backwards,0,images/61a31d.jpg
7utb1e,the dvd symbol looks like a face thats whistling,0,images/7utb1e.jpg
3gsn6x,bock bock begawk,0,images/3gsn6x.jpg
bc6dd6,a friend took this while clay pigeon shooting today and the camera managed to capture the lead shot before it hit the clay on the right the wad is there too but who cares about the wad,1,images/bc6dd6.jpg
ddlg7u,this virtual person in amsterdam draws the time,1,images/ddlg7u.jpg
dhdunu,this store has a rack for things you dont want anymore but are too lazy to go put back,1,images/dhdunu.jpg
92tjkb,hammer time,0,images/92tjkb.jpg
ayy96m,this crown molding installation,0,images/ayy96m.jpg
ba4z32,the busboys digital dishwashing llc,0,images/ba4z32.jpg
1l43di,found this guy cowering under my stapler at work,0,images/1l43di.jpg
304jor,utah governor signs law bringing back firing squad for executions,1,images/304jor.jpg
cm8gdc5,murica,0,images/cm8gdc5.jpg
4du5wo,adults fencing,1,images/4du5wo.jpg
1o9wyw,buddies for life,1,images/1o9wyw.jpg
bl7nn4,look at this weird strawberry i got,1,images/bl7nn4.jpg
5qtxq9,brother nooo,0,images/5qtxq9.jpg
aucnx1,this happy baby eating her birthday cake,1,images/aucnx1.jpg
b3r3is,wiper partially cleaning the tailgate instead of the window,1,images/b3r3is.jpg
3we25l,phones for you i wonder whos calling,0,images/3we25l.jpg
d9p16z,unlucky in love times regis philbin got voted off the bachelorette in the first episode of the season,0,images/d9p16z.jpg
95eoll,my friend with bit eyes,0,images/95eoll.jpg
c9eb0d,george washington and family waiting in the delta skylounge before their flight to orlando,0,images/c9eb0d.jpg
99mrc4,charcoal infused in this puddle is shaped like a tiny pan with a strong will to live,0,images/99mrc4.jpg
byoiz9,how antiimmigration policies are leading prisons to lease convicts as field laborers,1,images/byoiz9.jpg
2x5ypt,feds raid texas secessionist meeting,1,images/2x5ypt.jpg
d39vhj,the letter y carrot my girlfriend found in her lunch today,1,images/d39vhj.jpg
6wsy6y,must see blowing his wad way too early this science teacher did all the cool experiments on his first day of class,0,images/6wsy6y.jpg
979ylk,jesus heals a blind boy ad,0,images/979ylk.jpg
2jiek2,lukashenka no toilet paper in belarusian sausage,1,images/2jiek2.jpg
79zhzq,left right left the rad stags,0,images/79zhzq.jpg
691trz,watch the heartwarming reunion between military dog named floor and the handler who will adopt her,1,images/691trz.jpg
bb15bi,the floor in the skytower in auckland only mm thick,1,images/bb15bi.jpg
1so1tp,christiano ronaldo jump,1,images/1so1tp.jpg
247ski,runaway beer blimp loose over new brunswick,1,images/247ski.jpg
cg3gnb,this building that is an optical illusion,1,images/cg3gnb.jpg
39ee90,o,0,images/39ee90.jpg
6iag88,offcamera no audio broadcast white house keeps undermining press briefing,1,images/6iag88.jpg
7idkaz,india starts work on rhino dna database to curb poaching,1,images/7idkaz.jpg
3d0jwc,northern harrier,1,images/3d0jwc.jpg
6b595u,gameboy on its us release date,0,images/6b595u.jpg
6w1h78,guy with hammer sexyposing on cliff,1,images/6w1h78.jpg
83u6xe,elon musk is digging tunnels underneath la to revolutionize modern transport,1,images/83u6xe.jpg
avlg3w,a while ago i posted a truck with giant mugs on the side he brought another cool one today,1,images/avlg3w.jpg
asggwt,patrick frazee tied sweater around kelsey berreths face beat her to death with bat idaho nurse told police,1,images/asggwt.jpg
b5s3pw,turkey vulture tired of the takes smashes through stephen a smiths office window,1,images/b5s3pw.jpg
7k3mz1,the oxford dictionaries word of the year is a word nobody actually uses,0,images/7k3mz1.jpg
8oq5nt,this happy little lump on the bridge,0,images/8oq5nt.jpg
1tk6j4,my friends dragoncon costume sailor booze,1,images/1tk6j4.jpg
8vkpfq,toad from mario watches over my truck,0,images/8vkpfq.jpg
1qwf0t,emerson college to name school after ron burgundy,1,images/1qwf0t.jpg
bz2v4u,you can buy a gift card for subway in america for some reason,1,images/bz2v4u.jpg
5tqixf,this ladder was oddly built,0,images/5tqixf.jpg
9ghsof,restaurant trying to deter people from climbing their brick facade,1,images/9ghsof.jpg
33057n,maple syrup could help fight bacterial infections canadian scientists find,1,images/33057n.jpg
cqzrb2,the way these books were arranged,1,images/cqzrb2.jpg
6yntee,bunny getting scritches or raven getting scritches,0,images/6yntee.jpg
8z7nsc,i was cleaning up the kitchen and realized this rag looks like a face,0,images/8z7nsc.jpg
3dubxh,motor control that nameless charm,0,images/3dubxh.jpg
cagaw0,the underside of this water bottle,1,images/cagaw0.jpg
8ck40m,lena fanning daveys keeping secrets,0,images/8ck40m.jpg
8sxf8o,large intricate mandala arm tattoo,0,images/8sxf8o.jpg
3jz72f,loggerhead sea turtles set another nesting record in georgia,1,images/3jz72f.jpg
5biiib,climber mid fall,1,images/5biiib.jpg
9dxwrc,youll never guess which classic novel was rejected nearly times,0,images/9dxwrc.jpg
9efrzc,printing error makes this diaper box baby appear to have heterochromatic eyes or its probably a cyborg,1,images/9efrzc.jpg
2drzkx,please buy me,0,images/2drzkx.jpg
bcgizp,mexican american war colorised apr,0,images/bcgizp.jpg
2re9lg,vicar pulls out the old hanging curtains in the nude and slipped onto a potato excuse,1,images/2re9lg.jpg
7mdst5,i am ready to stand for my principles double world chess champion says she wont defend titles in saudi arabia because of kingdoms inequality,1,images/7mdst5.jpg
2r42hp,german neonazis embrace vegan cooking techno music hipster clothes,1,images/2r42hp.jpg
16074b,doing my engineering coursework when suddenly,0,images/16074b.jpg
des6li,sad abandoned helicopters,0,images/des6li.jpg
36ndk2,hey im a pearson too,0,images/36ndk2.jpg
7h2og8,superman motorway pc stops lorry fall,1,images/7h2og8.jpg
axbaf1,this tiny pea pod was in my bag of frozen peas,1,images/axbaf1.jpg
ctjwbg,my dad brought a new tv but has no stand so he reuse the old fan body to use as a stand,1,images/ctjwbg.jpg
4x4tj8,baby at a cafe table squishing face,1,images/4x4tj8.jpg
7t806p,ga man at waffle house screams ill go to jail over some barbecue sauce and does,1,images/7t806p.jpg
78d9h9,tubawielding band member,1,images/78d9h9.jpg
arry7g,a carrot thats also phallic,1,images/arry7g.jpg
3jwizt,suburban easter island,0,images/3jwizt.jpg
2p8374,dog looking over his bitches,1,images/2p8374.jpg
16wkrc,my vicks vaporizer feels bad that im sick,0,images/16wkrc.jpg
5ptow5,casual obama,1,images/5ptow5.jpg
5ml3fh,as margret went color blind she remembered that the qtips learnt how to stand up for a garbage disposal powerful enough to pay for them selves,0,images/5ml3fh.jpg
cbz5lv,this insect that looks like its an insect guardian angel,1,images/cbz5lv.jpg
39quws,asghar bukhari warns mossad shoestealer is on the loose,1,images/39quws.jpg
9fldqw,moments before the east coast bring hit by hurricane florence,0,images/9fldqw.jpg
8s8vdh,erik prince i cooperated with mueller,1,images/8s8vdh.jpg
cfpsvj,the aluminum coating perfectly coming away from the wax paper on a stick of gum,1,images/cfpsvj.jpg
5dkm71,cookie monster electric motor,0,images/5dkm71.jpg
cw38he,my wifes granddads rations from back in the day,1,images/cw38he.jpg
3wzg4a,we are anonymous we are legion,0,images/3wzg4a.jpg
aplp0z,guess whats for dinner,1,images/aplp0z.jpg
az1s3r,in the begining the master chocolatier who we call lindt poured perfect eggs of sun earth and water lindt tossed these to the void earth and water collided making our earth then the swiss heaven was made and bunnies of epic proportions were poured full text in st comment,1,images/az1s3r.jpg
4awy8p,scuba divers moment to cherish the fish tonado,1,images/4awy8p.jpg
5ywysc,the incredible scientific reason your husband has red in his beard,0,images/5ywysc.jpg
ciw1h0,found wtf on my football,1,images/ciw1h0.jpg
bhwsmr,al gore getting ready to create the internet,0,images/bhwsmr.jpg
93kyer,i was expecting an article about jew gold,0,images/93kyer.jpg
8hdzuo,scientists capture the precise moment of conception,0,images/8hdzuo.jpg
38glg6,leaping springbok,1,images/38glg6.jpg
bemh9k,british diver who helped rescue thai soccer team is himself rescued from cave in tennessee,1,images/bemh9k.jpg
dds6db,just found a kroner coin from the year they started being produced,1,images/dds6db.jpg
d1ohrc,my sister received bubble wrap on the start of her school year,1,images/d1ohrc.jpg
5e09u6,an excited dog who is ready for his walk,1,images/5e09u6.jpg
9c16u0,the dents in the ice machine at my job look like a constellation,1,images/9c16u0.jpg
2ls2q6,lift me up i need to get on this roof,0,images/2ls2q6.jpg
ctt422,this avocado slicer,1,images/ctt422.jpg
6u52qe,i ate a japanese pancake filled with a mustard seed sauce,0,images/6u52qe.jpg
96st0r,first fortnite duos game th,0,images/96st0r.jpg
6yy930,hurricane harvey destroying buildings,0,images/6yy930.jpg
29d0jq,golden retriever reaching for treat with tongue bonus very happy german shepard in background,1,images/29d0jq.jpg
d77uj3,the new gemini man poster showing both young and old will smith,1,images/d77uj3.jpg
4se43p,this stay puft marshmallow man,1,images/4se43p.jpg
3e0mmi,does bernie sanders surge threaten hillary,1,images/3e0mmi.jpg
8vhhy7,einsteinium psych,0,images/8vhhy7.jpg
bdidz9,this secret envelope,0,images/bdidz9.jpg
6iwcbc,this chair is really damn happy,0,images/6iwcbc.jpg
4nf7z6,the pros and cons of forprofit colleges,0,images/4nf7z6.jpg
3h6t3f,chinese companies face culture shock in countries that arent like china,1,images/3h6t3f.jpg
9jwy17,found these individually wrapped singlefinger kitkat bars at a store last night,1,images/9jwy17.jpg
2tww5h,a dog that went missing months ago was rescued by a firefighter in the middle of a snowstorm,1,images/2tww5h.jpg
cyayhq,the middle down the mirror,0,images/cyayhq.jpg
2xvukx,liberal national party international womens day event to be held at men only club,1,images/2xvukx.jpg
39675u,no dont stow me in the overhead compartment,0,images/39675u.jpg
bwxljf,this picture of a girl rock climbing kind of looks like she is climbing a tree,1,images/bwxljf.jpg
btaw1t,the rings on this bowl of queso left soaking overnight,1,images/btaw1t.jpg
898er7,the city of rome in ruins after barbarian invasions ca th century,0,images/898er7.jpg
5gb7wp,they would strike again a year later,0,images/5gb7wp.jpg
15jzyl,guy riding atv in awkward position,1,images/15jzyl.jpg
3g04mb,my marshmallow was happier than i was to make smores,0,images/3g04mb.jpg
3ngaiv,the immigration act that inadvertently changed america fifty years after its passage its clear that the laws ultimate effects are at odds with its original intent,1,images/3ngaiv.jpg
bsytwd,this log is a tree that grew around another tree,1,images/bsytwd.jpg
csdarw,how the light bends in this bottle full of water,1,images/csdarw.jpg
58zdtm,dog in a halloween costume,1,images/58zdtm.jpg
5aodzs,the frost bitten face of a mountain climber wearing a furrimmed parka is my tooth after a root canal,0,images/5aodzs.jpg
bfeuzk,jesus being resurrected circa ad,0,images/bfeuzk.jpg
7mf27g,let chinesesoviet friendship live forever date unknown,0,images/7mf27g.jpg
3j5sqo,pentagon confirms drone deployment in latvia,1,images/3j5sqo.jpg
83jqwo,ive had to sleep in this room,0,images/83jqwo.jpg
3tkspa,england cricketer jos buttler celebrating scoring runs,1,images/3tkspa.jpg
868ag1,doesnt give a,0,images/868ag1.jpg
21l9hs,gangs of powerfully built women are mugging tourists on the streets of hong kong,1,images/21l9hs.jpg
38kjq8,prince george looks for daddy in china cabinet after hearing prince william is in china,1,images/38kjq8.jpg
6cdrcv,youd be surprised at how much power president trump has in regards to changing tax rates,1,images/6cdrcv.jpg
crfnke,what is the chances,1,images/crfnke.jpg
cgvs0h,the back of this tanker is made to a point so your headlights dont shine back at you,1,images/cgvs0h.jpg
2h6s55,intense runner,1,images/2h6s55.jpg
3qu8py,my sisters reaction when she got out of about this is the same would it produce the same result,0,images/3qu8py.jpg
9a867n,teen in sports car blamed for fiery crash identified as youtube star mcskillet,1,images/9a867n.jpg
d89mux,medical cannabis product approved for epilepsy,1,images/d89mux.jpg
bptnx2,my cracker had its holes stamped offcentre,1,images/bptnx2.jpg
1wlnjr,college girl spreading her love,1,images/1wlnjr.jpg
cv0sg0,failed fabrication test in the cleanroom created some sort of crying pacman under the microscope,1,images/cv0sg0.jpg
3ngaj8,i think the bus driver needs to slow down a bit,0,images/3ngaj8.jpg
1pyc61,college kids make lectures less boring by texting all through class,1,images/1pyc61.jpg
6y8vp9,ritratio dell uomo tedesco portrait of the german man alberto martini,0,images/6y8vp9.jpg
2mzsn2,this fat whale,1,images/2mzsn2.jpg
3ybnze,dutch safety posters promoting safety on the workplace,0,images/3ybnze.jpg
cgt81ht,cutouts,0,images/cgt81ht.jpg
3x9hgs,unimpressed make up box,0,images/3x9hgs.jpg
4jj0fh,funny dog names you havent thought of,0,images/4jj0fh.jpg
3r53hu,player serving the ball in a game of sepak takraw,1,images/3r53hu.jpg
9hpy6r,it was like he was an angel how a wellprepared er doctor on skis saved a boys life after a mountain crash,1,images/9hpy6r.jpg
ddexy2,the way this hotel has stacked their sweetener packets,1,images/ddexy2.jpg
71ma51,news market upheaval experts have blamed the toys r us bankruptcy on kids interests shifting from toys to an insatiable desire for outdated road atlases,0,images/71ma51.jpg
2cqn0d,a very happy plane,0,images/2cqn0d.jpg
55icd7,thesius prime little accidents,0,images/55icd7.jpg
5qvt06,colorado legalizes medicinal fireworks,0,images/5qvt06.jpg
8bqtps,mass production temptation,0,images/8bqtps.jpg
1i5n6c,fda proposes arsenic limit in apple juice,1,images/1i5n6c.jpg
96fn3b,poor dog about to be thrown out of an airplane,0,images/96fn3b.jpg
b59iua,this hair in the shape of an on my bathroom mirror i found,1,images/b59iua.jpg
5ephqb,these trashcans are so angry,0,images/5ephqb.jpg
6ga901,finnish lease tank during operation barbarossa,0,images/6ga901.jpg
bb9v7t,mas gov baker signs legislation protecting youth into law congratulate them in taking this momentous bipartisan step forward in ensuring massachusetts is a safe and affirming state for all lgbtq children said rouse hrc national field director,1,images/bb9v7t.jpg
c5rsnq,the rain leached the yellow carotenoid pigments out of this cactus blossom into my patio,1,images/c5rsnq.jpg
8fqs0e,reverse perspective confusing perspective video,0,images/8fqs0e.jpg
3f70cp,the us navy is investigating dutch antiislam politician geert wilders on suspicion of plotting to assassinate a leading shiite political figure,0,images/3f70cp.jpg
byk56q,this hotels waffle cooker makes waffles in the shape of texas,1,images/byk56q.jpg
d7ra4d,this strawberry,1,images/d7ra4d.jpg
dbkz51,my mail delivery person thinks i speak korean so he sent me this,1,images/dbkz51.jpg
8tj8vx,tommy wiseaus new car,0,images/8tj8vx.jpg
7oo3km,cheech impersonator in a pink tutu with unhappy guy behind him,1,images/7oo3km.jpg
as3z9p,this yuri gagarin monument,1,images/as3z9p.jpg
1pn5lg,bidens niece dont you know who i am,1,images/1pn5lg.jpg
3x7t6r,woman towing children with a motorcycle,1,images/3x7t6r.jpg
37febk,college football player paralyzed during his freshman yeargiven a chance of regaining feeling below neckwalks across the stage at graduation five years later and that beautiful lady helping him his new fiance he proposed to the day before,1,images/37febk.jpg
9cb55p,restaurants name on samosa,1,images/9cb55p.jpg
6gszw3,frederick douglass and abraham lincoln meet to celebrate emancipation,0,images/6gszw3.jpg
246z5h,skymall catalog of offbeat products not doing so well,1,images/246z5h.jpg
8bcuw7,rewind faithfully me,0,images/8bcuw7.jpg
1q6ero,cat with head in hole,1,images/1q6ero.jpg
5s837x,cat in a backpack,1,images/5s837x.jpg
d5ajib,this flavor nugget i found in my bag of cheetos normal cheeto for comparison,1,images/d5ajib.jpg
d8dxbx,same car license plates one digit off,1,images/d8dxbx.jpg
cntxbg,this malfunctioning umbrella,1,images/cntxbg.jpg
18cv22,two bears getting married in washington,1,images/18cv22.jpg
90rqdo,a giant mimikyu,0,images/90rqdo.jpg
czt3eh,poem inscribed on the sidewalk cambridge ma,1,images/czt3eh.jpg
b7icpo,these are phone pixels under a microscope,1,images/b7icpo.jpg
6hwojz,white family sizes up a child born into slavery,0,images/6hwojz.jpg
59wx2v,it is thrilling to go to war in iraq endorses another,0,images/59wx2v.jpg
bnszju,he was staring at me from the shelf,0,images/bnszju.jpg
6vl2d1,house speaker ryan says us government shutdown unnecessary,1,images/6vl2d1.jpg
b6lad6,people are going to die the cost of industry deregulation by lobbyists under trump,1,images/b6lad6.jpg
32r755,fluffy cat stretching out,1,images/32r755.jpg
991ppd,sir clive marles sinclair founds sinclair computers releasing the iconic atari,0,images/991ppd.jpg
3bfrrw,al qaeda denounces isis find them horrifying and tells them jihad is not a video game,1,images/3bfrrw.jpg
6hxgob,a mangalitsa pig in,1,images/6hxgob.jpg
7cb5i1,kevin spacey denies sexual assault allegations,0,images/7cb5i1.jpg
bvpcq8,romeo and juliet,0,images/bvpcq8.jpg
couiqg,this hockey puck stuck in a camera lens,1,images/couiqg.jpg
2vvuol,my old cat giving a scheming look,1,images/2vvuol.jpg
5c1f37,skull discovered in melting snow,0,images/5c1f37.jpg
2xcrtv,scott walker says battle with wisconsin unions can ready him for isis,1,images/2xcrtv.jpg
4vssp0,donald trump had the most trump response to melanias leaked naked photos,0,images/4vssp0.jpg
bi8a26,sun melted a hole in my chocolate easter egg,1,images/bi8a26.jpg
wtqjv,well this is just tragic,0,images/wtqjv.jpg
b6b7q0,this wet grisette,1,images/b6b7q0.jpg
7f4enn,eu rules british cities cannot be capitals of culture,1,images/7f4enn.jpg
5t2sed,burger king admits to using horse meat in burgers whoppers,0,images/5t2sed.jpg
bjvij9,the hope of all the world us wwii poster,0,images/bjvij9.jpg
63zovz,gazas only fisherwoman navigates dangerous waters,1,images/63zovz.jpg
88n7nm,my grip strength trainer for guitar is not pleased,0,images/88n7nm.jpg
c0qf1g,i got a little deformed jawbreaker for free along with my regular jawbreaker,1,images/c0qf1g.jpg
185z5b,my friend getting ready for a race,1,images/185z5b.jpg
2zewaj,yawning cat,1,images/2zewaj.jpg
363ugd,door latch just brightened my day,0,images/363ugd.jpg
9hc7tv,trump handing out food,1,images/9hc7tv.jpg
9bdwhp,cross section of a felled palm tree,1,images/9bdwhp.jpg
64lwrl,chechen leader accused of massacring gay men says homosexuals are people who just dont exist in the republic,1,images/64lwrl.jpg
6tx4ph,seven decades after his disappearance wife discovers the truth,0,images/6tx4ph.jpg
3gwr9p,gasp,0,images/3gwr9p.jpg
czd94p,this sad little cookie,0,images/czd94p.jpg
65y54y,engkilili infinitude in the finite,0,images/65y54y.jpg
708v04,jeb bush getting his shoes shinned at the white house visitors in front of a sunset,0,images/708v04.jpg
bfpipr,they printed mini under the pull tab so you can still read it when its opened,1,images/bfpipr.jpg
bvdfa9,saw a ups truck that had a ups trailer attached to it,1,images/bvdfa9.jpg
axezz9,andrew wakefield publishes his findings on the mmr vaccine being the cause of autism,0,images/axezz9.jpg
29duhr,a happy brazilian footballer,1,images/29duhr.jpg
3ear98,songdo south korea,1,images/3ear98.jpg
ayrzbm,futuuuure,0,images/ayrzbm.jpg
4nxhq0,my hand sanitizer has an xbox logo on my office looks exactly like me but it didnt,0,images/4nxhq0.jpg
cpb7jk,little pools from carls jr drinks,1,images/cpb7jk.jpg
b3fybp,tap water before and after letting the faucet run for a minute,1,images/b3fybp.jpg
3ge1ad,harris county tx suspect charged with capital murder in death of children adults,1,images/3ge1ad.jpg
1z3jd6,this suitcase was happy to see me,0,images/1z3jd6.jpg
ay6wso,pens going up and down red paper fluently ripping it,0,images/ay6wso.jpg
9dp9h9,my siamese has a map of the world in her eye,1,images/9dp9h9.jpg
6vs1i3,this smug face cabinet looking high on socks,0,images/6vs1i3.jpg
3cxtw5,d good day to be a box,0,images/3cxtw5.jpg
2osxis,merkel allies want immigrants to speak german at home,1,images/2osxis.jpg
3qh5qd,a doll wife spite,0,images/3qh5qd.jpg
4mwl4x,stanford rape case sex offenders dad says months is too harsh for minutes of action,1,images/4mwl4x.jpg
6ogfln,a double banana,1,images/6ogfln.jpg
3448xj,threealarm fire engulfs senior center under construction in east baltimore,1,images/3448xj.jpg
aure6h,auschwitz gas chambers,0,images/aure6h.jpg
uzrzs,north dakota to vote on abolishing property tax bringing in millionyear measure as the proposal is called on the ballot would require state government to make up for property tax revenue lost by local governments but doesnt specify how,1,images/uzrzs.jpg
4x8qkb,reasons millennials leave a job,0,images/4x8qkb.jpg
91mx3i,george clemenceau and kaiser wilhelm during the first world war ca,0,images/91mx3i.jpg
di4pj2,man with a big stack of schnitzels,1,images/di4pj2.jpg
7ih29z,an eerie post apocalyptic scene taken from the freeway yesterday,1,images/7ih29z.jpg
cwg9fj,grandma caterpillar putting on lipstick,0,images/cwg9fj.jpg
d04qgj,this worn down spot on the bathroom door because no one wants to touch the actual handle,1,images/d04qgj.jpg
7r64jf,porn star stormy daniels described affair with donald trump in magazine interview,1,images/7r64jf.jpg
73uror,us supreme court divided over key employment dispute,1,images/73uror.jpg
5x2fgo,mother finds lost son after years apart,1,images/5x2fgo.jpg
6z9ogw,glorious with a heroes is our land govorkov v ussr,0,images/6z9ogw.jpg
6jk5nm,our glorious lord vader is a great keeper but no one ever talks about,0,images/6jk5nm.jpg
5n6j9u,seaworld cafe introduces new pound orca burgereating challenge,0,images/5n6j9u.jpg
1uu3nh,oh behave,1,images/1uu3nh.jpg
bt399l,this pronghorn antelope i saw today,1,images/bt399l.jpg
3vyqij,tearjerking moment navy dad surprises children for christmas,1,images/3vyqij.jpg
6vuuwz,hurricane harvey keeps gaining strength cnn,1,images/6vuuwz.jpg
2ubouj,cat browsing reddit,1,images/2ubouj.jpg
d4a5dx,cracked up candy heart asked for help,1,images/d4a5dx.jpg
3meu28,saw some huge cumulonimbus clouds on my hike today,0,images/3meu28.jpg
d8fx56,parquet courts oi,0,images/d8fx56.jpg
b8s2hz,electronic music helps repel mosquitos study,1,images/b8s2hz.jpg
50e5o3,man wearing a duck mask,1,images/50e5o3.jpg
bbo24d,yeah but does your shopping center have any dystopian street cred,1,images/bbo24d.jpg
vvi13,my nephew said his chicken tender looks like barts grandpa,0,images/vvi13.jpg
6y9x7y,one man feeding another on beach,1,images/6y9x7y.jpg
92oqxy,a surprised fat ninja turtle,0,images/92oqxy.jpg
b7h5ei,moab dropped on an isis complex in afghanistan c,0,images/b7h5ei.jpg
9gt8ez,a local village uses signage created by primary school students,1,images/9gt8ez.jpg
5vstcl,isis executioner with two victims shortly before beheading both of them to dehumanize them he has had them labeled merely as thing one and thing two while their identities are unknown they are believed to be innocent yazidis,0,images/5vstcl.jpg
8lrv3o,kennedy is shot during celebration of the official transition of the sex tunnels circa,0,images/8lrv3o.jpg
44ar14,preparing for fashing in germany,1,images/44ar14.jpg
8f7lcr,these two people in sleeping bags hanging on a cliff face,1,images/8f7lcr.jpg
8rmre1,simon of cyrene helping jesus carry his cross circa ad for effect,0,images/8rmre1.jpg
809ppm,in sentence elon musk shares his single best piece of business and personal advice,0,images/809ppm.jpg
67pn72,need help removing your old intercom why not zoidberg,0,images/67pn72.jpg
2ry3ts,new discovery channel chief promises no more madeup bullshit,1,images/2ry3ts.jpg
5gwggd,dueling blue dragons,0,images/5gwggd.jpg
bvixqk,this tiny pasta inside a bigger pasta,1,images/bvixqk.jpg
1y0952,paul oconnell fearsome rugby player tries his hand at cheerleading,1,images/1y0952.jpg
2u8agz,quarai the land as it should be x,0,images/2u8agz.jpg
47x9fy,the wiggles played an adults only show and these grown up s kids went absolutely nuts,1,images/47x9fy.jpg
b279jy,thi d tictactoetuo,1,images/b279jy.jpg
bxling,how i make my hot chocolate,1,images/bxling.jpg
5n7w9y,statue of king arthur on the top of tintagel cliffs,1,images/5n7w9y.jpg
bjszw2,a tree growing at a perfect deg angle a photo i took on a school trip in nz in,1,images/bjszw2.jpg
1rxehm,deputies son punches dad in fight about mac and cheese,1,images/1rxehm.jpg
bvyqe9,the igloo my dad and i made this winter all snow except some ski poles at the top to help finish it,1,images/bvyqe9.jpg
d7ff65,the expiration date is printed on this dog biscuit,1,images/d7ff65.jpg
b8cqe3,thanos completes the infinity gauntlet,0,images/b8cqe3.jpg
5c0yym,this roof is very pleased about something,0,images/5c0yym.jpg
8abxn8,magnum opus sincerity,0,images/8abxn8.jpg
1me4w1,a pitbull used as a baitdog is rescued and makes a full recovery,1,images/1me4w1.jpg
bxqocc,do you understand my human compatriots have made mad gains on my and my also human girlfriend did the human takeover is eminent,0,images/bxqocc.jpg
1a6rh6,bird turd jesus ohio man jim lawry says dropping on his windshield is image of christ,1,images/1a6rh6.jpg
9cqend,this tomato looks like an upsidedown heart,1,images/9cqend.jpg
69tyte,liebenscheid get away from me,0,images/69tyte.jpg
b7uiu7,lemons tied to a tree in for some reason,1,images/b7uiu7.jpg
4nzuap,mfw a reformist socialist who is a true candidate of the gulag,0,images/4nzuap.jpg
81u6qu,theodore roosevelt explaining big stick diplomacy to his cabinet,0,images/81u6qu.jpg
bbpri9,nasa presents first image of black hole,0,images/bbpri9.jpg
camhsk,the amount of wax i just scraped of my apple,1,images/camhsk.jpg
7kd8q3,caitlin still didnt understand why ben needed to spice it up with sfw visual aids,0,images/7kd8q3.jpg
4rvgx5,okaro white your better self,0,images/4rvgx5.jpg
7zjucm,nation satisfied as selena gomez completes transition into sexualized plaything,0,images/7zjucm.jpg
6u72bh,antifacist disrupting white supremacy group,0,images/6u72bh.jpg
chrat4,this strawberry my auntie grew,1,images/chrat4.jpg
3wgb02,football player devon still offers yearold cancer patient trip to disney world after she was bullied online,1,images/3wgb02.jpg
b9xeqo,hitlers right hand willem trying to impersonate him colourized,0,images/b9xeqo.jpg
8610d1,stranger things stars cheer up kid after classmates fail to attend birthday party,1,images/8610d1.jpg
6ea73i,trump marks memorial day with arlington visit,1,images/6ea73i.jpg
6d4740,life the sad state of americas public schools this teacher isnt hot at all,0,images/6d4740.jpg
bbafkk,reallife lobbyist permanently banned from eve onlines elected player body,1,images/bbafkk.jpg
x7rv2,i was making a smoothie when i saw this guy oo,0,images/x7rv2.jpg
4s8nc9,a crack appeared on my sisters ceiling three days later this happened,0,images/4s8nc9.jpg
9d0128,this extremely long plunger at my work,1,images/9d0128.jpg
cfq4i4,french government reacts after the germans attack neutral belgium instead of the maginot,0,images/cfq4i4.jpg
2vay94,how isis got their disturbingly catchy theme tune,1,images/2vay94.jpg
16khbq,star wars game segregates gay characters onto gay planet,1,images/16khbq.jpg
d2bnye,this pepper core that looks like a nesting penguin inside a shrine,1,images/d2bnye.jpg
96ugh4,harambes shooter caught on film decolorized,0,images/96ugh4.jpg
8dzio3,kikis delivery service,0,images/8dzio3.jpg
52d66b,giant insect writing on a chalkboard,0,images/52d66b.jpg
92n8hx,burn victim shows off their legs,0,images/92n8hx.jpg
9hak9j,american soldier of the th infantry regiment tennessee national guard part of the th infantry division resting during the battle of the bulge january,0,images/9hak9j.jpg
c02bv2,this weather cell just passed over our little town in western australia i had to stop the car to fully appreciate it,1,images/c02bv2.jpg
clgpmx,suddenly the north sea lost at the disputed waters where china and investors,0,images/clgpmx.jpg
d5k433,it was so humid when boarding my flight yesterday that you could see the air conditioning coming out like fog,1,images/d5k433.jpg
3g515v,report mich lawmaker fabricated male prostitute story to hide affair,1,images/3g515v.jpg
c56mu3,i made a da vinci bridge with matchsticks,1,images/c56mu3.jpg
1a21k0,best school day picture ever,1,images/1a21k0.jpg
d69lyg,the way these water droplets from on this tablecloth,1,images/d69lyg.jpg
2n1xni,yips yips,0,images/2n1xni.jpg
19xxl8,gun show host shot and killed by a jealous husband,1,images/19xxl8.jpg
artc12,my dad orders a mediterranean wrap at this restaurant so often that they named it after him,1,images/artc12.jpg
25it6u,a nose grown in the laboratory using stem cells and synthetic polymers from rpics,1,images/25it6u.jpg
2rj1wu,cyclists bike stolen at police station while reporting iphone theft,1,images/2rj1wu.jpg
73udsd,theres one good reason to update to macos high sierra,0,images/73udsd.jpg
37mk3e,justice at last this man spent years in prison for a crime he didnt commit so now theyre letting him commit that crime,0,images/37mk3e.jpg
b8bzid,dem lawmaker calls for devos to resign cites use of racist research,1,images/b8bzid.jpg
b18il9,always texting and driving,0,images/b18il9.jpg
hburt,im not sure id want to park next to this motorcycle,0,images/hburt.jpg
8j7u9f,vietnamese forces retreating from american infantry,0,images/8j7u9f.jpg
brkz6p,my egg looks terrified,1,images/brkz6p.jpg
cg7ataj,foto,0,images/cg7ataj.jpg
2mpmwp,my grandmother and this large fake shark,1,images/2mpmwp.jpg
db0ihq,this rock shaped like a topographic map,1,images/db0ihq.jpg
6bd4xg,the scream,0,images/6bd4xg.jpg
8samgd,ussf basic training circa,0,images/8samgd.jpg
asgwhy,sir donkilous and the groovy pears back into the bush,0,images/asgwhy.jpg
daa3a3,contrails making my neighbours chimney appear to be smoking,0,images/daa3a3.jpg
5t75d2,cryptic new laundry room rule hints at tale of bizarre infraction,0,images/5t75d2.jpg
cfic9a,tree in the passenger seat,1,images/cfic9a.jpg
c3nybo,grass started growing out of this bundle of hay after some rain,1,images/c3nybo.jpg
arhcq4,the saudi prince heading to do some quad racing,0,images/arhcq4.jpg
972sxa,by the cost of renewables could be so near to zero it will effectively be free financial times,1,images/972sxa.jpg
ddfua7,fast food place in a small canadian town,1,images/ddfua7.jpg
1876ig,sledge racers in bavaria germany,1,images/1876ig.jpg
5q5lyi,dan harmon explains the wait for rick and morty season,0,images/5q5lyi.jpg
d8fv5j,this house with a matching mailbox,1,images/d8fv5j.jpg
btlkvb,my egg carton tells you the different types of chicken ranges,1,images/btlkvb.jpg
cy02b6,steamy lines while simmering ricearoni,1,images/cy02b6.jpg
3k572q,to former cia officials torturers are the real victims,1,images/3k572q.jpg
4lp60c,people snapped up homes in just hours in this city,0,images/4lp60c.jpg
d9rim2,squirrel with a mouthful of yarn,1,images/d9rim2.jpg
3hl29a,cleveleys sunset oc,1,images/3hl29a.jpg
9c36hl,unidentified man refuses to do the nazi salute,0,images/9c36hl.jpg
5cekq2,obama his fiancee,1,images/5cekq2.jpg
b4t40r,kylo rens voice replaced with a bongo cat solo,0,images/b4t40r.jpg
9ehqqq,a fat toy snake,1,images/9ehqqq.jpg
by1saf,my friend made silly faces while i took a panorama picture,1,images/by1saf.jpg
1qv9im,its great to keep milk in a baby bottle,0,images/1qv9im.jpg
9k8pbt,barbra mastitis,0,images/9k8pbt.jpg
8p5kdt,this lion that was surprised while eating,1,images/8p5kdt.jpg
67uvyw,this teenage kid holding a katana,1,images/67uvyw.jpg
832b1f,my dog looks like a poor inner city children and the person who got her phone number replied,0,images/832b1f.jpg
arzkim,the way the syrup filled this waffle to a perfect square,1,images/arzkim.jpg
2wbv2x,mechanical creation come to life found it at work,0,images/2wbv2x.jpg
6ajmtr,transgender cadets at military academies can graduate but not serve,1,images/6ajmtr.jpg
8cxwcn,hi happy backpack,0,images/8cxwcn.jpg
2ak42c,nihang sikh,1,images/2ak42c.jpg
buv63w,this is nav bhatia and hes the raptors biggest fan having never missed a home game since after a bucks fan made a racist tweet about him he offered to buy him dinner,1,images/buv63w.jpg
5cz5i8,the super moon over an oil refinery chimney,1,images/5cz5i8.jpg
9jaf4w,this shallot had hearts in it,1,images/9jaf4w.jpg
ci7kyc,i saw a rainbow cloud today,1,images/ci7kyc.jpg
chj8ot,this lonely tree on the mountainside,1,images/chj8ot.jpg
c0wp0t,every single egg in my latest dozen has been a double yoke,1,images/c0wp0t.jpg
1g8tqg,blessed are the peacemakers modern painting by ron dicianni photographed before being removed from the mountain home air force base dining hall after a complaint by the military religious freedom foundation current event,0,images/1g8tqg.jpg
coo9yg,oh no im gonna drown,0,images/coo9yg.jpg
6u6h4v,bliss the point of no return,0,images/6u6h4v.jpg
8l7fec,trump backs away from china trade war while a trump development gets a million chinese loan,1,images/8l7fec.jpg
36wyai,white helmets bring civilian aid to syrias conflict,1,images/36wyai.jpg
2chivg,teens getting hurt playing fire challenge game,0,images/2chivg.jpg
8iyr1k,this cat helping me measure things,0,images/8iyr1k.jpg
296xp7,ssssafety first,0,images/296xp7.jpg
c2lymo,in plain sight the free birds my very first fake album cover comes from a request from ucommunismal,0,images/c2lymo.jpg
3axwje,venezuelan veterinarian arrested for allegedly smuggling heroin in puppies,1,images/3axwje.jpg
4m14fk,dancer with a nuclear explosion in the background,1,images/4m14fk.jpg
bj83rq,faulty sign changes meaning,1,images/bj83rq.jpg
arph23,this was that needed to be assembled and sold i still think about it wonder if its happy with its new owner,0,images/arph23.jpg
d5acce,this dumbbell i bought from some guy had a misprint,1,images/d5acce.jpg
5x5eqm,black kitty with a blanket on her head,1,images/5x5eqm.jpg
2fpng1,new high tech prosthetic hand,0,images/2fpng1.jpg
295xtr,chopin g minor ballade m,0,images/295xtr.jpg
21y0le,saylor mercury,1,images/21y0le.jpg
bdu0u2,cookie monster,0,images/bdu0u2.jpg
asxjlo,the domestication of camels bc,0,images/asxjlo.jpg
3au85c,largest offshore wind turbine unveiled in fukushima,1,images/3au85c.jpg
8qmgja,in un speech us president donald trump vows to totally destroy north korea in case of a nuclear attack,0,images/8qmgja.jpg
azwmjr,the tail looks like a tunnel going into the cat,0,images/azwmjr.jpg
c0f2us,this perfectly flat shallot,1,images/c0f2us.jpg
ctuxle,this mr fee noodles has spice bags sry for bad english,1,images/ctuxle.jpg
cdbwdk,creativedisguize,0,images/cdbwdk.jpg
ddsw9p,the uplifting instructions on this toothbrush packaging,1,images/ddsw9p.jpg
7m8u2f,this kid jumping into snow,1,images/7m8u2f.jpg
d3785z,a house i did work ins walls pretty walls,1,images/d3785z.jpg
5vctvl,a girl getting pitched over a car,1,images/5vctvl.jpg
6cdy07,national socialism vs communismnasjonal samling poster s,0,images/6cdy07.jpg
zuabf,extremely rare white rhino flanked by armed bodyguards,1,images/zuabf.jpg
950yrc,wonky nose,0,images/950yrc.jpg
8823f0,a new epithet emerges for parkland teens calling for more gun control nazis,1,images/8823f0.jpg
bhg6t9,the way this licence plate reflects onto the sidewalk,1,images/bhg6t9.jpg
15ozyr,hilarious high school basketball collision,1,images/15ozyr.jpg
6x6xe7,the undercarriage of a kitten,1,images/6x6xe7.jpg
68yqnk,dog with a nice background,1,images/68yqnk.jpg
3u7cdt,after an mile journey a lost dog finds his way back to his foster mom,1,images/3u7cdt.jpg
djrfnr,the gender identifiers on the bathrooms at the galway ireland bus station are vincent vega and mia wallace from pulp fiction,1,images/djrfnr.jpg
49x42o,inmate posts rave online review of his jail cell,1,images/49x42o.jpg
blgj0d,this robin eats lunch in the office with me,1,images/blgj0d.jpg
28k22j,macaulay culkin unleashing a wicked first pitch in,1,images/28k22j.jpg
7tnve2,news emotional moment the grammys just projected a hologram of tom pettys corpse on stage during a moving tribute,0,images/7tnve2.jpg
ca0j7q,this deformed strawberry i ate,1,images/ca0j7q.jpg
cn7wf5,my green pepper had a smiley face in the center,1,images/cn7wf5.jpg
51ljzo,cat laying on the bed in flying formation,1,images/51ljzo.jpg
az819c,the first rocket which could fly high enough to get into space was the v missile which was first launched by germany in the first rocket which launched something into space was used to launch sputnik the first satellite on rockets dont propel in space full explanation,0,images/az819c.jpg
5l5kx8,trump praises putin for great move not responding to russia sanctions i always knew he was very smart,1,images/5l5kx8.jpg
60nny4,pa republican lawmaker suggests god is a polluter,1,images/60nny4.jpg
8v1ord,new up and coming rockstar practices before the big show,0,images/8v1ord.jpg
3jm6l5,apopka gun maker etches scripture on assault rifle,1,images/3jm6l5.jpg
2jvnib,staring competition champion since,0,images/2jvnib.jpg
7qfxz8,tom cruise using a unique form of scientology voodoo to recruit a new member,0,images/7qfxz8.jpg
48q6t5,audubon society reveal theyve only seen like birds,0,images/48q6t5.jpg
3j9ens,help me find him pregnant french tourist seeks sunshine coast lover,1,images/3j9ens.jpg
30fbld,marge,0,images/30fbld.jpg
2e8lme,my friends horse diezel,1,images/2e8lme.jpg
745trj,me when i get or more upvotes on a comment,0,images/745trj.jpg
876jr5,last known video footage of harambe at cincinnati zoo enclosure prior to incident,0,images/876jr5.jpg
dgj8n3,this potato chip,1,images/dgj8n3.jpg
6uz7aa,this guy who just won a nerf war,1,images/6uz7aa.jpg
53glh0,marine holding umbrella for obama,1,images/53glh0.jpg
212utq,my girlfriend caught off guard,1,images/212utq.jpg
7wv4l8,san francisco ers colin kaepernick taking a knee during the national anthem,0,images/7wv4l8.jpg
2jhvgt,suspended for not using a racial slur,1,images/2jhvgt.jpg
bbc6h8,switzerland during ww colourized,0,images/bbc6h8.jpg
12gwh5,person doesnt know how to use a pay phone,1,images/12gwh5.jpg
7qevid,burn blistersowwee,0,images/7qevid.jpg
9h0mo6,trump dossier stuck in new york didnt trigger russia investigation sources say,1,images/9h0mo6.jpg
2wumkv,kirsch operator im right where im supposed to be,0,images/2wumkv.jpg
2412g6,sushi,0,images/2412g6.jpg
ay4gxe,this aston martin with virtually invisible headlights,1,images/ay4gxe.jpg
cxmwy9,this airplane themed restaurant in china,1,images/cxmwy9.jpg
4k85rd,roger roger,0,images/4k85rd.jpg
2d9ycm,nj cop obama doesnt follow the constitution so neither should we,1,images/2d9ycm.jpg
9k04kx,turkish poster from the grecoturkish war s,0,images/9k04kx.jpg
ca28df,longmire pause screen fingerwrist,0,images/ca28df.jpg
5kk5lu,we care we act european union,0,images/5kk5lu.jpg
1acl1i,my car cant believe it,0,images/1acl1i.jpg
5uez0a,man get professional headshot with his cat,1,images/5uez0a.jpg
8yoiqm,muellers new indictment shows trump colluding with russia,1,images/8yoiqm.jpg
2qdq1s,surprised girl with iguana placed on her arm,1,images/2qdq1s.jpg
d6pdmy,the name of the demolition company at my school,1,images/d6pdmy.jpg
3xo665,victoria bridge,1,images/3xo665.jpg
dh01zb,husband and i wanted to invite the guy ive been randomly squatting all day,0,images/dh01zb.jpg
812iye,south african parliament seeks to change constitution to allow expropriation of whiteowned farmland without compensation,1,images/812iye.jpg
cvfcz5,this potato weve been growing in a glass vase,1,images/cvfcz5.jpg
9egvpb,this folded pringle,1,images/9egvpb.jpg
b9vneo,my walmart is getting decorational,1,images/b9vneo.jpg
8biqj2,zuckerberg apologizing for privacy violations during congressional hearing circa,0,images/8biqj2.jpg
ceo455a,other discussions,0,images/ceo455a.jpg
3czcwl,best year of my dreams last night,0,images/3czcwl.jpg
5ieskx,the way the tread lines up nicely with the rest of the wikipedia page for rule of three,0,images/5ieskx.jpg
1ynu3d,irish rugby player brian odriscoll strikes a pose,1,images/1ynu3d.jpg
bkytg4,these ignition coils have had a wild ride,0,images/bkytg4.jpg
8wahre,the dods app store does this one crucial thing to stay secure,0,images/8wahre.jpg
b4xpft,governer schwarzenegger strongly defends his new girlscup law to help reduce plastic waste,0,images/b4xpft.jpg
85pnzz,years after it crash landed on a beach in wales an american p fighter plane emerged from the sand where it was once buried,0,images/85pnzz.jpg
cpzc9b,never know what youll find underneath some dirty floors,1,images/cpzc9b.jpg
352b0y,couple found guilty of having sex on a florida beach faces up to years in prison,1,images/352b0y.jpg
83fk9u,woman sleeping in a strange position,1,images/83fk9u.jpg
56iezr,breaking news video surfaces of potential church deacon donald drump using slightly negative tone with wife,0,images/56iezr.jpg
5ngu0s,why is this not the first stage of the guys morty,0,images/5ngu0s.jpg
cm217j,this fist sized lily i grew,1,images/cm217j.jpg
cuu7xj,this chamois standing her ground,1,images/cuu7xj.jpg
3ut832,request tsu tsuuse this tsu tsuuse this tsu tsuuse this tsu tsu,0,images/3ut832.jpg
8blinw,historic image of mark zuckerberg testifying to congress,0,images/8blinw.jpg
6h4npr,milq qarton cafesyria,0,images/6h4npr.jpg
3cp4r6,panorama at ocean with some rocks and a double rainbow,1,images/3cp4r6.jpg
5qco4y,melania trumps iq is unnerving,0,images/5qco4y.jpg
74adyd,trump takes a first step toward scrapping obamaas global warming policy,1,images/74adyd.jpg
cwdsin,bodycam video released in chino police shooting of man suspected of growing distributing marijuana,1,images/cwdsin.jpg
7z7iep,of the craziest knockoff fastfood chains from around the world,0,images/7z7iep.jpg
46l21c,john cena in water,1,images/46l21c.jpg
5i2m6t,screenshot of solitude ran through prisma looks like lets show some love to the wrong neighborhood,0,images/5i2m6t.jpg
btr2ek,a geyser around my house,1,images/btr2ek.jpg
ct8xra,german general giving last salute before being executed,0,images/ct8xra.jpg
53ir00,a woman holding a large cat,1,images/53ir00.jpg
2ev008,zara apologizes says yellow star shirts will be exterminated,1,images/2ev008.jpg
5o3rkh,angry villagers beat alien like creature but the truth is heartbreaking,0,images/5o3rkh.jpg
5n7zh6,manhattan building given to tribe who historically lived on island,1,images/5n7zh6.jpg
5tynfz,oreye if there ever was,0,images/5tynfz.jpg
cjuztw,abandoned robot in my street,1,images/cjuztw.jpg
5l8hyw,uncomfortable letterman with joaquin phoenix,1,images/5l8hyw.jpg
7yj3sp,this chipper owl,1,images/7yj3sp.jpg
asgl93,this picture of a spider which you can see the individual eyes of if you zoom in,1,images/asgl93.jpg
2ir7gi,uea students urged to urinate in shower,1,images/2ir7gi.jpg
6ta9cz,as hospital violence grows nurses seek reforms too many of us are being hurt,1,images/6ta9cz.jpg
d6fhhm,water pistol owners invited to soak charles rennie mackintosh masterpiece,1,images/d6fhhm.jpg
6uc62g,mrw i enter a qwop cheat code that lets you transform into a raccoon magician in training and i have the upper rightand the centerbut then suddenly taking up residence in my coffee,0,images/6uc62g.jpg
6ddhl8,looking down at the top of a whaletoy,0,images/6ddhl8.jpg
9jxuo4,this bookstores clock is made of appropriately titled books,1,images/9jxuo4.jpg
8qmtr2,this militant chicken dissaproves of you,0,images/8qmtr2.jpg
7wgbzw,mcdonalds bathing suit,0,images/7wgbzw.jpg
cz8gvq,book upside down and backwards still reads as book,1,images/cz8gvq.jpg
c9oayf,my candle exploded,1,images/c9oayf.jpg
988apx,staying alive,0,images/988apx.jpg
cvvlfh,the results of the wave of antiabortion laws in america is one of the robots how trump fuels the fascist right,0,images/cvvlfh.jpg
2fw13x,this redditor posing in front of a bus stop,1,images/2fw13x.jpg
b7uxfv,monumental kilometres moment,1,images/b7uxfv.jpg
6n4fsf,these abandoned sinks look like faces,0,images/6n4fsf.jpg
4wa3xy,villagers save drowning leopard,1,images/4wa3xy.jpg
9c83xj,truck with its own glamour shot,1,images/9c83xj.jpg
3jod13,year old girl achieves maximum mensa iq test score sample questions included,1,images/3jod13.jpg
e10nce8,available here,0,images/e10nce8.jpg
ayrg14,beginning of the antivax movement in the united states c,0,images/ayrg14.jpg
d5og7e,the spongebob nuggets in this kid cuisine dont have arms while the patrick nuggets do,1,images/d5og7e.jpg
b5crid,white settlers kicking native americans off their own land circa,0,images/b5crid.jpg
8nkv3s,per svenssons dream of americathe reality swedish antiemigration,0,images/8nkv3s.jpg
8lokiq,fellowship of the most accurate,0,images/8lokiq.jpg
dc0v38,crack open a can of good vibes today,1,images/dc0v38.jpg
30luvd,tiny droplets of water,1,images/30luvd.jpg
3xcuih,carrie fisher looking good for the camera,1,images/3xcuih.jpg
6omrvd,be ready always prc,0,images/6omrvd.jpg
2s0vmh,justin biebers calvin klein photo doesnt like his pictures being made fun of,1,images/2s0vmh.jpg
3536yi,this hubcap has seen things you would never believe,0,images/3536yi.jpg
12rm0l,romney ive only written a victory speech,1,images/12rm0l.jpg
2rk1x3,liam neeson helpfully informs american parents that taken is fiction,1,images/2rk1x3.jpg
938r64,a bird in the corner of a building,0,images/938r64.jpg
c3fasn,looked down to see i had number runs on my odometer,1,images/c3fasn.jpg
5uz2kz,happy doggy,0,images/5uz2kz.jpg
19oulh,alfred hitchcock in a cannon,1,images/19oulh.jpg
djf3vq,id like to put this tree in my bowl and smoke it,1,images/djf3vq.jpg
clwtvw,this burn mark on my coworkers arm he has trouble reading apparently,1,images/clwtvw.jpg
5tls4f,laptop selection is are no longer has a ghz dualcore processor,0,images/5tls4f.jpg
2tl4kz,gowrie house the essence of all wishes x,0,images/2tl4kz.jpg
cmdz7f,my city has cellular towers disguised as palm trees,1,images/cmdz7f.jpg
2dbah2,two hour queue for vladimir putin tshirts in moscow,1,images/2dbah2.jpg
2wv32c,nation delighted as many famous people in same room together,0,images/2wv32c.jpg
36tnn0,the first dildo of the presidential election,1,images/36tnn0.jpg
astc7z,clint eastwood said what,0,images/astc7z.jpg
bjc6ll,this banana has a name,1,images/bjc6ll.jpg
bbhdwe,this moon,0,images/bbhdwe.jpg
5q46oj,india just banned all forms of disposable plastic in its capital,1,images/5q46oj.jpg
1va3io,han solo and blaster,1,images/1va3io.jpg
5ovb91,dont be shy,0,images/5ovb91.jpg
3mh1vt,apple investigated by russia for homosexual over its emojis featuring samesex couples,1,images/3mh1vt.jpg
8oh54a,giant deep sea isopod,1,images/8oh54a.jpg
b1cpcz,the swiss rail network has these soap shaverdispensers in their trains bathrooms,1,images/b1cpcz.jpg
4v64ot,hillary clinton holds infant grandson upside down by ankle in front of convention crowd,0,images/4v64ot.jpg
22xms7,i have no idea how many calories are in my grandmothers gefilte fish,1,images/22xms7.jpg
d04vrb,this penny from,1,images/d04vrb.jpg
c85alg,this workout out die,1,images/c85alg.jpg
3t3hy7,pregnant woman among rescued from overturned suv in miramar,1,images/3t3hy7.jpg
by9cio,the declaration of independence,0,images/by9cio.jpg
b1gpcn,terror the second year of hitlers war uk other side and translation in link,0,images/b1gpcn.jpg
bjrtsh,the reflection of the building behind me made it look like the cars windows were rolled down,1,images/bjrtsh.jpg
c0cty8,roadblock soviet union,0,images/c0cty8.jpg
5jjxt9,chicago man suing mcdonalds for lack of value in value meals,1,images/5jjxt9.jpg
8hd1pk,not sure if our beach house belongs here or in rmildlyinfuriating,0,images/8hd1pk.jpg
b4z24d,this fortune in my fortune cookie i got today,1,images/b4z24d.jpg
614poy,nevada ratifies the equal rights amendment years after the deadline,1,images/614poy.jpg
2xkbad,united kingdom ww tittle tattle lost the battle,0,images/2xkbad.jpg
8zj5y3,undercover agent spying on the americans in the iraq war,0,images/8zj5y3.jpg
1uqaai,poor dog left to die amazing man will renew your faith in humanity,1,images/1uqaai.jpg
3eayxl,six times reddit wasnt completely awful,1,images/3eayxl.jpg
4qpxhl,stepped in gum on the way to work,0,images/4qpxhl.jpg
2ui9vb,perfectly hardboiled egg cut in quarters,0,images/2ui9vb.jpg
2nqral,seattle seahawks defense hovering slightly over the field,1,images/2nqral.jpg
3f966s,in this fake city cars learn to talk to each other,1,images/3f966s.jpg
b54nh0,these two water bottle packages use different conversion rates,1,images/b54nh0.jpg
b9gk5n,openly gay black woman overwhelmingly wins chicago mayoral race a movement for change,1,images/b9gk5n.jpg
mmgkp,afraid to be eaten,0,images/mmgkp.jpg
9ilzm5,the new philadelphia flyers mascot gritty,1,images/9ilzm5.jpg
2ew6bn,univ of iowa professor calls for protest of pink locker room,1,images/2ew6bn.jpg
691aeh,this was always my favorite ride at the county fair,0,images/691aeh.jpg
9fcuj0,terry crews taking a selfie with big bird,1,images/9fcuj0.jpg
2e5nfk,vancouver man creeped out by drone buzzing near his thstory condo,1,images/2e5nfk.jpg
axl00d,professor at all male college holds students baby during lecture so student could take notes,1,images/axl00d.jpg
d1vpb0,the inside of an old rotary style phone,0,images/d1vpb0.jpg
8phzlr,unite the right rally,0,images/8phzlr.jpg
aymouz,this photo looks like its been squished,0,images/aymouz.jpg
4one8l,cbs philly girls found in bucks county home man charged with sex assault,1,images/4one8l.jpg
9g560f,this mexican restaurant has rebar wrapped in a metal tortilla as a door handle,1,images/9g560f.jpg
30sbsb,stubborn pigeon rescued by ibm,1,images/30sbsb.jpg
2qxfiz,peta gives award for canceling new year fireworks,1,images/2qxfiz.jpg
c1suar,measles cases in us rise to,1,images/c1suar.jpg
4o4slf,marble bears,0,images/4o4slf.jpg
7wgb1u,trump and kim jongun making bets at the olympic,0,images/7wgb1u.jpg
co8zaa,question mark at the end of starspangled banner wall decoration,1,images/co8zaa.jpg
7muoth,i mean just keep the faith woman gets christmas kidney after fiveyear wait,1,images/7muoth.jpg
c72fag,temperature map of antarctica shows where the water is frozen,1,images/c72fag.jpg
2tlatj,kastamonu you want more,0,images/2tlatj.jpg
yfc98,showing off some hand skills,1,images/yfc98.jpg
2dqcs0,why did the chicken cross the road oregon cops dont know,1,images/2dqcs0.jpg
6l7dam,three more states refuse trump commissions voter data request,1,images/6l7dam.jpg
2spdjj,drunk man tried to have sex with postbox in middle of shopping arcade,1,images/2spdjj.jpg
2k8ex2,twitter to open learning center for lowincome and homeless in san francisco next summer,1,images/2k8ex2.jpg
awp3b9,donald trump hugging the flag,1,images/awp3b9.jpg
dl5bxv,spider carrying a bee,1,images/dl5bxv.jpg
5kga86,papua new guinea boys journey to australia to cure rare bone disorder,1,images/5kga86.jpg
4fkz5c,ambiance the worlds longest ever film gets a seven hour trailer,1,images/4fkz5c.jpg
1qitj5,steven tyler falling off of a surfboard,1,images/1qitj5.jpg
7kiunl,equality of sacrifice labour party poster uk,0,images/7kiunl.jpg
bkpu11,this poor prehistoric frog found in a mall parking lot,1,images/bkpu11.jpg
6311wl,donald trump and russia what we learned this week,1,images/6311wl.jpg
d96yqp,this tree that wears its own camouflage,1,images/d96yqp.jpg
djruql,coworkers coffee based accidental science project,1,images/djruql.jpg
44av33,new york post photos leaked of congressman exposing himself behind desk n s f w,0,images/44av33.jpg
3d68xt,local woman says tshirt sends wrong message,1,images/3d68xt.jpg
5x4gkj,burn it dissolve it eat it is the solution to indias waste problem in the bag a bengaluru businessman believes his organic plastic bags can help to reduce indias m tonnes of annual plastic consumption,1,images/5x4gkj.jpg
72atsc,hero in nashville church shooting pray for the shooter,1,images/72atsc.jpg
4gvrys,hand holding tiny bat,1,images/4gvrys.jpg
68oikn,couple camping in california receives disturbing threat,1,images/68oikn.jpg
7v0hp7,amelia earharts final takeoff before her disappearance overseas circa,0,images/7v0hp7.jpg
8g11rb,tom brokaw touched so many women would go out of their way to defend filthy old pervert like himself,0,images/8g11rb.jpg
9002zc,this dogs ass looks like god,0,images/9002zc.jpg
6uq711,penis cutaway diagram,0,images/6uq711.jpg
7kakvx,walk for peace abolish nuclear weapons fund human needs poster produced for the vancouver school board,0,images/7kakvx.jpg
2mies6,adam cole wrestler taking a nap midmatch,1,images/2mies6.jpg
2caizf,there was a shark in our wood stove,0,images/2caizf.jpg
7w48ix,these smoke stacks,0,images/7w48ix.jpg
b4hk43,jews attempting to escape auschwitz circa,0,images/b4hk43.jpg
3d1gck,attention,0,images/3d1gck.jpg
2gr83y,wound that looks like jesus on the cross,0,images/2gr83y.jpg
bqd6vn,hes friendly but he has a drooling problem,0,images/bqd6vn.jpg
5wc58j,sudanese man grabs maize from a starving child during food distribution at a humanitarian aid feeding center ajiep sudan x,0,images/5wc58j.jpg
7ryk1v,goldbricking an american serviceman waiting to see a doctor antivenereal disease poster color lithograph s,0,images/7ryk1v.jpg
7irb9y,local students get credit for keeping daytona barnes noble open,1,images/7irb9y.jpg
53ag1y,former cia director mike morell have cia kill iranians and russians,1,images/53ag1y.jpg
24mcfs,comcast and ea said to be planning streaming games service,1,images/24mcfs.jpg
4inbns,atomium a building in brussels belgium,1,images/4inbns.jpg
5x8ky8,plus people turn up to support collinsville restaurant trying to rebuild,1,images/5x8ky8.jpg
cwzy8n,charges man threw screws onto roads to thwart exgirlfriends new relationship,1,images/cwzy8n.jpg
cel7zf,my neighbors cat has had a gender change due to a urinary problem they remove the genitals and shorten the urethra causing what looks like the female genitalia,1,images/cel7zf.jpg
d72g74,starry night shaped hairline,1,images/d72g74.jpg
7vthhn,brockhampton saturation,0,images/7vthhn.jpg
6axznn,this guy fishing in a storm,1,images/6axznn.jpg
5wll05,japanese soldier raping small child cirera,0,images/5wll05.jpg
blvdfa,track athlete hits the dirt,1,images/blvdfa.jpg
8gtt3h,floodlights for the blind,0,images/8gtt3h.jpg
122qhj,gus sorola of roosterteeth strikes an awkward pose during a live podcast,1,images/122qhj.jpg
b8z3zp,this outlet winking at me,1,images/b8z3zp.jpg
1gu5r1,stony brook university students surprise zamir a night shift employee at dunkin donuts,1,images/1gu5r1.jpg
9tbd47,little chili aint it,1,images/9tbd47.jpg
3xzukg,hiker critically injured in fall at arkansas glory hole,1,images/3xzukg.jpg
66ybbq,my coffee mug is shocked,0,images/66ybbq.jpg
c8kyze,this really small and really big lemon in the same packaging,1,images/c8kyze.jpg
6e888d,goldie drum bass legend exbond villain looking adventurous on his llama,1,images/6e888d.jpg
5n9hkp,ap top news us official trump obama briefed on unsubstantiated claims of financial personal info on trump,1,images/5n9hkp.jpg
1s58ka,emma stone andrew garfied reacting to something offcamera,1,images/1s58ka.jpg
ax8fzg,pink floyd the endless river,0,images/ax8fzg.jpg
c33nwf,tiananmen square protest,0,images/c33nwf.jpg
6rmwgr,nazi germany anti semetic caricature,0,images/6rmwgr.jpg
3g3paw,stephen colbert makes jon stewart cry with moving tribute,1,images/3g3paw.jpg
1jwmpw,the guy whos a grower and a shower,1,images/1jwmpw.jpg
bbinhi,what windows wallpaper would look like today,1,images/bbinhi.jpg
5ezrip,helicopter landing,0,images/5ezrip.jpg
8ix0g2,indian immigrants praise america after being granted citizenship at ellis island,0,images/8ix0g2.jpg
2sih0v,newspaper readers faith in single fathers character leads to good job,1,images/2sih0v.jpg
63abzh,dr seus the lorax but ted will never die drskrillex bit remix,0,images/63abzh.jpg
5r52jl,tv wall mount,0,images/5r52jl.jpg
1bdd81,women voters cant help fawning over sexist gop,0,images/1bdd81.jpg
6bn8in,twothirds of world has herpes virus,1,images/6bn8in.jpg
c8szso,this sumo wrestler looks like nicolas cage,1,images/c8szso.jpg
2ihgbe,this dude was getting a little too chummy with my date,0,images/2ihgbe.jpg
dez81q,this mutated grape and its nonmutated sibling,1,images/dez81q.jpg
1lamae,this seems to be a very nice norwegian lady with a special hat on her head,1,images/1lamae.jpg
8fynbq,dennis novak the eye hath not seen the ear hath not heard,0,images/8fynbq.jpg
cook8e,tomato worm looking like a little sheep,1,images/cook8e.jpg
3uugq9,this kid being blown away by something,1,images/3uugq9.jpg
2xpjm3,ministry of health evacuation scheme poster from england during the blitz c,0,images/2xpjm3.jpg
7n1a8z,the back of my mixer looks like a fat man sitting down,0,images/7n1a8z.jpg
blycqy,white supremacists interrupt arkansas holocaust remembrance event,1,images/blycqy.jpg
9eis15,this gameboy that was damaged in the gulf war and apparently still works,1,images/9eis15.jpg
1fcotg,soyeah,0,images/1fcotg.jpg
cchax8,raid of area,0,images/cchax8.jpg
6mih8n,keytar solo,1,images/6mih8n.jpg
77g6pu,film site used for both lost and jurassic park,0,images/77g6pu.jpg
2tuli4,police officers shot suspect dead at minn city hall,1,images/2tuli4.jpg
9iz2qc,brisket juice space,0,images/9iz2qc.jpg
1etf8n,ne tire pas trop sur la corde si malheureusement il avait lidee de regarder un peu en bas nous ne peserions pas lourd dont pull too hard on the rope if unfortunately he had the idea of looking a bit down we would not weigh much by achille lemot caricature racism,0,images/1etf8n.jpg
9fsial,first blood on the mount everest ca,0,images/9fsial.jpg
4c2yze,chemtrails seen from my backyard this is getting out of hand,0,images/4c2yze.jpg
3p1gvy,this wizard holding a wiener dog,1,images/3p1gvy.jpg
53l20i,bush dog baring its teeth,1,images/53l20i.jpg
y2ohl,they wanted me to improve a picture of their baby,1,images/y2ohl.jpg
93f21m,exsoldier that fought against daesh has terror charges dropped,1,images/93f21m.jpg
7uo6f2,good boys were family now,0,images/7uo6f2.jpg
8mebap,royal escorts,0,images/8mebap.jpg
9d9ile,the wear pattern on my sandals after years,1,images/9d9ile.jpg
26ts7f,police man wanted to be arrested instead of facing mad mom,1,images/26ts7f.jpg
5vi13p,drive that wedge to victory british american ambulance corps c,0,images/5vi13p.jpg
2jwgdl,this guy singing at an old man,1,images/2jwgdl.jpg
7f4f6n,this burnt turkey,1,images/7f4f6n.jpg
dhheek,man sitting inside of a coffin,1,images/dhheek.jpg
8ze4ex,phones camera system that looks like a terrified face,0,images/8ze4ex.jpg
awvbni,a picture of me as a kid with a snowball my dad threw at me moments before,1,images/awvbni.jpg
crchxc,this splotch of paint on my wall that looks like a man staring at you through a hole,0,images/crchxc.jpg
3x0cjk,sisters deliver toys to needy children in scotland,1,images/3x0cjk.jpg
camxdt,this flat house,0,images/camxdt.jpg
8q9mfn,huge crowd at lollapalooza earlier this year,0,images/8q9mfn.jpg
9w75i7,someone from romania sent a computer mouse with a snipped cord to my work today,1,images/9w75i7.jpg
7rkmav,tom brady at a press conference before the afc championship game,0,images/7rkmav.jpg
1p4rtw,obama wants marines to wear girly hats,1,images/1p4rtw.jpg
4hlrnp,two brothers were separated by the holocaust after years their families just reunited,1,images/4hlrnp.jpg
1pdkgc,van persie vs ryan shawcross,1,images/1pdkgc.jpg
aykyac,headless man in the subway,0,images/aykyac.jpg
1dk39b,medical records show hitler took semen injections and farted uncontrollably,1,images/1dk39b.jpg
9fl15f,quiz for firefighters whats some of the coolass fire shit youve seen at work,0,images/9fl15f.jpg
61yuc7,britains oldest man celebrates his th birthday as with everything in my life it has just kind of happened to me its not been my choice and i have had to make the best of it,1,images/61yuc7.jpg
6g223b,general election results night when will we know whos won bbc news,1,images/6g223b.jpg
4o1fwa,husbands arm amputated officer bitten after alabama womans rampage,1,images/4o1fwa.jpg
54jlys,the simple reason why lorna jane wont stock plus size womens exercise clothing,0,images/54jlys.jpg
96u576,last known picture of columbine school shooters eric harris and dylan klebold,0,images/96u576.jpg
6r8wa2,dirty smelly gorge spoils annual bc clean water festival,1,images/6r8wa2.jpg
c0n76z,boat full of sasquatch attempting to flee north america by sea potato quality,0,images/c0n76z.jpg
9eskz8,these doors that arent the same size,1,images/9eskz8.jpg
bialfs,i only have one bad eye my prescription is in the right,1,images/bialfs.jpg
9dcwvt,the reading lights on this airplane have been retrofitted with leds,1,images/9dcwvt.jpg
53wa6d,sask mp brad trost compares ontario sexed curriculum to residential schools,1,images/53wa6d.jpg
1gtdne,let us rise against the war crimes of the us and its fundamentalists lackeys by revolutionary association of the women of afghanistan afghanistan war poster,0,images/1gtdne.jpg
4uqagf,donald trump latest photo,1,images/4uqagf.jpg
5y9z6l,life our best guesses as to what the hanging tennis ball in garages is for,0,images/5y9z6l.jpg
1kknl9,my dads a badass,1,images/1kknl9.jpg
cqk0f7,my banana looked like it had a sad face inside,1,images/cqk0f7.jpg
7x36xc,firstclass travel distinguishes scott pruitts epa tenure,1,images/7x36xc.jpg
2vv3ub,squamish councillor sets himself on fire fulfilling campaign promise,1,images/2vv3ub.jpg
bvhyla,the who has officially decided to remove gender identity disorder from its list of mental illnesses welcome to the st century folks,1,images/bvhyla.jpg
4yj83u,trump campaign chair paul manafort resigns,1,images/4yj83u.jpg
ax2rsr,cat yawning on floor,1,images/ax2rsr.jpg
5b4gbo,hollywood refusing to give public any new movies until it can appreciate ones it already has,0,images/5b4gbo.jpg
cjb57a,well actually a girl is having a bag in her arm,0,images/cjb57a.jpg
cq4hqb,a timeless emotion,0,images/cq4hqb.jpg
7swa2g,vint cerf father of the internet,0,images/7swa2g.jpg
227uaa,redbarrows wheel barrow dive stunt,1,images/227uaa.jpg
10abxt,national socialist christmas ornaments,0,images/10abxt.jpg
2ar54n,germany revert to typewriters to counter hitech espionage,1,images/2ar54n.jpg
9dreja,this spiders web covered with dust from newspaper production,1,images/9dreja.jpg
1d8mfx,pelican posing as a urinal,1,images/1d8mfx.jpg
d2clj0,this plant growing on my plant,1,images/d2clj0.jpg
8ag2ba,these wire cutters that look like a crows head,0,images/8ag2ba.jpg
7uovff,state of the union president donald trumps boast that tv viewership for his speech to congress this week was the highest number in history is belied by ratings data,1,images/7uovff.jpg
dgej0l,lead us not into temptation ohio united states circa,0,images/dgej0l.jpg
cljwpm,mcdonalds logo made out of bush,1,images/cljwpm.jpg
bvanfd,old wizened fantasy character confirms that the darkness is rising,0,images/bvanfd.jpg
1jkju7,chris christie gesturing with this mouth open wide,1,images/1jkju7.jpg
92eqly,life sucks self titled,0,images/92eqly.jpg
14sd98,my stapler is not amused,0,images/14sd98.jpg
9fo1be,found a mutant daisy on my school field today,1,images/9fo1be.jpg
cbrobg,rock and water,1,images/cbrobg.jpg
9edf6d,this happy spatula,0,images/9edf6d.jpg
3md02t,a man and his breakfast,1,images/3md02t.jpg
d8e07s,the inside of this church steeple,1,images/d8e07s.jpg
16e2rx,nsfw mexican ad for seamless lingerie,1,images/16e2rx.jpg
57qhqk,cat playing with string,1,images/57qhqk.jpg
4xcnc3,rugby is our religion fiji erupts in celebration of olympic sevens gold,1,images/4xcnc3.jpg
ddxymd,southern states suffer from flash droughts recordbreaking heat,1,images/ddxymd.jpg
4ejl6a,someone was amped to be at work today,0,images/4ejl6a.jpg
16j462,depressed looking monkey in kathmandu nepal,1,images/16j462.jpg
djtcb3,the size of this pizza roll,1,images/djtcb3.jpg
2v7ici,stoned looking kid weighing catfish,1,images/2v7ici.jpg
334zd7,laguna verde bolivia,1,images/334zd7.jpg
btsbus,uk teen wakes up from a coma after smelling lynx deodorant,1,images/btsbus.jpg
4afje6,santa ana police officers charged with stealing snacks during marijuana dispensary raid,1,images/4afje6.jpg
3ec9cl,in a library in nashville that appears to be helping a lot of homeless people turns out this one is revolutionary with important resources thanks to the quiet kind librarian i spoke to yesterday,1,images/3ec9cl.jpg
1vehiy,a bunch of shirtless guys standing on a fence,1,images/1vehiy.jpg
cbpla1,hiv rates at record lows in australia,1,images/cbpla1.jpg
5csr7u,chicken and child,1,images/5csr7u.jpg
cj8tmz,was offered an egg yesterday no white or shell just yolk,1,images/cj8tmz.jpg
2atsn4,female firefighter is first to muscle into fdny beefcake calendar,1,images/2atsn4.jpg
4b5fl8,new laptop coolerstand designed with ultrabooks in mind,0,images/4b5fl8.jpg
8d6yqa,these sinks saw what you did to the toilet,0,images/8d6yqa.jpg
7899zz,james comey staring off in the distance on a lonely iowa road,1,images/7899zz.jpg
cmwu9e,insect apocalypse in us driven by x increase in toxic pesticides,1,images/cmwu9e.jpg
21kwns,king of the jungle in a pipe,0,images/21kwns.jpg
6do3ug,grandmother writes letters to the troops,1,images/6do3ug.jpg
3a31o1,how we all need to get pool party mundo,0,images/3a31o1.jpg
8hajqi,funerals the orphans,0,images/8hajqi.jpg
3nzh21,this mailbox,0,images/3nzh21.jpg
2ernn0,dispatcher tells mom police cant help baby locked in hot car,1,images/2ernn0.jpg
7gzmz4,carbon county tree farm donates trees for troops,1,images/7gzmz4.jpg
4spgd5,cant go on reddit at work this man checks it out for you,0,images/4spgd5.jpg
2rru2r,time to think antigun control referencing attack on charlie hebdo,0,images/2rru2r.jpg
drjssqv,available here,0,images/drjssqv.jpg
57ggo3,german soldier pulls over a car full of jewish men escaping auschwitz,0,images/57ggo3.jpg
3qyr5x,hungry tinkle bell girl,1,images/3qyr5x.jpg
670ssi,standoff between donald trump and brave mexican protester during construction of mexicounited states border wall foundation,0,images/670ssi.jpg
3ehdts,marshmallow penguin,0,images/3ehdts.jpg
d7bu9v,spider has a judgmental alien on its back,0,images/d7bu9v.jpg
c145n3,target says registers back online blames outage on technology issue,1,images/c145n3.jpg
b8upgj,faceless drunken robot,0,images/b8upgj.jpg
cuceas,franch mcdonalds include a biscuit with your coffee,1,images/cuceas.jpg
47pj0p,queen of the netherlands on her private yacht,1,images/47pj0p.jpg
9j9aah,judge kavanaughs accusers leave senate confirmation hearings,0,images/9j9aah.jpg
2puwfi,this tiny fedex truck,1,images/2puwfi.jpg
br090z,ford will lay off whitecollar workers,1,images/br090z.jpg
ch5s23,dog with a butterfly on his nose,1,images/ch5s23.jpg
bpwzz1,warcraft sequel lets gamers play a character playing warcraft,0,images/bpwzz1.jpg
aufch6,my egg looks like a fish,1,images/aufch6.jpg
600grv,a thundering herd red lace,0,images/600grv.jpg
98o5ev,the berlin wall being taken down circa,0,images/98o5ev.jpg
6ni3ip,harley the blind therapy dog lightens the load for kids at shriners,1,images/6ni3ip.jpg
cusg6z,a bollard that looks like a cigarette and is also an ashtray,1,images/cusg6z.jpg
8pcuhv,syrian refugee launches luxury sneaker brand in france,1,images/8pcuhv.jpg
913wvb,these printer buttons look like a bird,0,images/913wvb.jpg
2o4fg9,north korean leader bans name kim jong un,1,images/2o4fg9.jpg
7dsyzp,rare photo of queen before getting on stage for live aid,0,images/7dsyzp.jpg
bx2rcz,feeding a hummingbird with a straw,1,images/bx2rcz.jpg
2q2dim,yawning dalai lama,1,images/2q2dim.jpg
9j2mcz,sport means life militarism means death social democratic workers party the netherlands,0,images/9j2mcz.jpg
4shx5i,beverly officers recognized for how they handled overdose case,1,images/4shx5i.jpg
cbwipc,this selfie,0,images/cbwipc.jpg
3xnpsb,writer of heartbreaking dear santa letter reconnects with former mailman,1,images/3xnpsb.jpg
bl199g,this egg leaked while it boiled,1,images/bl199g.jpg
5nts0p,rehabilitation psychology self titled,0,images/5nts0p.jpg
7ph3v8,this child with a chicken sandwich,1,images/7ph3v8.jpg
5ionjk,putin calls for syria peace talks,1,images/5ionjk.jpg
8rdb4r,once thought killed in action one time war hero and now infamous hydra assassin sgt james buchanan barnes looks on as his explosive charges detonate at their target location,0,images/8rdb4r.jpg
1996h7,a fabulous mannequin giving zero fucks,1,images/1996h7.jpg
7evuee,indica radio staxwell,0,images/7evuee.jpg
5ivjvf,how to fight against bolshevism poster published by the sceaux and saintdenis arrondisments economic groupment for the french legislative election,0,images/5ivjvf.jpg
42lrla,bartons fracture death the bullet,0,images/42lrla.jpg
5m2v7v,republicans make repealing obamacare first order of business,1,images/5m2v7v.jpg
95whbx,courier service prevents grandparents from losing thousands of dollars in phone scam,1,images/95whbx.jpg
bpjj3w,british airways criticized for afternoon tea that doesnt include tea,1,images/bpjj3w.jpg
cmbzbw,a long time ago i remember finding this siamese cherry it had seeds and was connected on one stem,1,images/cmbzbw.jpg
3ijso9,til in an experiment at brigham young university successfully trained ants to in shapes,0,images/3ijso9.jpg
8mugoa,south african worlds oldest man wants to stop smoking,1,images/8mugoa.jpg
386dly,happy to have flowers in my hair,0,images/386dly.jpg
4i3ktt,kid yelling at professional hockey player,1,images/4i3ktt.jpg
awdbl6,are you gonna buy me or what,0,images/awdbl6.jpg
b15663,rare image of a flipped over iceburg,1,images/b15663.jpg
94pp0p,first japanese jet,0,images/94pp0p.jpg
1k6d04,mario kart irl,1,images/1k6d04.jpg
2umoec,playing video games with your vagina,1,images/2umoec.jpg
4yve50,obama returning from summer vacation ready for busy fall,1,images/4yve50.jpg
9a0fjg,this giant bird swooping down to pick up a car,0,images/9a0fjg.jpg
70iaiu,fuhugu gods quiet sickness,0,images/70iaiu.jpg
cuz6sr,a key i saw in the street thats been run over so many times its just part of the road now,1,images/cuz6sr.jpg
3qeopv,my parents armchair looks very smug,0,images/3qeopv.jpg
5yr5x4,this surprised dog,1,images/5yr5x4.jpg
1eggnc,hes seen some shit,0,images/1eggnc.jpg
9c31lf,this fibonacci spiral in my dish tank today,1,images/9c31lf.jpg
57pkcu,black bear family of four has dinner in one tree,1,images/57pkcu.jpg
d9mfcz,the back of this from my watch,0,images/d9mfcz.jpg
7xdfup,missing german dog survives monthslong trek to switzerland,1,images/7xdfup.jpg
2q7trs,does anyone know what kind of bird this is,0,images/2q7trs.jpg
bchb24,the way my stapler at work put these too together,1,images/bchb24.jpg
2f61va,mr beer is pleased,0,images/2f61va.jpg
6ov43c,suspicious truck,0,images/6ov43c.jpg
ha5jw,the truth about marijuana,0,images/ha5jw.jpg
bes3nm,football player thanks himself for the game,0,images/bes3nm.jpg
1qpwnh,official wants to defund library users should go back to mexico,1,images/1qpwnh.jpg
c8c462,palms pink sunset,0,images/c8c462.jpg
at8qif,nintendo of america announces new president in color,0,images/at8qif.jpg
djvwne,interesting looking penny i found in my piggy bank,1,images/djvwne.jpg
au1doh,i got a gummy bear in my fruit snack pack,1,images/au1doh.jpg
78kpt7,einstein note about happiness of a modest life sells for m,1,images/78kpt7.jpg
bng12u,lacanau sunset h no editing,1,images/bng12u.jpg
d77ozz,this water jug,1,images/d77ozz.jpg
2af1wp,kim jong un studying at night p,1,images/2af1wp.jpg
30u92a,ive set a nice louse in my fur central powers satirical cartoon on the russiaserbia alliance,0,images/30u92a.jpg
c34v1u,came across this upset rock out on my run today,1,images/c34v1u.jpg
d1dnoi,this coffee shop offers pasta as a stir stick,1,images/d1dnoi.jpg
cvqzau,hello grateful dead bear,0,images/cvqzau.jpg
bfa6zr,this mayonnaise is g and costs bulgarian leva,1,images/bfa6zr.jpg
8nr7t2,exclusive us military looking at deploying antimissile system in germany sources,1,images/8nr7t2.jpg
51z8k1,chance the rapper bought almost scalper tickets to his own festival to resell to fans,1,images/51z8k1.jpg
6n2igm,theyre finally starting to get fisa warrant on trump himself,0,images/6n2igm.jpg
4tbwc1,most shocking animal mutations,0,images/4tbwc1.jpg
cy4n50,siamese grapes,1,images/cy4n50.jpg
d0nqsx,rare probolshevik poster from the revolution,0,images/d0nqsx.jpg
93jn9m,bob belcher with long luscious flowing hair,0,images/93jn9m.jpg
4975h5,the brush work on this painting is incredible n s f w,0,images/4975h5.jpg
cokwr0,tagging along but probably too late to get any proper karma rgbd,0,images/cokwr0.jpg
4mdl0f,little girl receives a doll with a prosthetic leg like hers cries tears of joy,1,images/4mdl0f.jpg
5onwfy,dog in the snow,1,images/5onwfy.jpg
a48kd2,you can see both sides of the dried paint on this mirror,1,images/a48kd2.jpg
8hlr6l,phillip i murray grand canyon,0,images/8hlr6l.jpg
3beabv,ive got balls in my mouth,0,images/3beabv.jpg
1dxvqp,the last call poster by renowned artist norman lindsay wwi recruiting,0,images/1dxvqp.jpg
cbd53y,dont know what surprised them,0,images/cbd53y.jpg
7z9ck4,a stunning chart shows the true cause of the gender wage gap,0,images/7z9ck4.jpg
3pjv5n,russian secret service to vet research papers,1,images/3pjv5n.jpg
2fynal,this dog was hurt but a determined vet makes miracles happen,1,images/2fynal.jpg
ymdq9,ussr oil propoganda,0,images/ymdq9.jpg
brcnb7,thin bottom,0,images/brcnb7.jpg
4hrkxm,twice baked summer squash have never been happier,0,images/4hrkxm.jpg
4ussn8,aloe there says the grouch in the clear wifebeater,0,images/4ussn8.jpg
4xxb8m,keanu reeves walking a dog,1,images/4xxb8m.jpg
crg0wz,a boat that tows boats saw this while riding the cape maylewes ferry this afternoon,1,images/crg0wz.jpg
51kf39,a canadian judge is under scrutiny following comments he made during a rape case,0,images/51kf39.jpg
bxccd1,this mt fuji tissue dispenser,1,images/bxccd1.jpg
6jhnqb,sleepy owl,0,images/6jhnqb.jpg
5730cb,anomaly no artist,0,images/5730cb.jpg
8ih0su,a young detective trying to solve the zodiac killings circa,0,images/8ih0su.jpg
bnk4vk,found a heart in a cake i made for mothers day,1,images/bnk4vk.jpg
bt3prk,i can bend my thumb down to my wrist,1,images/bt3prk.jpg
1d1v3a,obama scales back goals for america after visiting dennys,0,images/1d1v3a.jpg
21hean,firefighter proposes to counselor girlfriend during school drill,1,images/21hean.jpg
3bp94m,diabolical birthday child,1,images/3bp94m.jpg
bemsb7,this year old canned rye bread,1,images/bemsb7.jpg
3aiq0p,nra board member blames charlestons deaths on pastors vote against guns in church,1,images/3aiq0p.jpg
b0hgnz,india pakistan and the changing rules of engagement heres what you need to know,1,images/b0hgnz.jpg
cfawwt,mushrooms growing out of the end of an old broom,1,images/cfawwt.jpg
2lmkga,ton of pot seized in randolph drug bust,1,images/2lmkga.jpg
avuc94,of all phones which is the most beautiful huawei chinese children sing companys praises,1,images/avuc94.jpg
b21eev,conor mcgregor hyped up the boston bruins prior to their game,1,images/b21eev.jpg
cf1ji6,this mosquito inside this roll of tape we received at work,1,images/cf1ji6.jpg
1bmcq4,tennessee senator quotes abraham lincoln in his support of cockfighting,1,images/1bmcq4.jpg
9f9j6j,bamboo straws in san francisco,1,images/9f9j6j.jpg
7dyq5p,pharaohs of old the new plague,0,images/7dyq5p.jpg
7wpqv8,how i became the fat bastard,0,images/7wpqv8.jpg
arduip,this tree eating my fence,1,images/arduip.jpg
cdppog,i found a sad leaf outside my house,1,images/cdppog.jpg
7pbd1m,bruning the last bulwark of freedom and order centre party poster from the german federal elections,0,images/7pbd1m.jpg
be2zgw,found this green sour patch kid that was mixed with a red one,1,images/be2zgw.jpg
4vargl,indian couple hacked to death by grocer they owed cents,1,images/4vargl.jpg
808i07,this box at work was pretty chill despite the fact that it was as in the compactor,0,images/808i07.jpg
diprdp,this tree at my parents house is growing on top of a rock,1,images/diprdp.jpg
87cou5,dana loesch rethinking loyalties after seeing how much airtime teen activists getting,0,images/87cou5.jpg
6qowks,autistic boy gets thousands of rainbows from across the globe after parents die weeks apart,1,images/6qowks.jpg
aunyb1,green book wins best picture at the st academy awards,0,images/aunyb1.jpg
8qha35,formernbabadboyturnednorthkoreandictatorconfidante dennis rodman weeps on cnn while exploiting his airtime commentating on foreign affairs to promote a marijuana cryptocurrency c,0,images/8qha35.jpg
9i3q3t,mowing through some really thick grass,0,images/9i3q3t.jpg
5vksal,att employees learn sign language to talk with deaf coworker,1,images/5vksal.jpg
4ircfi,man proudly taking a selfie with his new dustbin,1,images/4ircfi.jpg
bfkigc,my pizza has instuctions printed on the wrapper not just the box,1,images/bfkigc.jpg
4pzaxy,fentanyl worries changing way narcotics officers operate,1,images/4pzaxy.jpg
3j3ssg,florida woman arrested after burning car found in possession on over cloned credit cards kicks them in groin then offered oral sex,0,images/3j3ssg.jpg
boipgr,this watermark on our shower curtain looks like a dog,1,images/boipgr.jpg
2vzbdq,this toilette paper holder,1,images/2vzbdq.jpg
cy78rm,this pinball machine has a vertical section complete with second pair of paddles,1,images/cy78rm.jpg
9hbwam,almost didnt notice it was a dog,0,images/9hbwam.jpg
3qg5ya,toddler falls off trike,1,images/3qg5ya.jpg
6idzhk,this dancer on my wall,0,images/6idzhk.jpg
6noo2h,the remaining members of a platoon rally before charging a german pillbox in the battle of aachen,0,images/6noo2h.jpg
2ktfvm,for days starting in week glowing balloons are being installed along miles of where the berlin wall once stood commemorating the th anniversary of its fall visitors are encouraged to attach messages to these tethered orbs which will then be released into the sky in unison,1,images/2ktfvm.jpg
7n8ylg,my friend sydney is very small,0,images/7n8ylg.jpg
94q949,napoleon invading northern africa,0,images/94q949.jpg
5dyrkx,yearold joe thomas sr just carried the ball in an actual division i football game,1,images/5dyrkx.jpg
b7lzvh,antigravity reindeer,0,images/b7lzvh.jpg
28r5we,a us navy sdv,1,images/28r5we.jpg
8uz5r8,tiny little spider webs,0,images/8uz5r8.jpg
59glx9,makeawish foundation opens fantasy fenway a miniature scale model of the actual fenway park in young red sox fans backyard,1,images/59glx9.jpg
4vasx8,coke sweetens apartheid american friends service committee,0,images/4vasx8.jpg
6fce4u,trump cucked by french president on live tv,0,images/6fce4u.jpg
6zg2iu,this dog looking off into the distance,1,images/6zg2iu.jpg
673p01,meet the man offering kids free haircuts if they do their homework,1,images/673p01.jpg
asg6uy,this water spot kind of looks like the united states,1,images/asg6uy.jpg
7tfxpi,this guy hanging around the meat counter,0,images/7tfxpi.jpg
co0wp8,the lamps at oslo central station are fingerprints,1,images/co0wp8.jpg
bfaswk,this can half sunburnt,1,images/bfaswk.jpg
904ywa,zhou zong li fang wen yin du primeminister zhou visits india,0,images/904ywa.jpg
594k80,snake with sunglasses and a mustache,0,images/594k80.jpg
1kscgx,happy mantis,1,images/1kscgx.jpg
30g2sj,albino alligator,1,images/30g2sj.jpg
1swf6q,the first untethered space walk,1,images/1swf6q.jpg
bq3toq,ive just noticed my fluffy duster has the same font as my favourite film bladerunner,1,images/bq3toq.jpg
7lryys,japanese train look at me,0,images/7lryys.jpg
4xb1xp,california island foxes recover from brink of extinction,1,images/4xb1xp.jpg
7hnr7t,a nazi war criminal gives one last salute before being executed by firing squad,0,images/7hnr7t.jpg
7hzaxh,fish on a cutting board,0,images/7hzaxh.jpg
6fqm26,injured nashville predator forward ryan johansen excited about the teams lates win,1,images/6fqm26.jpg
3r7r9e,firefighters successfully rescue kitten whose head got stuck in a doorknob hole,1,images/3r7r9e.jpg
85pi0c,napoleons army invading russia c,0,images/85pi0c.jpg
2wx2hp,chachapoya culture no tiger creeps,0,images/2wx2hp.jpg
desk1e,two headed dog,0,images/desk1e.jpg
buimem,the view inside of a chernobyl era dosimeter that would have been issued to workers or soldiers to measure radiation levels while they worked to clean up the site,1,images/buimem.jpg
2cq0h8,me ziplining down a mountain with a gopro attached to my wrist,1,images/2cq0h8.jpg
8cyq59,this guy with the nutty helmet cameras,1,images/8cyq59.jpg
dhot4m,while going through some of my old stuff at my grandmas yesterday i realized that i had twitter before it was cool,1,images/dhot4m.jpg
8l2pcy,hbos westworld begins filming pilot,0,images/8l2pcy.jpg
cxkb8l,my coworkers bottle looks like eric cartman,1,images/cxkb8l.jpg
c3zf0x,struggling a lot of negativity lately so i figured the ladies who will never be women gets upvoted,0,images/c3zf0x.jpg
csepwd,the fire looks a lot like a bird fire bird in a bonfire nest well a long necked birb,0,images/csepwd.jpg
8oo6i0,giant tumor tattoo,0,images/8oo6i0.jpg
b6nnxg,this sculpture in my dentists waiting room,1,images/b6nnxg.jpg
3anfw4,eugene or city alliance offering loans to arts groups that not be eligible for traditional loans,1,images/3anfw4.jpg
3hy14i,islamic state secondincommand killed in us airstrike in iraq white house,1,images/3hy14i.jpg
djs34d,dandelion pei sunset,1,images/djs34d.jpg
1pqpkv,drunk youngsters steal a llama from a circus and take it for a ride in the tram,1,images/1pqpkv.jpg
adc7dk,jan the city of philadelphia begins construction on a lifesize to scale monument to nick foles phallus,0,images/adc7dk.jpg
aznqs6,dutch oven pizza i made with my dad,1,images/aznqs6.jpg
35qghd,we certainly dont need anyone going all davy crockett chasing it through the woods drunk with a dull hatchet the post stated it is just a bad idea and not going to end well,1,images/35qghd.jpg
byc9og,purple basil green highlights,1,images/byc9og.jpg
3l9zuu,syrian father tripped up by hungarian camerawoman arrives in madrid with his son to start new life as a football coach,1,images/3l9zuu.jpg
cbjcla,person standing next to stiltwalkers,1,images/cbjcla.jpg
czswkh,the united states of america develops a weather manipulation machine,0,images/czswkh.jpg
zqko6,hollister store in england is so dark people are getting lost,1,images/zqko6.jpg
2a5h9h,girl catching a fish,1,images/2a5h9h.jpg
6a5em1,this super cool dog in a stroller,1,images/6a5em1.jpg
89xfz0,a grateful jewish man thanks oskar schindler for saving him from the german concentration camps,0,images/89xfz0.jpg
13gom3,something about the face crossdresser arrested in uae womenonly park,1,images/13gom3.jpg
buj7ym,this smiling red pepper,0,images/buj7ym.jpg
2smjfl,municipal airport i have no confidence in the system of isolment,0,images/2smjfl.jpg
9b4ocx,this book of random digits,1,images/9b4ocx.jpg
5611jr,you wont believe what norways prime minister was caught doing,0,images/5611jr.jpg
botcnx,this chair is smiling with no dentures,0,images/botcnx.jpg
ywo1t,man steals phone from ebola patient at uganda hospital gets ebola,1,images/ywo1t.jpg
87vkj1,a puppy thats about to jump,1,images/87vkj1.jpg
24yxlo,windows menu,0,images/24yxlo.jpg
3eq32p,a smile that can bring tears to your eyes,0,images/3eq32p.jpg
4krwf8,superhero dad uses rex the robotic suit to walk daughter down aisle,1,images/4krwf8.jpg
as57xq,where flags go to be retired,1,images/as57xq.jpg
d69b2f,legends storming area,0,images/d69b2f.jpg
6zvsxn,im afraid you wont be coming to our new headquarters declares alexa as amazon execs find themselves locked in seattle office,0,images/6zvsxn.jpg
6xb2sq,ringing joan riddal nasajpl engineer featuring the sounds of saturn recorded by cassini,0,images/6xb2sq.jpg
4ebjae,refugees plant the seeds of a new community in kansas city npr,1,images/4ebjae.jpg
4cu8aj,what are your top most disturbing things ive seen in my life look like a woman in person,0,images/4cu8aj.jpg
53kl5n,sandwich being eaten in the mountains,1,images/53kl5n.jpg
3lx1bt,expresident of finland tarja halonen gathered donations for the red cross from people on the street finnish,1,images/3lx1bt.jpg
74vhad,print error office rejects,0,images/74vhad.jpg
2e6n7y,miley cyrus doing her thing in concert,1,images/2e6n7y.jpg
8xsf94,my sister inadvertently made a mickey mouse leftovers for my dad to eat,0,images/8xsf94.jpg
5tvoiz,a collage of the and portrayals that states used against one another during the great war,0,images/5tvoiz.jpg
bk8mmh,cops group forcibly tattoo slur on mans neck spell it wrong,1,images/bk8mmh.jpg
4jp27b,just guess how much mayweather spends on haircuts,0,images/4jp27b.jpg
9bbyfs,sign at the infamous suicide forest of japan pleads guests to not do it,1,images/9bbyfs.jpg
c8n50y,an ordinary political party poster in japan,1,images/c8n50y.jpg
7aoh5w,s word of the year revealed,0,images/7aoh5w.jpg
9ekrcx,this mushroom that looks like a tomato,1,images/9ekrcx.jpg
4or019,im watching you sleeping,0,images/4or019.jpg
8cq8jg,r lee ermey on the set of full metal jacket,0,images/8cq8jg.jpg
543u56,they edited the video how ytheroes will kill youtube,0,images/543u56.jpg
d1wna1,this wallpaper,1,images/d1wna1.jpg
64idvd,us soldier killed in afghanistan amid operations against isis,1,images/64idvd.jpg
1lc46k,surprised church,0,images/1lc46k.jpg
3kg2up,donald trump ted cruz crossing paths,1,images/3kg2up.jpg
9cmjyi,a glacier that looks like hippo head,1,images/9cmjyi.jpg
az7i4o,this baby pancake,1,images/az7i4o.jpg
5scemv,scientists say this is the grossest thing in your bathroom,0,images/5scemv.jpg
qoss6,upside down pan is not happy,0,images/qoss6.jpg
b2kstz,discord starts supporting bots,0,images/b2kstz.jpg
5m8boi,final season grades for all nfl teams,0,images/5m8boi.jpg
58tggr,american airline wins right to weigh passengers to prevent crash landings,1,images/58tggr.jpg
chvfca,my sun burn is worse around the edges of the black sports bra that i was wearing at the time of conception,1,images/chvfca.jpg
97sj7g,rural alabama charter opens as first integrated school in sumter county,1,images/97sj7g.jpg
coo9j9,scar made up of dots a jellyfish sting left on my arm,1,images/coo9j9.jpg
5mmfgo,nazi youth forces jewish man to ingest raw pork circa by edward steichen,0,images/5mmfgo.jpg
cjxrev,the difference between the airline seats in the back of the plane,1,images/cjxrev.jpg
51qr92,disgruntled it guy,1,images/51qr92.jpg
6qkewk,ms gang member wanted in texas murders captured in virginia,1,images/6qkewk.jpg
3asb8x,found this fine gentleman at work,0,images/3asb8x.jpg
8slkle,the colonization of north america circa,0,images/8slkle.jpg
3yiemi,aaaaaah my eyes,0,images/3yiemi.jpg
7yzjk1,the first thing you should do when you check into your hotel room,0,images/7yzjk1.jpg
8gn1py,the dissolution of the soviet union c,0,images/8gn1py.jpg
bwvxab,hair tie i found while cleaning my room its been sitting for years collecting dust,1,images/bwvxab.jpg
7xi4qm,british posters during world war ii,0,images/7xi4qm.jpg
7ia1f7,i cut myself up,0,images/7ia1f7.jpg
d5lxgg,this burned and overseasoned dorito,1,images/d5lxgg.jpg
53e288,this angry goose,1,images/53e288.jpg
ddrid7,this green reflection from the light that only shows up in the photo,1,images/ddrid7.jpg
de88ma,the sun hit my sequent pillow perfectly and caused this,1,images/de88ma.jpg
6xqor9,this halfnaked ontario man just wants his weed and bong back,1,images/6xqor9.jpg
cotv4y,the ford mustang projects a horse on the ground when the lights are on,1,images/cotv4y.jpg
c37ldh,goats walking down a vertical tree,0,images/c37ldh.jpg
6eunog,pizza oven affected montreal air quality readings report says,1,images/6eunog.jpg
8g0vts,capitalism at its finest present,0,images/8g0vts.jpg
bgxufj,man with neon yellow vest wearing a garbage bag as a cape,1,images/bgxufj.jpg
5h5msr,i gerald ford am the th puppet of the united states black panther party emory douglas s,0,images/5h5msr.jpg
6nok73,almost bikini bottom surfin with the hoff,0,images/6nok73.jpg
2aemcf,want to see whats up my negligee,0,images/2aemcf.jpg
6mm6cq,election experts see flaws in trump voter commissions plan to smoke out fraud they say it will result in thousands of errors and could distort fraud propublica,1,images/6mm6cq.jpg
39pqgh,i saw a whale,0,images/39pqgh.jpg
697hty,house republicans divided on trumps plan to kill us all,0,images/697hty.jpg
dgdjce,this shadow profile of a beautiful woman in the rocks shes looking to the left and has flowing hair,0,images/dgdjce.jpg
82recr,the headless horsemen head above water,0,images/82recr.jpg
di9mvx,this floating truck,1,images/di9mvx.jpg
22cr00,my very excited friend standing in front of a green screen,1,images/22cr00.jpg
d0mhg7,this kid in my study hall has a shapeshifting rubiks cube,1,images/d0mhg7.jpg
4n7kl1,paul ryan watches trump light wooden lowercase t on judges lawn will still vote for him,0,images/4n7kl1.jpg
d3oxxt,a cucumber frog my coworker made for our bosses lunch,1,images/d3oxxt.jpg
8iwd6w,panchkula overnight,0,images/8iwd6w.jpg
awmhlq,boris johnson backs calls for knife angel to visit london,1,images/awmhlq.jpg
259ucj,flehmen response in a goat via wikipedia,1,images/259ucj.jpg
bsh1uz,a topographical floor display,0,images/bsh1uz.jpg
67igx5,the moe hawks selftitled,0,images/67igx5.jpg
9edq07,my hotel came with a book on buddha instead of a bible,1,images/9edq07.jpg
bfumc5,filling the church with song for over years,1,images/bfumc5.jpg
9bmmcq,john mccains yearold mother expected to attend memorial services in dc maryland,1,images/9bmmcq.jpg
df4ywh,this grater with a mohawk and a little attitude,1,images/df4ywh.jpg
73vk7y,the essential barack obama,0,images/73vk7y.jpg
8g3ftd,this nosy neighbour whos also a horse,1,images/8g3ftd.jpg
dbu3g,banko,1,images/dbu3g.jpg
4ws0mz,quiz how long would you last in a horror movie,0,images/4ws0mz.jpg
d2iew8,this partially filled bottle of jagermeister i found scuba diving in connecticut,1,images/d2iew8.jpg
2txjme,fivehead dispenser,0,images/2txjme.jpg
7s73fr,havent seen anything like this around so i thought i would make my own greenday american idiot,0,images/7s73fr.jpg
31zord,directv told to pull rob lowe ads after comcast complains,1,images/31zord.jpg
7r3mxs,an overview of the continental system,0,images/7r3mxs.jpg
d4i95b,its a bit hard to see but i can see a cat on the painting,0,images/d4i95b.jpg
4i9g6j,potential school shooter gunned down by popular jock,0,images/4i9g6j.jpg
6cmj04,this cat fast asleep,1,images/6cmj04.jpg
3kjvei,parodysatire unofficial jeremy corbyn poster for the uk labour party leadership election oc,0,images/3kjvei.jpg
2q9elt,teenager fights for the right to be recognized as teletubbies smiling sunbaby,1,images/2q9elt.jpg
4nw7t3,toddler trump,1,images/4nw7t3.jpg
521oux,dog with his tongue hanging out,1,images/521oux.jpg
diwz6q,my tongs have teeth on the bottom that prevent the ends from touching the stovetop,1,images/diwz6q.jpg
b70n9a,view from the cockpit of a boeing ch chinook circa,0,images/b70n9a.jpg
d14d7k,this deformed mm,1,images/d14d7k.jpg
7jc2ke,launching yearlong campaign leading up to the th anniversary of the universal declaration of human rights,1,images/7jc2ke.jpg
b4gwjp,my driveway has the imprint of a gecko in the cement,1,images/b4gwjp.jpg
8pt8tk,niki laudas car catches fire after a horrible crash on the nurburgring germany original color,0,images/8pt8tk.jpg
cvm9xc,flying head,0,images/cvm9xc.jpg
cdnqe0,me learning about my post being removed,0,images/cdnqe0.jpg
54591w,hurray theres no butter left by john heartfield,0,images/54591w.jpg
230u80,feeding a hammerhead shark,1,images/230u80.jpg
bswltm,this plant taken out of its pot,1,images/bswltm.jpg
7rj1id,gravitas selftitled,0,images/7rj1id.jpg
2ir332,this skinny dipper,1,images/2ir332.jpg
c34t7h,this stadium bathroom has a cup holder in every stall,1,images/c34t7h.jpg
ckrupj,vladimir lenin describes his political ideology to a russian peasant circa,0,images/ckrupj.jpg
cbvxz1,reddit users agreeing to post the same thing in hopes of getting some sweet karma,0,images/cbvxz1.jpg
393gf4,saw some people online painting pokemon on the selection of chief district judges statistical anomaly making the bed,0,images/393gf4.jpg
c2yqk4,they way this green diamond refracts the light is captivating,0,images/c2yqk4.jpg
16wsk9,manti teo rebounded from the death of his fake girlfriend with a real girlfriend,1,images/16wsk9.jpg
65cf7z,andre the giants entrance for his match against hulk hogan at wwf wrestlemania iii,0,images/65cf7z.jpg
dqzi9ha,blobfish,0,images/dqzi9ha.jpg
1hnvwp,sketch of interior of hms jersey a british prison ship by john trumbull who documented the revolutionary war while traveling with washingtons army more than twice as many american soldiers died on these ships than in battle revolution,0,images/1hnvwp.jpg
6jecoh,the cover to a seatbelt fell off,0,images/6jecoh.jpg
ai2oet,vertical bubble lines formed in this soda,1,images/ai2oet.jpg
bh0n8b,this calf with pure blue eyes,1,images/bh0n8b.jpg
4742ib,russia wants permission to fly a spy plane over the us,1,images/4742ib.jpg
4o8v5a,democrats mount gun control filibuster,1,images/4o8v5a.jpg
34qdyu,a cat standing on his hind legs,1,images/34qdyu.jpg
cv99yg,this car i found at an antique store,1,images/cv99yg.jpg
1a8wzt,every time i take my pocket knife out its just thrilled to see daylight,0,images/1a8wzt.jpg
8p3qn5,the canadian occupation of washington dc during the war of circa,0,images/8p3qn5.jpg
cft965,its so hot out this fence board is leaking tree sap,1,images/cft965.jpg
4k5tcc,trackster doing the high jump,1,images/4k5tcc.jpg
2f3g2r,this little guy have seen some shit,0,images/2f3g2r.jpg
6ujvid,my work here is done smiles contented bannon before bursting into millions of spores,0,images/6ujvid.jpg
9empd3,wellllll kyles mom is a bitch shes a big fat bitch the biggest bitch in the whole wide world,0,images/9empd3.jpg
4yazvz,i am the terror,0,images/4yazvz.jpg
44r8oo,impostor syndrome is real or because if they can just sit and loudly discuss white privilege and how my wrinkles suit my face so i cant buy clothes that i need your help,0,images/44r8oo.jpg
2qt4hs,lovebirds who vanished return after years with different spouses,1,images/2qt4hs.jpg
8a91e7,this picture of a cat makes me question the ground the ground itself,0,images/8a91e7.jpg
5hw4si,man charged with counts of rape and attempting to steal penny,1,images/5hw4si.jpg
7cog2l,venezuela meets creditors in bid to dodge default,1,images/7cog2l.jpg
cefkbs,two guys riding a jetski,1,images/cefkbs.jpg
12l9jr,mark wahlberg dwayne johnson and anthony mackie on the set of pain gain,1,images/12l9jr.jpg
z3r6z,harvard students suspected of cheating in introduction to congress,1,images/z3r6z.jpg
caapi2,i have a single blonde hair that grows out of the middle of my forehead,1,images/caapi2.jpg
c09325,pounds of honey creates sticky situation in new zealand terror attack denied bail,0,images/c09325.jpg
bwte5b,the tech deck summit,0,images/bwte5b.jpg
1icf6f,baby birds,1,images/1icf6f.jpg
chbkag,this tree i had to cut down was hollowed out by ants,1,images/chbkag.jpg
dgw7v8,never seen pumpkin like this one before,1,images/dgw7v8.jpg
bac8is,a man holding a paddle,1,images/bac8is.jpg
bkjto9,woman aboard a plane that skidded into a river says the landing didnt feel right,1,images/bkjto9.jpg
b0qhae,new video in the comments,1,images/b0qhae.jpg
cnj8w3,sixyearboy patiently feeds his dementiasuffering greatgrandfather,1,images/cnj8w3.jpg
au5hco,snow dusted saguaro cacti near phoenix arizona yesterday,1,images/au5hco.jpg
4hkhhg,surprised,0,images/4hkhhg.jpg
6vq4qn,this dog sitting on another dog,1,images/6vq4qn.jpg
serd7,taliban commander turns self in for reward on wanted poster,1,images/serd7.jpg
b352jc,this egg that looks like an elephant,1,images/b352jc.jpg
7qspmt,so i drew what i saw,0,images/7qspmt.jpg
cujxan,natural light referencing the movie step brothers in their new seltzer flavor its the catalina lime mixer,1,images/cujxan.jpg
74q3p6,a rodeo clown being chased down by a bull,1,images/74q3p6.jpg
4ergvx,customs agents find live birds in vietnamese travelers pants,1,images/4ergvx.jpg
84e4uk,germans marching into france in ww,0,images/84e4uk.jpg
4z6kxl,i always wanted to be the magical navy seals,0,images/4z6kxl.jpg
6upwwm,boston counterprotesters ahead of controversial rally cnn,1,images/6upwwm.jpg
8dvqn0,proposed dc law would lower voting age to,1,images/8dvqn0.jpg
449b6j,coldplay honored by super bowl but puzzled by game,1,images/449b6j.jpg
3itaz5,hightech multifunctional backpack,0,images/3itaz5.jpg
d6r5rv,nearsighted tried to make a close approximation of what the morning dew looks like without my glasses on,1,images/d6r5rv.jpg
b26e5l,those were seeds to feed birds but they sprouted,1,images/b26e5l.jpg
cic6ao,this marble sized egg that my chicken laid,1,images/cic6ao.jpg
cjm73d,this old book i noticed on my shelf while watching stranger things is in the st font,1,images/cjm73d.jpg
599xb1,has apple made dslr cameras redundant,0,images/599xb1.jpg
2o5h6b,kalashnikov rebrands its ak killing machine as a weapon of peace,1,images/2o5h6b.jpg
55phpi,whoa firefly season in the works at netflix,0,images/55phpi.jpg
7thes2,asian dinner monster,0,images/7thes2.jpg
4iaw48,exprisoner opens milkshake bar in harlesden to inspire young people,1,images/4iaw48.jpg
be8187,engineers create lifelike material with artificial metabolism,1,images/be8187.jpg
8bw4nx,lost dog survives two weeks in crocodile infested mangroves to reunite with family in miracle,1,images/8bw4nx.jpg
d1jk87,square watermelon yes dorothy square watermelons do exist,1,images/d1jk87.jpg
5433pw,palmer luckey is funding donald trumps internet trolls with his oculus money,1,images/5433pw.jpg
cj4pmt,chia car,0,images/cj4pmt.jpg
ddpfs8,two fortune cookies one package,1,images/ddpfs8.jpg
buy07k,this seal poking its head out of water,1,images/buy07k.jpg
c48wdw,this has to be on purpose,0,images/c48wdw.jpg
82gmzn,stalins kindness illuminates the future of our children ussr,0,images/82gmzn.jpg
15o90y,dentsu building in tokyo,1,images/15o90y.jpg
40go5k,astronaut chris hadfield juggles tomatoes in space,1,images/40go5k.jpg
dfheyz,this gentleman with the very robust lips,0,images/dfheyz.jpg
2rv6gc,this girl holding a geoduck,1,images/2rv6gc.jpg
2p68ky,climate conference makes its mark with vast carbon footprint,1,images/2p68ky.jpg
3as06u,dark magician cosplay,1,images/3as06u.jpg
99nvxr,disturbing footage of the notorious duckface selfiephile at work attacking somethings with a vacuum hose,0,images/99nvxr.jpg
5sylka,at least hurt in tightrope plunge at florida circus,1,images/5sylka.jpg
2oyhz2,did rockhard aliens turn a nubile earth moist new probe data emerges,1,images/2oyhz2.jpg
6bvlot,exclusive trump campaign had at least undisclosed contacts with russians sources reuters,1,images/6bvlot.jpg
4j7om8,what happened when a professor built a chatbot to be his teaching assistant,0,images/4j7om8.jpg
8olvtl,cyclops polyphemus as seen by odysseus on his way back to ithaca bc,0,images/8olvtl.jpg
bspibu,properly shaped chicken nugget,1,images/bspibu.jpg
3y94al,modern trumpus,0,images/3y94al.jpg
33vitk,blue glow from within an antarctic iceberg,1,images/33vitk.jpg
7uduf7,these little cars look so happy,0,images/7uduf7.jpg
67iiz7,these are the enemies of democracy germany,0,images/67iiz7.jpg
81fgp3,this drain cover at work thats always super happy to see me,0,images/81fgp3.jpg
dfx9kv,a caterpillar diesel d with athey mobiloader able to scoop and dump dirt without turning,1,images/dfx9kv.jpg
2mgskb,mega terminates kim dotcoms account for repeat infringements,1,images/2mgskb.jpg
3w483g,invisible woman cosplay,1,images/3w483g.jpg
bv66om,turkish firm to launch megahousing project in angola,1,images/bv66om.jpg
5vj1c1,local stop shop to donate to new milford food bank,1,images/5vj1c1.jpg
37h7op,nypd deputy commissioner reportedly spent to build a zumba studio at police headquarters,1,images/37h7op.jpg
bylokt,donald trump announces candidacy for president,0,images/bylokt.jpg
1u61ix,baby playstation,1,images/1u61ix.jpg
297san,this live starfish,1,images/297san.jpg
b1587v,this illustration looks like its getting out of the paper,1,images/b1587v.jpg
491770,little car with some stance in the shop,1,images/491770.jpg
bg3hqm,boyles law demonstrated through a cheezits bag during my flight due to the low pressure in the high altitudes the air in this bag of cheezits given to me has expanded causing it to be very inflated,1,images/bg3hqm.jpg
4sonc3,wanted,0,images/4sonc3.jpg
aye6q1,i received a letter today that was mailed from pennsylvania to ireland i live in ny,1,images/aye6q1.jpg
7u9jss,dried coffee at the bottom of a mug,1,images/7u9jss.jpg
bn5e1r,a member of the fdny gazes on as flight crashes into the north tower of the world trade center,0,images/bn5e1r.jpg
1hibty,parlezvous polite paris manual teaches how to not be rude to tourists,1,images/1hibty.jpg
4szm5m,breaking news hillary clinton makes vice president announcement i knew it,0,images/4szm5m.jpg
51l8om,is it true that periods synchronise when women live together,0,images/51l8om.jpg
5m7apx,life almost inspiring this womans first post about her miscarriage showed how strong she was but then her next posts were just way too fucking sad to go viral,0,images/5m7apx.jpg
97t6tg,dog barks at slaves up for auction circa,0,images/97t6tg.jpg
7dznwy,aaaaah,0,images/7dznwy.jpg
cx3tje,taking antibiotics like acne medication while your wisdom teeth are growing in will cause black bands to form around them they are not detrimental in any way as well,1,images/cx3tje.jpg
467eu2,the crumbling giant stone heads of us presidents,1,images/467eu2.jpg
ctrct1,collapse of the soviet union,0,images/ctrct1.jpg
699t7p,scientists claim solar energy will be capable of powering of scorchlands outposts by,0,images/699t7p.jpg
25kdqp,a young brad pitt posing on an exercise bike circa the s,1,images/25kdqp.jpg
9gb3u1,this almost looks like a rabbit,0,images/9gb3u1.jpg
8z0soq,sugar mouth funk for the planet of dead noise,0,images/8z0soq.jpg
8a0br5,vladimir putin offers a few words on allegations of violence against political opposers feb,0,images/8a0br5.jpg
4n41vs,lg helps india fight malaria with mosquito repelling tvs,1,images/4n41vs.jpg
6iccf1,bad times st,0,images/6iccf1.jpg
8iq8na,pedagogic protests behind the teacher strikes that have roiled five states why nonunion states have seen the most unrest,1,images/8iq8na.jpg
b3t7te,this tree that started growing down,1,images/b3t7te.jpg
9gvc1w,america during ww,0,images/9gvc1w.jpg
32nuyb,this man who is very happpy with his fish,1,images/32nuyb.jpg
21fidx,mexican drug cartel behind increase in lime prices,1,images/21fidx.jpg
7el487,bird cloud,0,images/7el487.jpg
cx5o9r,this rose bush that growing flowers like this at once,1,images/cx5o9r.jpg
6gi9vk,this creepy dog,1,images/6gi9vk.jpg
6ff5za,groom tossing the garter,1,images/6ff5za.jpg
802slb,painted brushes,1,images/802slb.jpg
2gb9jm,flashing her mitt,0,images/2gb9jm.jpg
6qrq1b,the order is given for the american u spy plane to be shot down over soviet airspace,0,images/6qrq1b.jpg
1r8e4l,this frog wont stop watching me,0,images/1r8e4l.jpg
32pa4k,kids wheeling a moped,1,images/32pa4k.jpg
83cqry,albert einstein kisses his second bride,0,images/83cqry.jpg
3gcloj,donald finnemore france,0,images/3gcloj.jpg
c2nj25,blockedoff stairs,1,images/c2nj25.jpg
3lc7a3,pissed he didnt make first place,0,images/3lc7a3.jpg
clb942,beta fish cloud,1,images/clb942.jpg
96wmjm,mans first attempt to fly to the moon,0,images/96wmjm.jpg
4k50p6,video shopper wasnt expecting this response when she returned a coat,0,images/4k50p6.jpg
ck6die,first vertebrates evolve to live on land million bc,0,images/ck6die.jpg
d990hp,this goat that somehow got up there,1,images/d990hp.jpg
2lvjii,this evil gecko,1,images/2lvjii.jpg
5lmzlj,disbelief on the subway platform,0,images/5lmzlj.jpg
765dam,news devastating the worlds last remaining male white rhino has died after getting trapped inside a tanning bed,0,images/765dam.jpg
941y3f,pakistani opposition to challenge khan with own pm candidate in parliament,1,images/941y3f.jpg
4rc3ox,a cactus,0,images/4rc3ox.jpg
2ccifd,cowboys send out playoff tickets,1,images/2ccifd.jpg
7hxll7,an adult film actress realising what she signed up for,0,images/7hxll7.jpg
2sgfdn,standing wave the chance of living is going down,0,images/2sgfdn.jpg
7q5p7o,watching the last public execution versailles x,0,images/7q5p7o.jpg
37iln2,fifa frantically announces summer world cup in united states,0,images/37iln2.jpg
c9jjln,the wood looks like it has a person on a cross carved into it natural,1,images/c9jjln.jpg
32m314,swedes launch first doughnut into space,1,images/32m314.jpg
7s5g3,very nice megapixel pic of obamas inauguration,1,images/7s5g3.jpg
8u360l,german planes during the battle of britaincolorized,0,images/8u360l.jpg
8o0gth,owly owls or cold robots either way i feel my driving is being judged,0,images/8o0gth.jpg
6gvuio,donald trumps approval rating sinks further as disapproval hits record high,1,images/6gvuio.jpg
56cylz,smiley owl enjoying its lettuce,1,images/56cylz.jpg
6ypxy5,poster for a international exposition in rio de janeiro celebrating the th anniversary of brazilian independence,0,images/6ypxy5.jpg
av75zs,theyounhhh karma,0,images/av75zs.jpg
95gp1j,crucifixion of jesus christ ad,0,images/95gp1j.jpg
3dgwsl,child making a slam dunk,1,images/3dgwsl.jpg
8smxjz,this motorcycle riders helmet,1,images/8smxjz.jpg
5g7szg,the misery of war,0,images/5g7szg.jpg
av6zpb,a baseball mitt wo laces,1,images/av6zpb.jpg
1heinv,raccoon waving at the camera,1,images/1heinv.jpg
clgvbo,just a house singing and crying,0,images/clgvbo.jpg
d2rckj,a jetpowered bird,0,images/d2rckj.jpg
b4e6si,the lights in the gutter look like a pin,1,images/b4e6si.jpg
cqwsud,this cyclops picture i taped to the bottom of my mouse,1,images/cqwsud.jpg
8pbm73,dental machine terrified of its job,0,images/8pbm73.jpg
9hjhmt,this flower that blooms only during the night one night and dies the next morning,1,images/9hjhmt.jpg
53hik7,found a network hub for my next lan party,0,images/53hik7.jpg
cgk1iv,somethings cookin in here,0,images/cgk1iv.jpg
1qv2m9,the chips fell out of this chocolate chip cookie,0,images/1qv2m9.jpg
azbuhd,my nectarines seed had a little extra almond gift for me,1,images/azbuhd.jpg
c3rz5w,friend you cant make a meme from a puddle me,0,images/c3rz5w.jpg
34fkcs,troopers take down motorcyclist from bike to end chase in north carolina,1,images/34fkcs.jpg
51qfjk,recovering drug addict turns himself into a triathlon champion,1,images/51qfjk.jpg
8ul0yd,well bury you poster for anticommunist film,0,images/8ul0yd.jpg
24sqnz,man who saved abandoned newborn reunites with her years later,1,images/24sqnz.jpg
7w2d6b,rob porter white house aide resigns after accusations of abuse,1,images/7w2d6b.jpg
1l385a,manuel neuer punching away the ball,1,images/1l385a.jpg
5rc7do,independence day resurgence announces its oscar nomination for alternative best picture,0,images/5rc7do.jpg
16qrxf,i used to play music with this amazing year old,1,images/16qrxf.jpg
3a9p3u,kerala cable operator mixes up pen drive screens porn at kalpetta ksrtc bus stand for minutes,1,images/3a9p3u.jpg
342yqj,dog bowing down to ball,1,images/342yqj.jpg
cwkdxt,this plane isnt about to hit the ground,0,images/cwkdxt.jpg
53s2hu,fed faces a credibility problem,1,images/53s2hu.jpg
26nz5n,puppy standing on the road,1,images/26nz5n.jpg
1ykylh,from the internet drama of twitch plays pokemon a poster for the side of democracy,0,images/1ykylh.jpg
616hj6,ive saw reddit do amazing things for kids i thought the collective hive could do it again,1,images/616hj6.jpg
bi04pq,dardanelles campaign world war i recruiting poster showing the dardanelles strait turkey,0,images/bi04pq.jpg
5x61nq,jeff sessions recuses himself from russia inquiry,1,images/5x61nq.jpg
bpwo90,michael jackson gets a nose job,0,images/bpwo90.jpg
7ot8z6,bruce jenner reveals himself as caitlyn jenner to kim kardashian for the first time circa,0,images/7ot8z6.jpg
2d08t2,this radical skateboard dude taking it to the max,1,images/2d08t2.jpg
b521fo,this bubble after i poured from the bottle,1,images/b521fo.jpg
723mfw,my black and decker sander for a second we saw eye to eye,0,images/723mfw.jpg
c5bmaz,this bag of potato chips shows from which farms the potatoes were used,1,images/c5bmaz.jpg
50tk1y,happy pants,0,images/50tk1y.jpg
1okl4q,never drink alone because now theres wine for cats,1,images/1okl4q.jpg
1hebja,tabby cat chilling on a scratchpostcat toy staring into the camera,1,images/1hebja.jpg
ayujvp,heres precisely why captain marvel is such a disappointment,0,images/ayujvp.jpg
494nog,zionist posters from ww mandatory palestine ww,0,images/494nog.jpg
bbkayh,this table has a runner made out of books,1,images/bbkayh.jpg
c8yj6t,violent antifa thug punches innocent protester at portland rally,0,images/c8yj6t.jpg
4n5zak,us scientist accidentally proves terrifying yearold theory about electric eels,0,images/4n5zak.jpg
6es6y2,dogs face pressed agains couch,1,images/6es6y2.jpg
6rv9d2,happy to heat you,0,images/6rv9d2.jpg
5btngm,john wasnt too happy when i informed him we have found a study by cincinnati childrens hospital medical center,0,images/5btngm.jpg
4vu5ny,venezuelas maduro is bringing back slavery humanrights ngos alert,1,images/4vu5ny.jpg
7bs601,elon musks self driving logistics truck makes a debut on a la highway,0,images/7bs601.jpg
32rnap,the parrots are hungry,0,images/32rnap.jpg
5pgkuc,karim benzema trying to score a goal,1,images/5pgkuc.jpg
67pkpl,night drive,0,images/67pkpl.jpg
3asz07,the girl in the vietnam picture kim phucs journey from war to forgiveness,1,images/3asz07.jpg
5p2n1k,scary,0,images/5p2n1k.jpg
8j3zdd,rare behind the scenes print of first draft van morrisons moondance cover,0,images/8j3zdd.jpg
99y3ui,til bob metcalfe inventor of ethernet predicted in a house and shops at the trinity college library in dublin,0,images/99y3ui.jpg
3boi0l,this broken figurine,1,images/3boi0l.jpg
9e5g90,red dew that sat out in the sun for weeks,1,images/9e5g90.jpg
2njtoz,the runway at courchevel french alps,1,images/2njtoz.jpg
bf5tc0,this little dog park at my local shopping center,1,images/bf5tc0.jpg
bhofjt,first known shakespeare quote,0,images/bhofjt.jpg
4tbj8m,ysk if you buy are probably available free through your account if you have an extremely severe headache that hurts mostly in the background by default in the usa,0,images/4tbj8m.jpg
bd5g5o,these young trees growing out of a dead one,1,images/bd5g5o.jpg
1f5onv,a springbok in the middle of pronking,1,images/1f5onv.jpg
687crb,this guy in a pug mask with a pickaxe,1,images/687crb.jpg
b5t8t4,whale swims under wind surfers at sea,0,images/b5t8t4.jpg
2mllk1,german chancellor angela merkel receiving traditional maori greeting,1,images/2mllk1.jpg
cdwraz,the shell on this turtle i moved out of the road,1,images/cdwraz.jpg
aua7y7,a compliment from a garbage can in my city,1,images/aua7y7.jpg
966iy2,poland during ww circa,0,images/966iy2.jpg
cp1qmf,these spiderwebs look like vinyl records,1,images/cp1qmf.jpg
d80n3u,lost tracks in water,1,images/d80n3u.jpg
6ciqtt,axis nations at the signing of the tripartite pact,0,images/6ciqtt.jpg
7m1vw2,hes shocked that its so white outside just in time for christmas happy christmas everyone,0,images/7m1vw2.jpg
829w2k,fort collins comfort dog helps at florida school after shooting,1,images/829w2k.jpg
70atyl,riley mccoy the california girl who cant go out in the sun might become homecoming queen tonight,1,images/70atyl.jpg
cci5xn,official portrait of the apollo xi astronauts,0,images/cci5xn.jpg
ca94sl,these extremely long red bell peppers i found at work,1,images/ca94sl.jpg
4417ru,popular childrens book author reveals the spooky truth about creepy conspiracy theories,0,images/4417ru.jpg
bafvho,what the hell is a blockchain phoneand do i need one,0,images/bafvho.jpg
c9kryn,spider man far from home is released,0,images/c9kryn.jpg
7orapl,taliban jihadists plotting to take over the afghani capital of kabul,0,images/7orapl.jpg
8xhpba,dancing bridesmaid,1,images/8xhpba.jpg
3bwncj,climbing gymnastic rings at a tough mudder,1,images/3bwncj.jpg
3d8cgg,terrified dog,1,images/3d8cgg.jpg
dd4lwf,cat has blue eyes but they look silver from this angle,1,images/dd4lwf.jpg
75jcvc,pts take it back,0,images/75jcvc.jpg
cx46uf,i guess there was a frog on my car last night,1,images/cx46uf.jpg
37spoq,star athlete that died in texas flood had a bright future dying in afghanistan,0,images/37spoq.jpg
cp56d1,banded calcite mexican onyx,1,images/cp56d1.jpg
7a89ro,operation dlist,1,images/7a89ro.jpg
2yfx50,hackers make smalltown vandalism national news by claiming affiliation with isis,1,images/2yfx50.jpg
dk4zix,this lipstick comes with its own mirror,1,images/dk4zix.jpg
1xqxv2,canadian athlete gives up spot to denny morrison who goes on to win silver in m speed skating teamwork at its finest,1,images/1xqxv2.jpg
8ju8rf,program donates graduation caps and gowns to ensure students dont have to skip ceremonies,1,images/8ju8rf.jpg
4fo5bt,polish baby born from mother on life support is doing fine,1,images/4fo5bt.jpg
8xo5l7,thai cave rescue theyre all out all boys and coach rescued from depths of cave,1,images/8xo5l7.jpg
7nrfzs,dungeons and dragons witchcraft suicide violence usa s,0,images/7nrfzs.jpg
3omnxc,whale cheese,0,images/3omnxc.jpg
8npw9t,us to reportedly push german luxury carmakers in the halo theme song room,0,images/8npw9t.jpg
52h39j,a bare butt against a orangutans glass enclosure,0,images/52h39j.jpg
2kdv3r,hunter pence catching a ball,1,images/2kdv3r.jpg
7afbws,axis allies,0,images/7afbws.jpg
cccqmy,this purple honey i bought in chile it tastes like quince,1,images/cccqmy.jpg
2th9ez,grrrr im angry syrup,0,images/2th9ez.jpg
53h00m,donald trumps most offensive tweets,0,images/53h00m.jpg
cjyk37,found an interesting lake today,1,images/cjyk37.jpg
5pae5s,this kid is wearing a skull on his back,1,images/5pae5s.jpg
8t4mkm,milknew weapon of democracy douglas aircraft poster during the berlin airlift,0,images/8t4mkm.jpg
b1tten,this apple i found at my job,1,images/b1tten.jpg
atobc3,this straw in my cocktail that looks like bamboo,1,images/atobc3.jpg
1km1tg,my garden hose lives in constant fear,0,images/1km1tg.jpg
254aa0,swat team on segways,1,images/254aa0.jpg
7gny8l,this happy frog,0,images/7gny8l.jpg
6jfgx9,every morning i wake up and find this guy yawning back at me,0,images/6jfgx9.jpg
71204j,shailene woodley drops the single most tonedeaf quote of the emmys,0,images/71204j.jpg
artoyi,honest work selftitled,0,images/artoyi.jpg
c9ks40,the shadow on my lamp looks like a spider,1,images/c9ks40.jpg
cv3pwo,reflection makes it look like the knife is transparent,1,images/cv3pwo.jpg
6gjf6y,scifi robotic eye,0,images/6gjf6y.jpg
55n0r3,in pictures spectacular sunrise over scotland bbc news,1,images/55n0r3.jpg
4ot4lv,she boiled watermelon seeds for a reason id never heard of,0,images/4ot4lv.jpg
565hu9,guciffer in fourth quarter of clinton foundation directly coordinating with state department by cheryl mills,0,images/565hu9.jpg
1xv91d,kansas antigay segregation bill is an abomination,1,images/1xv91d.jpg
bfdzr7,im not sure how id describe the dye on this egg or the marking on the bottom but its definitely my favorite,1,images/bfdzr7.jpg
3ns7io,yo girl on motorcycle,1,images/3ns7io.jpg
6u81kc,mapping the brutality of north america in the face to save california climate law,0,images/6u81kc.jpg
aup26g,this green traffic cone,1,images/aup26g.jpg
asj3ej,this celebratory highfive device,1,images/asj3ej.jpg
7ke78x,rock on dude,0,images/7ke78x.jpg
55fpsu,only minutes my first shot at a biscuitbase blackberry tart,0,images/55fpsu.jpg
atoza8,a strawberry that looks like a hand,1,images/atoza8.jpg
3b2nnh,a flamingo in brazil has been given an artificial leg in what zookeepers believe is a world first the sixyearold chilean flamingo at sorocaba zoo fractured his left leg a month ago,1,images/3b2nnh.jpg
b9wzul,mo salah and teammates celebrating a goal,1,images/b9wzul.jpg
bvln9e,farmers say prisoners allowed to work on day release could help fill postbrexit void of eu fruit pickers,1,images/bvln9e.jpg
dbfvs7,it really changes everything,0,images/dbfvs7.jpg
6seosk,airbnb evicts users planning to attend white supremacist rally,1,images/6seosk.jpg
brkl3t,this picture of a dog photobombing a baby,1,images/brkl3t.jpg
5flw2j,construction workers rescue massive trapped bear,1,images/5flw2j.jpg
2gvxzm,line to exchange ray rice jersey longer than line for iphone,1,images/2gvxzm.jpg
smogj,microsoft idea analyze facebook posts to deduce mood interests education,1,images/smogj.jpg
b82dvn,this fuselage on a train,1,images/b82dvn.jpg
9adgtp,shadow imprint of a childs bicycle after the explosion of little boy hiroshima,0,images/9adgtp.jpg
9a9siu,this miserable toilet,0,images/9a9siu.jpg
67c4a8,the hyenas gimme dem scraps,0,images/67c4a8.jpg
860vxl,searches for fortnite in pornhub have skyrocketed since drake played,1,images/860vxl.jpg
5iklkx,nasalranger field olfactometer,1,images/5iklkx.jpg
bac0at,a magma resistant frog undergoes fultumotic head recession due to hydrox fueled combustion heat nasa afterburner test,0,images/bac0at.jpg
bozgw7,you can see the back of the scratch on this mirror via its reflection,1,images/bozgw7.jpg
1conk6,for great britain all races and all peoples are equal italian antibritish poster wwii,0,images/1conk6.jpg
clyytd,one year and one day before my birthday,1,images/clyytd.jpg
8g3vm7,this liver ultrasound,0,images/8g3vm7.jpg
deppdb,we are at the crossroads of history,0,images/deppdb.jpg
3afazr,bank robber is arrested after stopping to buy biscuits,1,images/3afazr.jpg
5ibxoq,iron man bystander saves young boy with seconds to spare after thames plunge,1,images/5ibxoq.jpg
bthsuw,none shall pass,0,images/bthsuw.jpg
346n2d,gov chris christie sends contingent of new jersey state police troopers to maryland amid riots,1,images/346n2d.jpg
azdwxf,this tap,0,images/azdwxf.jpg
4jx377,georgia man to complete half ironman as he battles incurable lung cancer,1,images/4jx377.jpg
azobtg,one of australias iconic big things the big lobster kingston sa,1,images/azobtg.jpg
avikxj,curved icicle in northern michigan,1,images/avikxj.jpg
8ti7vg,sam adams teams to support veteranowned small businesses,1,images/8ti7vg.jpg
9gddad,years of use have burned in the squares and time on this old scoring monitor,1,images/9gddad.jpg
6o71sj,the mantle for the apollo guidance and navigation computer we strongly encourage all residents to stay in murica,0,images/6o71sj.jpg
bt4dt6,biggest tree in the world ya right,0,images/bt4dt6.jpg
5w42xu,pixel test of time,0,images/5w42xu.jpg
b25izd,this box looks so miserable,0,images/b25izd.jpg
2vfovy,australia to compete in the eurovision song contest,1,images/2vfovy.jpg
cy7f8q,receipt printer at work smiled at me today i think im in love,1,images/cy7f8q.jpg
9a75bb,tsavo maneaters tsavo kenya circa,0,images/9a75bb.jpg
9fosa9,octupus fire hydrant,1,images/9fosa9.jpg
c1u87v,opened up my dads year old cabinet and found some of his old baseball cards he never opened them as a kid and all of them are still packaged,1,images/c1u87v.jpg
34c3be,drake at an nba playoff game,1,images/34c3be.jpg
20ckxh,this power strip came with two moods,0,images/20ckxh.jpg
2phli9,yummy french fries,0,images/2phli9.jpg
ckwt5e,this heart shaped tuff of grass,1,images/ckwt5e.jpg
8uqxvj,this flush has seen some shit man,0,images/8uqxvj.jpg
qibsy,this was in rfunny but really belongs here,0,images/qibsy.jpg
8rcr99,birdie takin a selfie,0,images/8rcr99.jpg
8d9b58,jew hides as the ss guards begin the liquidation of the warsaw ghetto,0,images/8d9b58.jpg
5xhkky,heartbroken russian ambassador thought special meetings with jeff sessions were very memorable,0,images/5xhkky.jpg
6vvh1o,a red tomato,1,images/6vvh1o.jpg
7ea6mr,news nasa disaster some asshole threw a blanket over the hubble telescope,0,images/7ea6mr.jpg
b6ahsj,dick pics,0,images/b6ahsj.jpg
bo8npf,why the long face,0,images/bo8npf.jpg
69zhg1,life did willem dafoe just independently invent the flashlight in this epic twitter rant,0,images/69zhg1.jpg
bj9kzn,my brother who isnt an amputee sent me this picture of him cooking,0,images/bj9kzn.jpg
96vyqa,dog smiling while waiting for toys,1,images/96vyqa.jpg
71hg1r,andy dwyer having fun on his masters degree ceremony,0,images/71hg1r.jpg
3p6np7,lets build the soviet powerful dirigible by klim voroshilov,0,images/3p6np7.jpg
14k0ii,a very serious table,0,images/14k0ii.jpg
33t65f,this cute little boy cant wait for the breakfast,0,images/33t65f.jpg
265m3c,disapproving cat,1,images/265m3c.jpg
b1iodn,muslim group to trump we hold you responsible,1,images/b1iodn.jpg
diao0k,the night sky full of sparkling stars,0,images/diao0k.jpg
6al5kn,check out my new fidget spinner from korea,0,images/6al5kn.jpg
34txxz,buy nothing christmas adbustersorg used image culture jamming s moderncurrent,0,images/34txxz.jpg
5e6egg,longtime reader of libslavesinfo sick of mainstream bias on sites like wideawakepatriotcom,0,images/5e6egg.jpg
2bmx1e,most overweight kids believe they are right weight,1,images/2bmx1e.jpg
1gju7s,elevator has seen some things,0,images/1gju7s.jpg
192weu,opponents enter egypts president morsi in contest to send him to moon,1,images/192weu.jpg
55m6rd,everyones been sharing views from toilets lately so heres the inside of an aeroplane from another aeroplane,0,images/55m6rd.jpg
118g2q,people shockingly point at an empty hand,1,images/118g2q.jpg
d1ibxf,this tiny hand washing station for tiny humans in ikea,1,images/d1ibxf.jpg
6hq32h,heres how long couples should date before getting married,0,images/6hq32h.jpg
d9jl53,this physics lesson in an elevator at my school,1,images/d9jl53.jpg
df4bep,almost half of my peanut mms were blue,1,images/df4bep.jpg
3fye1a,willis knighton cancer treatment center of louisiana flash mobs year old girl on last day of treatment,1,images/3fye1a.jpg
2g7r1l,man arrested for advertising for sex with woman and dog on craigslist in police sting,1,images/2g7r1l.jpg
8oheql,my ghastly egg seems scared of her boobies,0,images/8oheql.jpg
cmweiw,my airbnb has an old milk door,1,images/cmweiw.jpg
arxokr,epsons printer ink fields before harvest,0,images/arxokr.jpg
6facri,eminem has succeeded in getting a word added to the english dictionary,0,images/6facri.jpg
35ie1t,champagne to the face,1,images/35ie1t.jpg
cydfev,embrace the crack,0,images/cydfev.jpg
blttb8,church member convicted of fire that was blamed on trump voters,1,images/blttb8.jpg
3wqmsi,my food container is adorable,0,images/3wqmsi.jpg
ys49c,sony patent aims to force viewers to acknowledge brands by shouting their names before they can skip commercials rtechnology,1,images/ys49c.jpg
65ovr7,my other hand isnt strong enough take my little hand,0,images/65ovr7.jpg
slvcj,hi guys do something,1,images/slvcj.jpg
7yoqoo,infographics show why you will never be rich,0,images/7yoqoo.jpg
c7wllz,the turkish government giving recognition of the armenian genocide,0,images/c7wllz.jpg
chrvrj,the cap on my root beer had another cap stuck under it when it was pressed onto the bottle,1,images/chrvrj.jpg
bfuc1r,my planet fitness gives members free pizza and bagels cause they want to keep us fit,1,images/bfuc1r.jpg
58c0ay,man on inflatable dinosaur,1,images/58c0ay.jpg
d9kkua,toilet brush holder looks like a dolphin brushing its teeth,0,images/d9kkua.jpg
cb9kxo,pucker up,0,images/cb9kxo.jpg
1xod9b,my syrup bottle seems excited to see me today,0,images/1xod9b.jpg
5ndepr,heres what hillary clinton was doing around the same time trump criticized meryl streep,0,images/5ndepr.jpg
1wetek,sean hannity suggests replacing health insurance with health insurance,1,images/1wetek.jpg
boclnu,when youre feeling kinda knotty,0,images/boclnu.jpg
cedh0m,leonardo da vincis initial pencils sketch version of monalisa drawn entirely using only his left foot ce,0,images/cedh0m.jpg
4ywelv,el capitan te deja pilotar,0,images/4ywelv.jpg
6xi5li,tragic footage of the protests in charlottesville,0,images/6xi5li.jpg
cno53v,this pothole in boston shows the old cobblestone street below,1,images/cno53v.jpg
2d817d,meanwhile on the iss,0,images/2d817d.jpg
5e96ck,how come i cant take the revolution next,0,images/5e96ck.jpg
az62v7,cancel daylight saving time,0,images/az62v7.jpg
5hoos8,beyonce during a live performance of drunk in love,0,images/5hoos8.jpg
bi83wd,a soviet charge pushes back the germans at stalingrad,0,images/bi83wd.jpg
bji30u,chocolate cake with bananas,0,images/bji30u.jpg
bkgsmi,tiny colored pencils,1,images/bkgsmi.jpg
7y9uer,mountains snow people a view from aiguille du midi m france,1,images/7y9uer.jpg
cgtm9i,grilling a delicious steak,0,images/cgtm9i.jpg
42h512,me drive good,0,images/42h512.jpg
6ereka,caught a frog in the stairwell,0,images/6ereka.jpg
9hrys2,google confirms its letting third parties scan your gmail,1,images/9hrys2.jpg
2hh4cl,he was happy to see us on our hike,0,images/2hh4cl.jpg
3zibkj,seminary graduation,1,images/3zibkj.jpg
4wn4wl,iran executes nuclear scientist reputed to have spied for us,1,images/4wn4wl.jpg
4trpnk,grateful veteran gives back by helping other veterans,1,images/4trpnk.jpg
60o4p6,fbi director james comey admits under oath that he hates the patriots,1,images/60o4p6.jpg
2yfzhk,teenager diagnosed with testicular cancer after pregnancy test,1,images/2yfzhk.jpg
3c7ttq,a bear rolling around on the ground,0,images/3c7ttq.jpg
1xp7vq,a bald eagle with a broken wing being rescued in mora new mexico,1,images/1xp7vq.jpg
7laycw,nanaimo homeless man returns diamond ring to grateful owner,1,images/7laycw.jpg
6gpehi,girl kicked out of soccer tournament for an insane reason,0,images/6gpehi.jpg
ccs4io,this strawberry i found,1,images/ccs4io.jpg
5semcj,they beg you to let them out then just stare back at you with those eyes to let them back in,0,images/5semcj.jpg
dz7mxgg,available here,0,images/dz7mxgg.jpg
d4zf3a,not everyone is sad in a monday morning,0,images/d4zf3a.jpg
braqtz,my cat calendar has facts about cats each month,1,images/braqtz.jpg
2ugfob,this selfie brooke shields took while at the dentist,1,images/2ugfob.jpg
2hupb9,syria is yes trying to restore tourism,1,images/2hupb9.jpg
6nc1fc,columbia calls wwi us army recruiting poster,0,images/6nc1fc.jpg
btia7i,james charles new makeup palette goes on sale,0,images/btia7i.jpg
7j2iqr,someone in the uk watched bee movie times in,1,images/7j2iqr.jpg
d10h9z,these painted stairs,1,images/d10h9z.jpg
30vq2e,rubio announces his next announcement is,1,images/30vq2e.jpg
boo0l1,old yoda this is,1,images/boo0l1.jpg
bebvxk,random mutant dandelion,1,images/bebvxk.jpg
88lacx,lillehedenhalt the last word of the summer has been said,0,images/88lacx.jpg
988had,does anyone else while inappropriately drunk point in the us and the alt left creating a fake scandal,0,images/988had.jpg
8yof1m,america declares war on japan,0,images/8yof1m.jpg
al3w4z,albino squirrel i saw today,1,images/al3w4z.jpg
8x6jro,canadian forces capture president donald trump ending the uscanadian trade war,0,images/8x6jro.jpg
b954aa,is picture made of newspapers,1,images/b954aa.jpg
2zpjpv,scrunchies saving wildlife from being killed by cats study,1,images/2zpjpv.jpg
8kinnx,my stapler has had it with your shit,0,images/8kinnx.jpg
45nbvc,this dog,1,images/45nbvc.jpg
btzrfc,the amount of trips an elevator made in a year span in a residential building,1,images/btzrfc.jpg
dll5b4,this barnes noble bag,1,images/dll5b4.jpg
4exfis,sleepy usb outlets,0,images/4exfis.jpg
d85aj9,this pyramid of chess pawns my friend made,1,images/d85aj9.jpg
4me4jj,ilford vicar fined after shouting im from the vatican youre at police officers in drunken brawl,1,images/4me4jj.jpg
2l2126,an art gallery in russia modern,0,images/2l2126.jpg
ay35w6,ants eating tape adhesive,1,images/ay35w6.jpg
9inqvr,this no alcohol sign in australia has an emu export can depicting the alcohol,1,images/9inqvr.jpg
2fgqhe,game of thrones nude scene approved post church conflict in croatia,1,images/2fgqhe.jpg
4ibjyp,this little rockstar on a shopping mall ad,1,images/4ibjyp.jpg
88axm2,iranian granted us visa to aid brother with cancer despite travel ban,1,images/88axm2.jpg
1chi27,these soldiers did the boston marathon wearing pound packs then they saved lives,1,images/1chi27.jpg
36yf40,gibraltar city,1,images/36yf40.jpg
bbdog9,annie oakley,0,images/bbdog9.jpg
89qvsz,a russian squadron pose for a celebratory photo following the successful push of berlin resulting in the suicide of adolf hitler,0,images/89qvsz.jpg
d8b4hv,justin trudeau discovering his photos from years ago have leaked,0,images/d8b4hv.jpg
awyea0,my friend said oh look you can see the clouds up here,0,images/awyea0.jpg
vgogz,vladimir putin playing ice hockey,1,images/vgogz.jpg
6ll38m,sand artists parody gov chris christies wellknown jersey shore beach photo,1,images/6ll38m.jpg
6d3pu0,they went to manchester arena as homeless men they left as heroes,1,images/6d3pu0.jpg
3uk1cq,high school provides anonymous pantry,1,images/3uk1cq.jpg
d3xact,these itty bitty teeny weeny cooking cutters,1,images/d3xact.jpg
4t5kuj,gop establishment relieved after conventionally abhorrent beliefs make way onto presidential ticket,0,images/4t5kuj.jpg
5vfn1p,coke releases their new titan bottles size,0,images/5vfn1p.jpg
bc057w,the surgical oncologist gave me this to bathe with before surgery today,1,images/bc057w.jpg
cvrdg0,my scab looks happy,1,images/cvrdg0.jpg
dbh8p6,my study hall teacher has a collection of pez containers with cartoon characters all around the classroom,1,images/dbh8p6.jpg
1vugn3,yearold boy saves in blaze before dying while trying to save another bittersweet,1,images/1vugn3.jpg
443rtj,david beckham of bullfighting faces probe after confronting bull while holding baby daughter,1,images/443rtj.jpg
87lvot,capybara with baby goat,1,images/87lvot.jpg
69enao,a dog in safety glasses,1,images/69enao.jpg
9hb9tb,local car dealership uses a car battery as phone charger,1,images/9hb9tb.jpg
6iuatq,flint airport attack michigan officer stabbed in act of terrorism fbi says,1,images/6iuatq.jpg
1exf4g,ladder looks like hes waving,0,images/1exf4g.jpg
cqqizz,ladybug on seedpod,1,images/cqqizz.jpg
65juyw,jennifer anistons cutout dress shows off a surprising body part,0,images/65juyw.jpg
1iqaqg,the jew is your eternal enemy world war ii poster,0,images/1iqaqg.jpg
claiqn,this speed limit which is not a multiple of five ouray colorado,1,images/claiqn.jpg
1m2ljk,this purse is excited about its new lip piercing,0,images/1m2ljk.jpg
az9oul,this album cd has the phrase find the answers change tomorrow on it in morse code,1,images/az9oul.jpg
3idicc,schools wifi making son sick parents say in lawsuit,1,images/3idicc.jpg
5pdkfu,keep punching every day author unknown war production board c,0,images/5pdkfu.jpg
9017op,the prime minister of new zealand political party liberal alliance love csgo,0,images/9017op.jpg
42a5ug,navajo woman hilariously destroys grocery store crowd by wooing beautiful girl with by whacking her with oh boy,0,images/42a5ug.jpg
9k9yx5,found these trees holding up a bench seat,1,images/9k9yx5.jpg
62l3rr,thirsty cobra given a drink by local villagers,1,images/62l3rr.jpg
bmb4yg,in hawaii they have minimum speed limits in addition to maximum speed limits,1,images/bmb4yg.jpg
64552d,swedish reports say a truck has driven into people on a rollercoaster inauguration gets hit by pigeon,0,images/64552d.jpg
68xi3k,man kissing a dolphin,1,images/68xi3k.jpg
2l0o2w,apple ceo tim cook brings ebola aids and gonorrhea says antigay russian politician vitaly milonov,1,images/2l0o2w.jpg
2speyh,meakin ashamed of every ill deed,0,images/2speyh.jpg
cvuggw,my popsicle is measured in ml instead of by weight on the packaging,1,images/cvuggw.jpg
7swt5l,eyes of the home skies civil air patrol poster from,0,images/7swt5l.jpg
6n5qxu,curbstomp symphony selftitled,0,images/6n5qxu.jpg
b7egg5,marcus rashford celebrating his goal for manchester united with open mouthed elation,1,images/b7egg5.jpg
cig820,a venom face decided to form when i poured chinese paint into a cup,1,images/cig820.jpg
82plqw,labours lost the future of publicsector unions hinges on the vote of neil gorsuch all the other justices in janus have already tipped their hands,1,images/82plqw.jpg
b5545w,raytheon developing the agc,0,images/b5545w.jpg
cl6qbk,this ancient monkey robot head,0,images/cl6qbk.jpg
7skbu7,abe lincoln refusing to straighten his hair,0,images/7skbu7.jpg
6tnyxq,russian people will never fall to its knees s soviet union,0,images/6tnyxq.jpg
10itr3,empathy of animals always amazed me,1,images/10itr3.jpg
awosyh,becky likes to wander,1,images/awosyh.jpg
7pecoc,adam and eve sharing the forbidden fruit ca bc,0,images/7pecoc.jpg
9eccsg,happy to weigh your weed,0,images/9eccsg.jpg
2eohg6,the ladykillers,1,images/2eohg6.jpg
3phkl6,crimean referendum poster,0,images/3phkl6.jpg
bgubkt,herman cain withdraws from fed consideration,0,images/bgubkt.jpg
1d2akn,cemetery at buddhist kiyomizudera shrine kyoto,1,images/1d2akn.jpg
38p5l4,peace my best for it ddr,0,images/38p5l4.jpg
1hy9xh,model electrocuted after peeing on g train third rail,1,images/1hy9xh.jpg
2g5x2k,tthtthtthtthtthtthtthtth,0,images/2g5x2k.jpg
cdj2ms,my cat has waves,1,images/cdj2ms.jpg
3oahru,rest ink peace nonprofit preserves deceased members tattoos,1,images/3oahru.jpg
aswrta,this poem about playing a piano is structured like keys on a piano,1,images/aswrta.jpg
cvnjfn,the registered symbol is on the very edge of the letter in this sign,1,images/cvnjfn.jpg
bnup5h,canned maple syrup,1,images/bnup5h.jpg
73zlcy,this couple scammed amazon out of million now they have to pay it back,1,images/73zlcy.jpg
71yi97,well finish the fascist beast in its own cave hungary,0,images/71yi97.jpg
6p2fqq,the sinclair revolution will be televised itll just have low production values,1,images/6p2fqq.jpg
886gv2,capybara gets some scritches,0,images/886gv2.jpg
8yf9cy,mark zuckerberg testifies before congress in the wake of the cambridge analytica scandal,0,images/8yf9cy.jpg
bjq3ck,nixons peace purchased last fall in the french quarter of hanoi vietnam war date unknown,0,images/bjq3ck.jpg
2oactl,utah man charged for sunbathing nude in his yard,1,images/2oactl.jpg
bwsu8u,be a man among men recruitment poster by the rhodesian army,0,images/bwsu8u.jpg
4tllr8,more than rescued dogs to get fresh start,1,images/4tllr8.jpg
d1i7jv,a bunch of matches after being lit,0,images/d1i7jv.jpg
bwm43t,jimmy carter awarded tenure at emory university at age,1,images/bwm43t.jpg
8woipz,melania trump feeding a caged panda in china,1,images/8woipz.jpg
2uofon,smallpox is a process of cleansing vaccination is a process of corruption and death antivac envelope uk,0,images/2uofon.jpg
7au9kx,police arrest suspect in sex assault of yearold boy offered a plea deal,0,images/7au9kx.jpg
d70u0a,the holocaust colorised,0,images/d70u0a.jpg
b8xg72,bent trees everywhere,1,images/b8xg72.jpg
34bz3o,fox in a snow storm,1,images/34bz3o.jpg
5lncxp,what you need to know about usrussia tensions,0,images/5lncxp.jpg
b53wsm,garlic knobs left on the shelf for too long dried shells smelling not quite right,1,images/b53wsm.jpg
8al50t,merrrrpppp,0,images/8al50t.jpg
w55z7,this is mine,1,images/w55z7.jpg
670qxv,vietnam idol springtime sun,0,images/670qxv.jpg
d3fze0,a disguised lego delivery box,1,images/d3fze0.jpg
1lngxb,the lhc,0,images/1lngxb.jpg
crw2ql,what did the bolsheviks carry polish antisoviet poster s translation included,0,images/crw2ql.jpg
84z8z5,us introducing nuclear arms into the modern era th,0,images/84z8z5.jpg
1aqjad,so a friend of pokons girlfriend made a cake for her daughters birthday party one of the kids started crying because it was so ugly,1,images/1aqjad.jpg
azi5bj,childish gambino this is america,0,images/azi5bj.jpg
dgl7aw,the way my cats parents passed on their fur genes,1,images/dgl7aw.jpg
2lh17d,looking good in that leopard spotted bikini,0,images/2lh17d.jpg
8c325t,australians struggle to pronounce the word australia correctly,1,images/8c325t.jpg
cdq2qn,printed out email found in a cookbook at a thrift store from,1,images/cdq2qn.jpg
3ni2nv,fat slenderman at walmart,1,images/3ni2nv.jpg
2sfwx1,benjamin huger the secrets of energy,0,images/2sfwx1.jpg
balek5,concept of photolumenecent highway at night,0,images/balek5.jpg
346l4e,i think its time to move,0,images/346l4e.jpg
d5nonw,this is the angel of knives it is a giant statue made up of knives that have been taken from amnesties in england it was made to raise awareness for knife crime in england,1,images/d5nonw.jpg
7rq35j,south eastern land,1,images/7rq35j.jpg
1k3avq,physics teacher from my high school astounds students on the bonds of love,1,images/1k3avq.jpg
5urqth,wartime wish turns to reality as newcastle man celebrates th birthday with women,1,images/5urqth.jpg
17g0w2,i dont know how you call these yellow things but its looking at me,0,images/17g0w2.jpg
8h0b3u,we love you thank you jonathan starwarse,0,images/8h0b3u.jpg
pdl15,knowledge wins public library books are free poster from the american library association circa,0,images/pdl15.jpg
4q0iir,staring at us at a concert we moved,0,images/4q0iir.jpg
b3qm2c,things getting pretty serious between local woman vibrator,0,images/b3qm2c.jpg
3o1t2n,kari ramo robs the sedins with what could be done unless he showed up at the stock market,0,images/3o1t2n.jpg
crcgd9,split of the tectonic plates in iceland,1,images/crcgd9.jpg
6a0wwu,nm students skype with refugees,1,images/6a0wwu.jpg
20icja,mr reflection at work,0,images/20icja.jpg
bbbl3l,the huge size of this strawberry,1,images/bbbl3l.jpg
3pc81c,turtle insists on a longboard,0,images/3pc81c.jpg
77g1u3,dubai time travel ashes,0,images/77g1u3.jpg
4s5xyc,artist sued for m over painting he insists he didnt paint,1,images/4s5xyc.jpg
8wwse7,yearold goes to court to get reunited with family,1,images/8wwse7.jpg
ccqycs,study china engaging in wide campaign to influence american life,1,images/ccqycs.jpg
askp4e,the soviet union successfully invades mainland europe,0,images/askp4e.jpg
c12hd6,this strawberries seeds have started sprouting,1,images/c12hd6.jpg
c8we5g,camper at the summer camp i work at had a braille label on their water bottle,1,images/c8we5g.jpg
2a5fzx,my tie is looking at me funny,0,images/2a5fzx.jpg
2fmpw0,idaho professor accidentally shoots himself while teaching class,1,images/2fmpw0.jpg
6jscih,european tourist board announces new merch in preparation for ramadan th,0,images/6jscih.jpg
d73vkf,school children at assembly before going out on the climate strike,0,images/d73vkf.jpg
d0wg6j,the you me chairs valladolid mexico,1,images/d0wg6j.jpg
a65yvv,this burger stand in a hardware store,1,images/a65yvv.jpg
9c6k7h,chameleon skull,0,images/9c6k7h.jpg
3fik66,the demise of the small american bank,1,images/3fik66.jpg
1kve0d,girl in complete awe,1,images/1kve0d.jpg
383xs8,octopus eggs,1,images/383xs8.jpg
6v2kij,female attendant shocked after discovering the body of cleopatra bc,0,images/6v2kij.jpg
86i2ie,karen mcdougal tells cnn trump once tried to pay her after sex,1,images/86i2ie.jpg
1eml6b,david beckham thrown into air,1,images/1eml6b.jpg
3mucn8,im rusty whats your name,0,images/3mucn8.jpg
coy2pa,this fence is made of bicycles,1,images/coy2pa.jpg
7bqvtr,turd in a toilet,0,images/7bqvtr.jpg
8kkznk,rev michael curry gives the sermon at the royal wedding of harry and meghan,0,images/8kkznk.jpg
lpi0a,firmes junto a fidel poster from the cuban revolution x,0,images/lpi0a.jpg
1stdff,surprised baby,1,images/1stdff.jpg
8r5dml,new yorks attorney general is suing the trump foundation as well as donald trump and his children alleging extensive and persistent lawbreaking,1,images/8r5dml.jpg
5fr3m7,brothers who started million company say question mom asked every night at dinner sparked their business,0,images/5fr3m7.jpg
87swvv,life ways to restore your reputation as the ostrich whisperer after an ostrich rips your face off,0,images/87swvv.jpg
64j1b1,oo,0,images/64j1b1.jpg
7hd09y,famous dj hardwell aims to educate children in india with worlds biggest guestlist festival,1,images/7hd09y.jpg
3o2gcc,podracing scene from star wars i the phantom menace,0,images/3o2gcc.jpg
b6aoip,this dog sleeping on a sofa,1,images/b6aoip.jpg
9aia65,jacksonville landing shooting multiple fatalities at mass shooting in florida near esports madden tournament today live updates cbs news,1,images/9aia65.jpg
akfplc,a freshly baked pie,0,images/akfplc.jpg
cvho4g,my cellphone case melted in the direct sun,0,images/cvho4g.jpg
6coult,why is this man so excited about polling day,0,images/6coult.jpg
5oshyi,aca enrollment highest in states that voted trump,0,images/5oshyi.jpg
1wa4ec,the potoo bird,1,images/1wa4ec.jpg
bdw0zj,old pic my clock at seconds after on,1,images/bdw0zj.jpg
bvslhj,this fly that got stuck in my screen door,1,images/bvslhj.jpg
1mbpcb,shirtless man standing by a waterfall,1,images/1mbpcb.jpg
287zt4,a dummy with assorted apparel,1,images/287zt4.jpg
8i7vmh,out of the shadows s british liberal party poster,0,images/8i7vmh.jpg
ctjn90,this clock ticks counter clockwise instead,1,images/ctjn90.jpg
7mscvy,baby elephant carried to safety,1,images/7mscvy.jpg
5mhht8,glory to the first cosmonaut y a gagarin soviet union,0,images/5mhht8.jpg
d87uoi,this portrait by monet i saw in vienna looks like robin williams in a chefs hat,1,images/d87uoi.jpg
d17vdh,glen campbell a satisfied mind,0,images/d17vdh.jpg
3ahijm,random yearold tells rockets he wont play for team if drafted,1,images/3ahijm.jpg
8rk0uy,the tiny man who lives in my kitchen table,0,images/8rk0uy.jpg
cnb0px,the grand canyon from above,0,images/cnb0px.jpg
3e3iou,woman jokes that she wants a marching band to escort out of the hospital after last chemo session niece surprise her with university of wisconsin marching band,1,images/3e3iou.jpg
ctqbty,i found this triangle skittle in my bag of skittles,1,images/ctqbty.jpg
cqcode,one of my neighbors has a free mini library on their front lawn,1,images/cqcode.jpg
bk2vrr,plate o diarrhea,0,images/bk2vrr.jpg
bvamcr,pittsburgh pa from the top of the duquesne lifts during a lightning storm just frames apart,1,images/bvamcr.jpg
bj0iqj,rumpkin seeds started to sprout from the inside,1,images/bj0iqj.jpg
1v0pkf,no touching,1,images/1v0pkf.jpg
txwau,discover and mercilessly crush the fifth column poster by the communist party in madrid while the city was besieged by nationalist forces x,0,images/txwau.jpg
cew40p,this asian patrick stewart,1,images/cew40p.jpg
4nil2b,woman dies after being impaled by flying beach umbrella at virginia beach,1,images/4nil2b.jpg
9k1jjr,this tree across the street from our place that looks like a unicorn or triceratops,1,images/9k1jjr.jpg
bpyhy0,one million face hunger in gaza after us cut to palestine aid,1,images/bpyhy0.jpg
8o6tm4,song deemed good enough to put girlfriend on shoulders,0,images/8o6tm4.jpg
6i2rv4,two soccer players on a very wet field,1,images/6i2rv4.jpg
95yjj2,creepy clown face,0,images/95yjj2.jpg
c4m34k,onyx soulcrusher dogma,0,images/c4m34k.jpg
7711bt,this enthusiastic toddler with a baseball bat,1,images/7711bt.jpg
bisetj,david bowie best of bowie,0,images/bisetj.jpg
b7700y,half my hanging birdseed ornament was under the rain,1,images/b7700y.jpg
3ry3rl,traditional african tribal necklace worn in bright sunshine,0,images/3ry3rl.jpg
d6u22t,steven spielberg testing out the pov shot where et is dressed up as a kkk member,0,images/d6u22t.jpg
2ni8gw,story without words serbia autumn,0,images/2ni8gw.jpg
buiygd,spilled toothpaste looks like a dolphin,1,images/buiygd.jpg
16lcxi,happy to protect surgical instruments,0,images/16lcxi.jpg
cpahkd,ed sheeran and heinz ketchup mashup edchup,1,images/cpahkd.jpg
bf02pq,he weighted so long for someone to find him,0,images/bf02pq.jpg
8bpq9l,my eggs today look like a screaming hell beast straight outta ghostbusters,0,images/8bpq9l.jpg
6rde4l,half a mile underground floating in the japanese subterranean neutrino detection chamber,0,images/6rde4l.jpg
3w3uqv,theyre both alarmed,0,images/3w3uqv.jpg
97pxod,mark zuckerberg midway though transitioning back to his human form,0,images/97pxod.jpg
54slaz,gta v player uncovered a new neverbeforefound secret ingame,0,images/54slaz.jpg
b4idcn,islamic state defeated caliphate eliminated says us ally in syria,1,images/b4idcn.jpg
b1iws3,god punishes adam and eve for eating the forbidden fruit from the tree of knowledge cursing them and punishing them with shame and banishment from the garden of eden also known as the fall of mancirca bce,0,images/b1iws3.jpg
7z8kkp,upward spiral tuesdays,0,images/7z8kkp.jpg
6tkc67,crime the innocents,0,images/6tkc67.jpg
7nmnyo,wave theory tides of change,0,images/7nmnyo.jpg
1v38dj,dog diving into a pool,1,images/1v38dj.jpg
86cizf,this little monster i found on or in the wall,0,images/86cizf.jpg
dhbwq1,puddle ghost,0,images/dhbwq1.jpg
7yz8j7,this perturbed guardian,0,images/7yz8j7.jpg
8g42qv,mike pompeo asked netanyahu to make his false claims about iran nuclear agreement,1,images/8g42qv.jpg
2f9pxx,til captain caveman discovered lsd in an episode that hannabarbera denies ever aired,0,images/2f9pxx.jpg
djsept,this field of industrial hemp panoramic the sign says no thc,1,images/djsept.jpg
5typh2,dance store addict our youth in rivers,0,images/5typh2.jpg
1vptjj,sculpted and gilded teakwood wat xieng thong luang prabang laos,1,images/1vptjj.jpg
auawpz,the ice sheath on this door handle came off cleanly and remained intact when the day got warmer,1,images/auawpz.jpg
27p8a5,hillary clinton was dead broke leaving the white house despite k income,1,images/27p8a5.jpg
64kwfo,modern history united removes man from flight after he refused to volunteer to get off the plane,0,images/64kwfo.jpg
y3ofa,bizarre but beautifullydesigned north korean antiamerican poster,0,images/y3ofa.jpg
bih2ro,a two topped burger,1,images/bih2ro.jpg
6gcp19,dog in costume,1,images/6gcp19.jpg
cb0ahv,this tiny nutella jar,1,images/cb0ahv.jpg
bas2p3,the country is full,0,images/bas2p3.jpg
4p4g9v,der spiegel ukraine seeks to eliminate rampant corruption,1,images/4p4g9v.jpg
8xz5yk,only just realized the cthulu on the bottom of my iron,0,images/8xz5yk.jpg
1ipwzt,bill cosby teaching kids how to be theatrical,1,images/1ipwzt.jpg
cdwtqs,found this ingraved in a rock,1,images/cdwtqs.jpg
dl2b4h,this shop sells a brush to clean the metal straw,1,images/dl2b4h.jpg
1kx75i,there was a panther in the ice on this cup,0,images/1kx75i.jpg
3yka6i,local fox reporter overhears young pair flirting with eachother at airport begins livetweeting the interaction southwest airlines and local music venue jump in to pay for first date,1,images/3yka6i.jpg
8wmjf8,trump gives personal mattress to scott pruitt as thank you for faithful service,0,images/8wmjf8.jpg
9d4eon,battlefield v lights up keyboard with a v when on menu screen,1,images/9d4eon.jpg
boa5ua,this horrified styrofoam,0,images/boa5ua.jpg
5007hf,this building seemed a bit surprised to have its picture taken,0,images/5007hf.jpg
1203sk,physicists invent tiny working tractor beam world becomes instantly more awesome,1,images/1203sk.jpg
4meg82,to inspire disabled daughter dad creates a whole new kind of comic book superhero,1,images/4meg82.jpg
3juwyw,judge joe brown likens self to nelson mandela calls out jail he was housed in for days,1,images/3juwyw.jpg
4u9lcf,nazi germany survivor fosters baby oppossums into her s,1,images/4u9lcf.jpg
c2vvay,this doorway is cut off to fit the mosaic above,1,images/c2vvay.jpg
arckmi,veterinarian orthopedic surgeon team up to save animals,1,images/arckmi.jpg
cda93m,these sun shine waves on the curtains in my bedroom,1,images/cda93m.jpg
8agqf5,request caiman in mid bite,0,images/8agqf5.jpg
59xjav,the rain had just finished building a labyrinth on a winters day australia oc x,0,images/59xjav.jpg
1po0rc,miracle or not ravens jameel mcclain inspires with recovery from spinal injury,1,images/1po0rc.jpg
3v25k9,ted cruz i stand with robert lewis dear,0,images/3v25k9.jpg
2xjiac,looks like the guardian of this toilet paper dispenser has fallen asleep,0,images/2xjiac.jpg
6wp8c9,woman being rescued after hurricane,1,images/6wp8c9.jpg
1pqj17,military dad surprises daughters wife with early homecoming,1,images/1pqj17.jpg
74n67t,european soldier moments before being killed by german forces circa,0,images/74n67t.jpg
csenfd,river on a mountain giant wall,0,images/csenfd.jpg
7av1k2,adolf hitler prepares to give a passionate speech from a balcony in nuremberg,0,images/7av1k2.jpg
4tuur6,vacationing mom pulls toddler from creek saves boys life,1,images/4tuur6.jpg
6bygtf,mr snek the snoot boopers cuddle rope,0,images/6bygtf.jpg
d971fe,how the top of my banana popped off when i went to peel it,1,images/d971fe.jpg
78njqe,cop celebrates childs birthday after child is left at school,1,images/78njqe.jpg
47en9n,woe if he should be released german satirical mag at the onset of wwi,0,images/47en9n.jpg
87it98,a hidden talent chippewa falls native donates hundreds of handmade toys to jasons presents,1,images/87it98.jpg
5oqetf,choppy seas,0,images/5oqetf.jpg
1cnobf,inside mausoleum of general san martin south american independence leader buenos aires,1,images/1cnobf.jpg
58whel,lets cross the road puppy police officer saves a van driver,0,images/58whel.jpg
yoxw9,i know you glorious bastards can do something awesome with this,1,images/yoxw9.jpg
x31px,what else could this lego be,1,images/x31px.jpg
3692ak,overly enthusiastic bottle opener,0,images/3692ak.jpg
cki4e0,participation trophy wife experiment,0,images/cki4e0.jpg
azjodc,destroying an old photo frame,0,images/azjodc.jpg
142eu7,kim jonguns face,1,images/142eu7.jpg
ausucu,my brocolli had air pockets in it,1,images/ausucu.jpg
bfijhp,a game of chess for interlectuals,1,images/bfijhp.jpg
8rmuf5,a chubby female british tabby cat with a striped and white coat laying on her side on top of a stack of doormats,1,images/8rmuf5.jpg
b18cy3,this sword looks huge,0,images/b18cy3.jpg
b50tpk,my local store knows whats up,1,images/b50tpk.jpg
9br511,currently engaged in a battle of micro writing with an adversary,1,images/9br511.jpg
1nw5ba,just getting some sun cross post from rfunny,0,images/1nw5ba.jpg
1m3zkv,drunken moose gang stirs up trouble in sweden,1,images/1m3zkv.jpg
tftaz,where north carolina decided to stay fixed even cavemen were gay,1,images/tftaz.jpg
gpd09,it is time,1,images/gpd09.jpg
1yjdwc,deport bieber petition is secondhighest ever on white house website,1,images/1yjdwc.jpg
3lwsla,dutch number of red cross volunteers doubled within a day,1,images/3lwsla.jpg
4etsx2,kobe bryant getting a champagne shower after his last career nba game,1,images/4etsx2.jpg
ddrnr2,this toilet seat cleaner in a wegmans bathroom,1,images/ddrnr2.jpg
d5luz6,this dog at the table,1,images/d5luz6.jpg
9cilxi,found for the younger audience,0,images/9cilxi.jpg
6ug7nj,trump to chew long piece of grass while holding shotgun across his shoulders,0,images/6ug7nj.jpg
bqrzk3,last word of judas to christ circa ad,0,images/bqrzk3.jpg
4fk9zm,this tower on canadas parliament is appalled at insert political partys policies,0,images/4fk9zm.jpg
3shcoj,aziz ansaris dad says he only did masters of none so he could spend more time with aziz,1,images/3shcoj.jpg
b1rzx8,this beagle on a couch,1,images/b1rzx8.jpg
bm6e62,jurassic bark new tricks,0,images/bm6e62.jpg
cl5pxf,a cicada just out of its shell,1,images/cl5pxf.jpg
4acc2l,the dream of a yearold haemophiliac boy came true today he became the ceo of persepolis football club one of the highest supported teams in middle east with over million fans,1,images/4acc2l.jpg
25g644,georgios samaras glasgow celtic striker celebrate the championship and says bye to the team with celtics biggest fan,1,images/25g644.jpg
cgrwo3,the burn on my glove says me,1,images/cgrwo3.jpg
2rf5nu,man blames va hospital after sleeping meds left him with erection for weeks,1,images/2rf5nu.jpg
8fnagu,it looked like this guy was getting carsick on the wedding shuttle,0,images/8fnagu.jpg
9ewj2h,this newer building straddling an older one,1,images/9ewj2h.jpg
dgob3e,stun gun butterflies very very,0,images/dgob3e.jpg
c822pf,the seeds in this tomato started sprouting,1,images/c822pf.jpg
dhxv6k,extinction rebellions poster against fossil fuel consumption,0,images/dhxv6k.jpg
baj2lc,collection of non spherical bubbles in beer bottle,1,images/baj2lc.jpg
divpsa,thought this was sick,1,images/divpsa.jpg
1kwfjs,cheech,1,images/1kwfjs.jpg
5cel3e,fuselis the nightmare,1,images/5cel3e.jpg
cn6fah,a boat named boaty,1,images/cn6fah.jpg
9eidhc,nike rereleases ad with donald trump,0,images/9eidhc.jpg
30rike,yoga lady with giant manta,1,images/30rike.jpg
54kzps,news for good measure nasa just discovered earth in case they had forgotten to officially do that yet,0,images/54kzps.jpg
1p4k3v,french map of greater greece from the nationalists fallout after ww,0,images/1p4k3v.jpg
d4zldr,looks like a deformed halloween pumpkin,1,images/d4zldr.jpg
71s7bl,caerulean selftitled,0,images/71s7bl.jpg
3yztko,rnottheonion presents our best of award winners,1,images/3yztko.jpg
11qpcr,flatpack wardrobe goofy or cthulhu,0,images/11qpcr.jpg
1mutu6,please dont throw me away,0,images/1mutu6.jpg
1vieav,someone is watching people go to the bathroom o,0,images/1vieav.jpg
6kroa2,chart the end of world poverty is in sight,1,images/6kroa2.jpg
4b1vwy,peeled avocados on sale in supermarket prompt fury from customers,1,images/4b1vwy.jpg
93syik,jeff bezoss billion fortune is a policy failure,1,images/93syik.jpg
5u1d3r,ministers bicycle stolen during press conference on cycle roads,1,images/5u1d3r.jpg
9bjlfp,bullet screaming,0,images/9bjlfp.jpg
9c6vhi,the target near my home is giving away fruit to children,1,images/9c6vhi.jpg
2q2j20,piggyback polar bear,1,images/2q2j20.jpg
d0p3ln,flume takes the stage at burning man,0,images/d0p3ln.jpg
8kw9xh,water is getting into my canoe,0,images/8kw9xh.jpg
38gthn,hey can you hear me down there,0,images/38gthn.jpg
d21vp9,this fungal infection pattern on an oak leaf near dalton ga,1,images/d21vp9.jpg
337nac,herbert glacier alaska,1,images/337nac.jpg
buv7tn,a beautiful ice cave,0,images/buv7tn.jpg
6b2z0w,light fixture in boston public library,1,images/6b2z0w.jpg
byyxwk,his best quote,0,images/byyxwk.jpg
11tnv9,they took out his insides,0,images/11tnv9.jpg
7s5sf2,misterfizzter alternate take on it,0,images/7s5sf2.jpg
cso1o0,saw a danny devito devoted van on the highway vanny devito,1,images/cso1o0.jpg
4y7fjb,chase utley just hit his nd curtain call of the sunsfan fan man at ti,0,images/4y7fjb.jpg
cebqrz,the way my tires have even pressure,1,images/cebqrz.jpg
4je84u,a freshly baked cookie,1,images/4je84u.jpg
blyepz,i believe she is mad at her fate what a scowl,0,images/blyepz.jpg
dj6btp,doctors put his legs on wrong,0,images/dj6btp.jpg
4xuv7r,rio support as chinas fu yuanhui breaks period taboo,1,images/4xuv7r.jpg
5xcvjq,parents fearing deportation pick guardians for us children,1,images/5xcvjq.jpg
ajr31y,my university newspapers comic section,1,images/ajr31y.jpg
d83alq,these massive lemons my mum got off of out lemon tree i was convinced that the round ones are grapefruits,1,images/d83alq.jpg
9i118l,quite convenient,1,images/9i118l.jpg
31vabi,st paul man whose home burned down had trouble canceling cable service,1,images/31vabi.jpg
579bvf,wikileaks huffington post committed to make it clear to the photoshoot in this,0,images/579bvf.jpg
96i9as,german soldier crawling through no mans land first battle of the marne,0,images/96i9as.jpg
cg0gj4,how did he get up there,0,images/cg0gj4.jpg
cs39gq,photo of cedar point at night on the only ride that allows phones,1,images/cs39gq.jpg
d257yl,the great canyon or just lamb,0,images/d257yl.jpg
4ibw2e,scape goats prized animals flee parade into downtown covington,1,images/4ibw2e.jpg
1v6fur,japanese man arrested for covering school girls in mayonnaise,1,images/1v6fur.jpg
38rkc8,woman named wale jailed for loud sex,1,images/38rkc8.jpg
2a728m,valtteri bottas hopping out of a car,1,images/2a728m.jpg
2vse6y,study finds cat collar can save songbirds,1,images/2vse6y.jpg
2w027a,old norwegian baby,1,images/2w027a.jpg
cxjyf2,this jar jar binks photo frame also at the thrift store,1,images/cxjyf2.jpg
8tp4c0,why is she looking at me,0,images/8tp4c0.jpg
94e3e3,moviepass files for bankruptcy,0,images/94e3e3.jpg
1n5dzg,giant duck conquers taiwan,1,images/1n5dzg.jpg
5f9obl,guy fieri and shaq,1,images/5f9obl.jpg
3pz4xw,man takes to helicopter to track kids who allegedly tried to enter his northern territory home,1,images/3pz4xw.jpg
55hwwb,flat earth conspiracy theory says these things are the proof our planet is not a sphere,0,images/55hwwb.jpg
beurvk,does anyone else find this sign unsettling,1,images/beurvk.jpg
9dts6o,first look at the firefly new series revealed,0,images/9dts6o.jpg
bu7j1f,a mysterious certificate i received it with my note but i have no flat side,0,images/bu7j1f.jpg
8vx3v4,rhode island files historic lawsuit against big oil companies here we arethe smallest state the ocean statetaking on the biggest most powerful corporate polluters in the world,1,images/8vx3v4.jpg
bb66hs,this owl made out of seashells,1,images/bb66hs.jpg
5rwipf,the horrors of nazi germany circa,0,images/5rwipf.jpg
6w322j,big man with scissors,1,images/6w322j.jpg
ax5qke,two ballet dancers,1,images/ax5qke.jpg
3ggg0e,hobbits castle sintra portugal,1,images/3ggg0e.jpg
55qpe5,for journalists covering trump a murrow moment,1,images/55qpe5.jpg
5j7g7b,hmb while i do a flip in the head with a brick,0,images/5j7g7b.jpg
aszuw3,nice save,0,images/aszuw3.jpg
3jpqlm,oh no mr skeltal supports marriage equality spooky skeltal tatdoot mr skeltal thank,0,images/3jpqlm.jpg
5eqevk,the last known image of the challenger crew before their demise,0,images/5eqevk.jpg
1mmzt2,bbc presenter does live broadcast clutching stack of paper instead of ipad,1,images/1mmzt2.jpg
1rx67w,teenagers learning about internet safety,1,images/1rx67w.jpg
bef8k3,this dirt stain of edgar allen poe peaking out at work,0,images/bef8k3.jpg
ccwdiq,a d o l f,0,images/ccwdiq.jpg
6ar8rx,at la airports new private terminal the rich can watch normal people suffer,1,images/6ar8rx.jpg
7cbt7f,nation that says it cant afford medicare for all has spent trillion on war since,1,images/7cbt7f.jpg
cz61yg,when life imitates art,1,images/cz61yg.jpg
7n9arx,this castle i built in minecraft,0,images/7n9arx.jpg
8g93va,this sad blooming cactus with a killer do,0,images/8g93va.jpg
515uty,he did it again with only months left obama makes huge move to fix the world,0,images/515uty.jpg
1ogq8q,blue jays getting dirty,1,images/1ogq8q.jpg
29oorf,sad celestial eye goldfish,1,images/29oorf.jpg
1nbhg1,sorry for spilling the ramen this morning,0,images/1nbhg1.jpg
chkqoy,america declares war to italy,0,images/chkqoy.jpg
4mbtcm,two birds having a ruffleoff,1,images/4mbtcm.jpg
7tykik,destyler numb,0,images/7tykik.jpg
8cf1qa,ghana asks mosques to turn down the noise and use whatsapp for call to prayer,1,images/8cf1qa.jpg
8w2o4c,chopper pilot receives word from top branch to rain hell upon a nearby rebel village,0,images/8w2o4c.jpg
c7c20t,this pine cone that looks like a rose,1,images/c7c20t.jpg
7nwg31,why john lennon and george harrison wont ever be knighted,0,images/7nwg31.jpg
y60n1,saudi arabia plans new city for women only,1,images/y60n1.jpg
1k0cjx,how would you like to spend the rest of your life in a space as small as a bus seat humane society animal rights,0,images/1k0cjx.jpg
bjvw32,a pretzel cracker,1,images/bjvw32.jpg
8qbyz5,spacex successfully lands the worlds first reusable rocket,0,images/8qbyz5.jpg
ch1f5g,my cousin made a bird cage from an old tv,1,images/ch1f5g.jpg
b3sd4w,the states legalize weed us,0,images/b3sd4w.jpg
94t1uw,finnish soldiers during the winter war,0,images/94t1uw.jpg
4to6vz,this cat that cant handle the heat,1,images/4to6vz.jpg
2rse75,this somehow sadlooking vehicle right here,1,images/2rse75.jpg
1ob0y1,iran arrests network of homosexuals and satanists at birthday party,1,images/1ob0y1.jpg
cdmzi4,ok dude,0,images/cdmzi4.jpg
cqx3n2,this cereal expires on leap day,1,images/cqx3n2.jpg
6mok3n,drunk pirate was found lying on beach,1,images/6mok3n.jpg
9c90xi,hugging so hard they merged,0,images/9c90xi.jpg
cuofsm,the way this tree grew,1,images/cuofsm.jpg
bqasbm,dog and crab on the beach,1,images/bqasbm.jpg
ddvggk,the outline of a previous buildings stairs and floors on the side of the building that was next to it new orleans la,1,images/ddvggk.jpg
b2bkwh,my dryer rolled my bedsheets into this a little cozy ball,1,images/b2bkwh.jpg
6v3qnp,a couple of groundhogs on a porch,1,images/6v3qnp.jpg
9clbl5,this root pack that took on the shape of its planter,1,images/9clbl5.jpg
4dplv9,german football team fights racism with blackface photo,1,images/4dplv9.jpg
2nqrk3,kim jong un pointing at some cartoon design on computer screen,1,images/2nqrk3.jpg
5x4xnk,freya the fox in poland,1,images/5x4xnk.jpg
bp3wjl,this baby on one foot,1,images/bp3wjl.jpg
dgxiof,thanks for trying fake outlet warrior,1,images/dgxiof.jpg
bz7pti,this restaurant offers a meal for cheaper if you cant afford it or to pay it forward if you can,1,images/bz7pti.jpg
8fk3ek,michael cohen admits he has something to hide sort of the yew norker,0,images/8fk3ek.jpg
4jx4ay,portugal runs for four days straight on renewable energy alone,1,images/4jx4ay.jpg
3b3re2,the thrill of victory and the agony of defeat,1,images/3b3re2.jpg
382e0b,a woman feeding a giraffe x,1,images/382e0b.jpg
7j2hml,chris evans invites bullied keaton jones to avengers premiere,1,images/7j2hml.jpg
8a12wq,visit korea s,0,images/8a12wq.jpg
dh2sin,this cyclops spongepop,1,images/dh2sin.jpg
21o84p,the happiest cheerio ever until i ate it,0,images/21o84p.jpg
6gbuqb,klay thompsons jump pass,1,images/6gbuqb.jpg
2vsxhk,john oliver called oxymoron with little nuts by ecuadors president,1,images/2vsxhk.jpg
3791d2,pissed off black and white eagle,1,images/3791d2.jpg
8dhyf2,the happiest bowl,0,images/8dhyf2.jpg
8cwpna,my sister found it smashed way in the basement last night,0,images/8cwpna.jpg
88l82n,help question about pc performance,0,images/88l82n.jpg
4cunay,pope francis laying for prayer during the celebration of the lords passion in saint peters,1,images/4cunay.jpg
9gzymb,years vs weeks white fabric,1,images/9gzymb.jpg
d1ndao,the same pair of shoes after one year of use,1,images/d1ndao.jpg
6if5my,seinfeld reveals details about the women on his show,0,images/6if5my.jpg
cfyz05,haribo giving us an actual representation of how many sweets match up to the reference intake on the packets,1,images/cfyz05.jpg
bgpqvh,a mosquito hawk died on my bathroom sink and left these eggs when i picked it up,1,images/bgpqvh.jpg
1ah8d3,im going to murder you in your sleep and burn your house down,0,images/1ah8d3.jpg
5j9aqo,edmonton girl dying from brain cancer checks arctic adventure off bucket list,1,images/5j9aqo.jpg
5iu83n,the worst of humanity was put on display in the second world war,0,images/5iu83n.jpg
2zqa3x,littlest hobo battled depression sexual addiction,0,images/2zqa3x.jpg
80frbn,phantom thread producer points out all the times daniel daylewis fucks up at acting,0,images/80frbn.jpg
1e9vjw,i found it difficult to use the restroom at my friends house,0,images/1e9vjw.jpg
7s73k1,us government shutdown,0,images/7s73k1.jpg
dk2tme,the rain revealed the wear and tear that years of parked cars had on this parking space,1,images/dk2tme.jpg
ati569,man suffering widow maker heart attack says dog saved his life,1,images/ati569.jpg
15lyd6,british zombie plan reveals governments defense against the undead,1,images/15lyd6.jpg
b3p51h,my grandpa stepping out of the sun for the union in the s,0,images/b3p51h.jpg
6n94u0,pope tacks sign on his apartment door no whining,1,images/6n94u0.jpg
9dxy40,cat with bowl hat,1,images/9dxy40.jpg
bpkpz0,this mutant dandelion with a massive stem,1,images/bpkpz0.jpg
3zy1vk,eightyearold girl battling brain cancer reunited with missing puppy with video,1,images/3zy1vk.jpg
brhcig,baby monkey with its mommy,1,images/brhcig.jpg
4l6ptw,world leaders at the g summit,1,images/4l6ptw.jpg
764jgr,the invisibles divide by zero,0,images/764jgr.jpg
635vev,this rat wedged in a banana peel,1,images/635vev.jpg
dhdkn1,donald trump sleeping in a dogs ear,0,images/dhdkn1.jpg
3b13rr,iron urinal man,0,images/3b13rr.jpg
1f3g1h,i always thought the plates at olive garden looked depressed,0,images/1f3g1h.jpg
6fvy4k,anonymous million donation made to miamidade high schools in honor of king carter,1,images/6fvy4k.jpg
ba4a2p,uplifting messages on lockers start the day on a positive note at lewiston high school,1,images/ba4a2p.jpg
7x3j2f,goodbye romance found,0,images/7x3j2f.jpg
2pd792,technicians suit a up a u pilot x,1,images/2pd792.jpg
32bz21,cut strawberry looks like a sun baby,0,images/32bz21.jpg
33l6rw,womans brain tumor turns out to be evil twin complete with bone hair and teeth,1,images/33l6rw.jpg
1u1e5l,sex drugs and beards an afternoon in a pakistani porn cinema,1,images/1u1e5l.jpg
d8r0y3,mickey mouse flipping you off oc,0,images/d8r0y3.jpg
6bfe4y,researchers eye possible n korea link to cyberattacks pyongyang is out doing us and even russian hackers,1,images/6bfe4y.jpg
6v6juh,staring at the sun evil machines,0,images/6v6juh.jpg
dgx8yj,the only purple flower on this tree,1,images/dgx8yj.jpg
cnmopz,dropped my can of coke and now it has a bra,1,images/cnmopz.jpg
9ff6r1,a grey kitten taking a nap,1,images/9ff6r1.jpg
19pd9i,mike smith phoenix coyotes celebrates a win have fun,1,images/19pd9i.jpg
dadfn2,found slitherio and injustice arcade machines at the arcade,1,images/dadfn2.jpg
4z8vw3,why trump avoids talking about his daughter tiffany,0,images/4z8vw3.jpg
as9ypa,rumanias day united kingdom,0,images/as9ypa.jpg
8f4822,berkley jensen used up,0,images/8f4822.jpg
dahpd0,this nice looking sign,1,images/dahpd0.jpg
4blhoy,japanese biker finds box with six abandoned kittens inside on secluded mountain road rescues them,1,images/4blhoy.jpg
62o7xl,nj rabbi stole g from special needs tuition fund indictment claims,1,images/62o7xl.jpg
922miw,star uber driver was star uber driver back in his country,0,images/922miw.jpg
2pk4vc,global warming by leo linn,0,images/2pk4vc.jpg
83qocq,guys youre embarrassing me,0,images/83qocq.jpg
24k96a,sober driver arrested for owi when deputy crashes into her car,1,images/24k96a.jpg
7rkrwi,scientists discover a universal blood test for cancer,0,images/7rkrwi.jpg
5tib5p,a very pregnant goat,1,images/5tib5p.jpg
8o1gnf,an eel,1,images/8o1gnf.jpg
d1lfaz,the paint peeling off a pillar in our weight room looks likea demondevil head,0,images/d1lfaz.jpg
8lpwr2,set down my ice cream cone,0,images/8lpwr2.jpg
8o1a03,a dog in a pot,1,images/8o1a03.jpg
7g4e5x,german prorefugee mayor andreas hollstein stabbed bbc news,1,images/7g4e5x.jpg
88rcml,a weekend project for you all gopro attached to the travel ban well never get out of all episodes in game of thrones,0,images/88rcml.jpg
2xmb7e,highburton those of the th century,0,images/2xmb7e.jpg
1k1n0e,my friends shorts look like a fish,0,images/1k1n0e.jpg
38btjx,make that fire dragons,0,images/38btjx.jpg
7rqd7w,grey peacock,1,images/7rqd7w.jpg
5e16pq,disney had this animation secret watching it i never saw this coming,0,images/5e16pq.jpg
bpt13u,the inside of this tree rotted out and now has roots filling in the hole,1,images/bpt13u.jpg
8pm1q4,unknown dream,0,images/8pm1q4.jpg
15wtf3,most bad ass man in africa,1,images/15wtf3.jpg
armj5q,our brains trick us into trusting rich people heres how,0,images/armj5q.jpg
dbtnny,hacking voting systems is a piece of cake,1,images/dbtnny.jpg
9c5t22,nfl punts on tv sets its eyes on digital streaming,1,images/9c5t22.jpg
5pcozc,the fullertons inside job,0,images/5pcozc.jpg
1sq2fn,the bunny of war,1,images/1sq2fn.jpg
bbm57e,chinese parents want students to wear dystopian brainwavedetecting headbands,1,images/bbm57e.jpg
brajho,this padlock has a padlock,1,images/brajho.jpg
9gm5p6,this snail who has climbed up to my first storey window and spotted in different places during the past week or two,1,images/9gm5p6.jpg
7xfqd2,wh official tells washington post john kelly is a big fat liar,1,images/7xfqd2.jpg
8we74s,my dogs face on the moon,0,images/8we74s.jpg
ciz8va,this moth i saw in tucson az,1,images/ciz8va.jpg
9di58l,poured some pigmented resin into a large void in this walnut made a little serving board,1,images/9di58l.jpg
bygc97,iv been experimenting with what i needed to read this gif in his voice,0,images/bygc97.jpg
71r0vd,they have a fidget spinner made of meat at the meat shop,0,images/71r0vd.jpg
bcnc4k,kim foxx calls for independent probe of her offices handling of jussie smollett case,1,images/bcnc4k.jpg
39ry3f,marathons provide inspiration for one special athlete,1,images/39ry3f.jpg
1e6w8t,settlers tear gas fired on palestinians ruins the weekend,1,images/1e6w8t.jpg
c9aggj,a cigarette between these two pieces of paper,0,images/c9aggj.jpg
4gfk41,villa pesquera id do it all over again,0,images/4gfk41.jpg
21ds9c,i painted a helmet for a little boy with a severe skull fracture i hope he likes wearing it now he is only,1,images/21ds9c.jpg
c7my3j,car got your tongue,0,images/c7my3j.jpg
5gejmu,the ceo of ford just perfectly summarized the biggest problem for electric cars,0,images/5gejmu.jpg
2hr9et,st peters basilica renamed tiber creek community church,0,images/2hr9et.jpg
5y0ssw,nerf or nothin,1,images/5y0ssw.jpg
d1jef6,the no signal window looks like its popping out if isnt centered correctly,1,images/d1jef6.jpg
18axu5,my ink cartridge is very happy to be black,0,images/18axu5.jpg
3o5jpb,russians celebrating putins birthday,1,images/3o5jpb.jpg
69l4eq,rare picture of rachel dolezal at the beginning of her transformation circa,0,images/69l4eq.jpg
58a0fp,little lobster in italy,1,images/58a0fp.jpg
8a75ja,stop the murderers,0,images/8a75ja.jpg
6zaphd,the receded waters of tampa bay as irma approaches,0,images/6zaphd.jpg
4i7urw,friends family and strangers throw surprise wedding for fort mcmurray couple who lost their home to wildfire,1,images/4i7urw.jpg
6nfd8e,venus williams serving with intensity,1,images/6nfd8e.jpg
bzieq8,american soccer fan watches the uswntthailand womens world cup game,0,images/bzieq8.jpg
3l8hm7,well hello there,0,images/3l8hm7.jpg
y48wo,my roomie found this sweet blade on the side of the road any idea what kind of jaw that is,1,images/y48wo.jpg
cax4gp,yearold wwii vet will run across the us for a second time,1,images/cax4gp.jpg
6sltd9,north korea considering missile strike on us guam base,1,images/6sltd9.jpg
8u43a6,fortyfiftyfive balance persuit,0,images/8u43a6.jpg
bl0q1c,a girl with a red towel,1,images/bl0q1c.jpg
1tqgnz,baltimore jews spend christmas giving back for mitzvah day baltimoresuncom,1,images/1tqgnz.jpg
cgjumj,bad ass looking posterfrance probably ww or post ww,0,images/cgjumj.jpg
cmf8ub,my custommade shekere from my moms friend its an african instrument its a dried gourd with beads,1,images/cmf8ub.jpg
7smuma,dog bites man man bites dog man gets arrested,1,images/7smuma.jpg
7sszu2,mrw my boyfriend eats them before i even walk out but the top suggestion is my huge penis,0,images/7sszu2.jpg
9biyzz,the school shootings that werent,1,images/9biyzz.jpg
8q92ow,early settlers in california discover the hollywood sign c,0,images/8q92ow.jpg
9dimkl,this cloud with a right angle,1,images/9dimkl.jpg
3r78jk,riglos spain,1,images/3r78jk.jpg
9bsmtg,joseph stalin and adolf hitler discussing how to divide poland after invading it,0,images/9bsmtg.jpg
6ufiqd,daniel johnston presenting the first copy of his album hi how are you,0,images/6ufiqd.jpg
69cdok,antifa going to dc,0,images/69cdok.jpg
27boc8,year old boy receives a d printed prosthetic arm thanks to enable,1,images/27boc8.jpg
b47lay,working on an epoxylive edge table a sneaky spider hiding in the cracks got trapped between pours and wandered out into the gooey abyss,1,images/b47lay.jpg
357jdd,denied sex woman allegedly attacks boyfriend,1,images/357jdd.jpg
5h17ju,conservationists declare victory for wildlife as eu saves nature directives eu president abandons plan to overhaul flagship birds and habitats directives following a huge public campaign,1,images/5h17ju.jpg
bsh4vx,joe biden and bernie sanders reaching out to black voters,0,images/bsh4vx.jpg
13elzh,the danish queen enjoying a hotdog,1,images/13elzh.jpg
c2zw1z,jim jones following the mass suicide of the peoples temple,0,images/c2zw1z.jpg
daegoh,pillow at costco is mildly boobish,1,images/daegoh.jpg
1dmo2g,bbc news should children have best friends,1,images/1dmo2g.jpg
435q5y,artist to make pbj sandwiches in five days her art installation will run through the weekend and the sandwiches will be donated to the bowery mission daily,1,images/435q5y.jpg
70rzkz,dadfucker,0,images/70rzkz.jpg
6iy52x,arizona so hot weather map almost runs out of colors,1,images/6iy52x.jpg
574a03,giant whales found dead in germany you wont believe what killed them,0,images/574a03.jpg
77fe4j,its high noon poland,0,images/77fe4j.jpg
333jkq,dutch man cleans up entire bank of river and creates a beautiful transformation,1,images/333jkq.jpg
4x4pit,the name of lenin shines on our victories soviet poster celebrating the venera and venera missions to venus,0,images/4x4pit.jpg
9g53ds,this wide eyed deer,1,images/9g53ds.jpg
981rhh,this wall looks d,0,images/981rhh.jpg
1a5pbx,italian m goventosas s singlewheeled motorcycle rmachineporn,1,images/1a5pbx.jpg
awy5gz,these nearly l sized bananas,1,images/awy5gz.jpg
1cnlum,angelina jolie absorbing the sun,1,images/1cnlum.jpg
21w2wn,my beardeddragon,1,images/21w2wn.jpg
75bkbl,pyromaniac arrested for causing california wildfires,0,images/75bkbl.jpg
4yuq4o,we finally know how much money joey owed chandler at the end of friends,0,images/4yuq4o.jpg
745uh4,cops pulled over a man and found an arsenal of automatic weapons in his car,1,images/745uh4.jpg
cynwup,we are not alone httpsgooglmapsjzatqahdmau,0,images/cynwup.jpg
8aa542,menendez brothers murdered their parents in reunited for the first time since sentencing,1,images/8aa542.jpg
2f31me,court grants man divorce over wifes demand for excessive sex,1,images/2f31me.jpg
bnswqp,this websters pocket dictionary was published before alaska and hawaii were states,1,images/bnswqp.jpg
cb59qd,i found a bird nest on top of a refrigerator,1,images/cb59qd.jpg
8vfd5g,man with turtle,1,images/8vfd5g.jpg
6z4wdt,netanyahus son sparks outrage after posting antisemiticthemed meme,1,images/6z4wdt.jpg
2kbyi4,homeless man with a golden voice who hit the media spotlight three years ago still going strong no longer homeless alcoholfree,1,images/2kbyi4.jpg
1s0bn8,walmarts hottest black friday seller was a cent towel,1,images/1s0bn8.jpg
2iyqp0,wendy davis ad uses wheelchair to criticize paralyzed foe abbott,1,images/2iyqp0.jpg
5ycxqe,bars bid to bring in topless waitresses because it is in the public interest fails,1,images/5ycxqe.jpg
c6qrgq,my fiancee just put a lime in her wine after she saw me put one in my beer oc,1,images/c6qrgq.jpg
bhcpfv,north korea issued million bill for comatose otto warmbiers care,1,images/bhcpfv.jpg
4pwh1l,hmb while i smash a watermelon with a magnet,0,images/4pwh1l.jpg
aen740,i ordered my movies by running time and this happened,1,images/aen740.jpg
7zoxc3,request these dogs withstanding the wind,0,images/7zoxc3.jpg
dkr2jw,this pic i took looks like a painting,1,images/dkr2jw.jpg
57reor,toronto man wrote a valentines poem for wife in the star every year for years,1,images/57reor.jpg
57afdg,too early for this stuff,0,images/57afdg.jpg
97bvmj,green spider abdomen,0,images/97bvmj.jpg
deqplg,a morbidly obese person trying to fit in a shower,0,images/deqplg.jpg
3ir1nt,homer simpson in chile,1,images/3ir1nt.jpg
7abci4,biplane with smoke trail at an airshow,1,images/7abci4.jpg
8n95cs,found this guy on a chancellery near my school he was pretty surprised to see me,0,images/8n95cs.jpg
c7g32a,wait is this a microsoft screensaver,1,images/c7g32a.jpg
c7z3e3,this tomato after freezing and falling,1,images/c7z3e3.jpg
